#
# A fatal error has been detected by the Java Runtime Environment:
#
#  SIGSEGV (0xb) at pc=0x00007c1c5556ce50, pid=1718, tid=1790
#
# JRE version: OpenJDK Runtime Environment JBR-21.0.7+9-895.130-jcef (21.0.7+9) (build 21.0.7+9-b895.130)
# Java VM: OpenJDK 64-Bit Server VM JBR-21.0.7+9-895.130-jcef (21.0.7+9-b895.130, mixed mode, sharing, tiered, compressed oops, compressed class ptrs, g1 gc, linux-amd64)
# Problematic frame:
# J 18729 c2 java.util.concurrent.CompletableFuture.postComplete()V java.base@21.0.7 (94 bytes) @ 0x00007c1c5556ce50 [0x00007c1c5556cdc0+0x0000000000000090]
#
# Core dump will be written. Default location: Core dumps may be processed with "/usr/share/apport/apport -p%p -s%s -c%c -d%d -P%P -u%u -g%g -F%F -- %E" (or dumping to /media/addie/DECE-9D82/spartanexteriors/run/core.1718)
#
# If you would like to submit a bug report, please visit:
#   https://youtrack.jetbrains.com/issues/JBR
#

---------------  S U M M A R Y ------------

Command Line: -Ddebugger.agent.enable.coroutines=true -Dfabric.dli.config=/media/addie/DECE-9D82/spartanexteriors/.gradle/loom-cache/launch.cfg -Dfabric.dli.env=client -Dfabric.dli.main=net.fabricmc.loader.impl.launch.knot.KnotClient -Dkotlinx.coroutines.debug.enable.creation.stack.trace=false -Dkotlinx.coroutines.debug.enable.flows.stack.trace=true -Dkotlinx.coroutines.debug.enable.mutable.state.flows.stack.trace=true -agentlib:jdwp=transport=dt_socket,server=n,suspend=y,address=127.0.0.1:38841 -javaagent:/app/extra/idea-IC/plugins/java/lib/rt/debugger-agent.jar=file:///tmp/capture12161397997085416451.props -javaagent:/home/addie/.gradle/caches/modules-2/files-2.1/org.jetbrains.kotlinx/kotlinx-coroutines-core-jvm/1.8.0/ac1dc37a30a93150b704022f8d895ee1bd3a36b3/kotlinx-coroutines-core-jvm-1.8.0.jar -Dfile.encoding=UTF-8 -Duser.country=US -Duser.language=en -Duser.variant -ea -Dawt.toolkit.name=XToolkit net.fabricmc.devlaunchinjector.Main

Host: Intel(R) Core(TM) i5-4670K CPU @ 3.40GHz, 4 cores, 15G, Freedesktop SDK 24.08 (Flatpak runtime)
Time: Sat Jun 14 20:40:17 2025 BST elapsed time: 37.506847 seconds (0d 0h 0m 37s)

---------------  T H R E A D  ---------------

Current thread (0x00007c1b7f057d90):  JavaThread "Worker-Main-1" daemon [_thread_in_Java, id=1790, stack(0x00007c1b71616000,0x00007c1b71716000) (1024K)]

Stack: [0x00007c1b71616000,0x00007c1b71716000],  sp=0x00007c1b71714510,  free space=1017k
Native frames: (J=compiled Java code, j=interpreted, Vv=VM code, C=native code)
J 18729 c2 java.util.concurrent.CompletableFuture.postComplete()V java.base@21.0.7 (94 bytes) @ 0x00007c1c5556ce50 [0x00007c1c5556cdc0+0x0000000000000090]
J 20661 c2 java.util.concurrent.CompletableFuture$UniCompose.tryFire(I)Ljava/util/concurrent/CompletableFuture; java.base@21.0.7 (199 bytes) @ 0x00007c1c54c86f64 [0x00007c1c54c867c0+0x00000000000007a4]
J 19590 c1 java.util.concurrent.CompletableFuture$Completion.run()V java.base@21.0.7 (7 bytes) @ 0x00007c1c4e6b0ad4 [0x00007c1c4e6b09c0+0x0000000000000114]
J 20664 c2 net.minecraft.server.world.ChunkTaskPrioritySystem$$Lambda+0x00007c1bf1057898.run()V (12 bytes) @ 0x00007c1c54c79400 [0x00007c1c54c793a0+0x0000000000000060]
J 19670 c2 java.util.concurrent.ForkJoinTask$RunnableExecuteAction.compute()Ljava/lang/Object; java.base@21.0.7 (5 bytes) @ 0x00007c1c5563e060 [0x00007c1c5563df20+0x0000000000000140]
J 19818 c2 java.util.concurrent.ForkJoinTask$InterruptibleTask.exec()Z java.base@21.0.7 (84 bytes) @ 0x00007c1c5567dce0 [0x00007c1c5567dbe0+0x0000000000000100]
J 20607 c2 java.util.concurrent.ForkJoinPool.scan(Ljava/util/concurrent/ForkJoinPool$WorkQueue;JI)J java.base@21.0.7 (301 bytes) @ 0x00007c1c5545fb0c [0x00007c1c5545f500+0x000000000000060c]
j  java.util.concurrent.ForkJoinPool.runWorker(Ljava/util/concurrent/ForkJoinPool$WorkQueue;)V+62 java.base@21.0.7
j  java.util.concurrent.ForkJoinWorkerThread.run()V+31 java.base@21.0.7
v  ~StubRoutines::call_stub 0x00007c1c54337cc6
V  [libjvm.so+0x914605]  JavaCalls::call_helper(JavaValue*, methodHandle const&, JavaCallArguments*, JavaThread*)+0x2e5
V  [libjvm.so+0x915f4b]  JavaCalls::call_virtual(JavaValue*, Handle, Klass*, Symbol*, Symbol*, JavaThread*)+0x1cb
V  [libjvm.so+0x9e54fa]  thread_entry(JavaThread*, JavaThread*)+0x8a
V  [libjvm.so+0x92ae5f]  JavaThread::thread_main_inner() [clone .part.0]+0xaf
V  [libjvm.so+0xf77988]  Thread::call_run()+0xa8
V  [libjvm.so+0xd0571a]  thread_native_entry(Thread*)+0xda
C  [libc.so.6+0x98261]

siginfo: si_signo: 11 (SIGSEGV), si_code: 1 (SEGV_MAPERR), si_addr: 0x0000000199896914

Registers:
RAX=0x00000000e4a4e203, RBX=0x000000071b73bb58, RCX=0x00000000e520493a, RDX=0x0000000725271038
RSP=0x00007c1b71714510, RBP=0x000000071b735260, RSI=0x000000071b735260, RDI=0x00007c1c4bc109dd
R8 =0x00007c1c4bc109a9, R9 =0x00000000e36e7769, R10=0x00007c1c65f41000, R11=0x0000000000000740
R12=0x0000000000000000, R13=0x0000000033312d20, R14=0x000000072527104c, R15=0x00007c1b7f057d90
RIP=0x00007c1c5556ce50, EFLAGS=0x0000000000010202, CSGSFS=0x002b000000000033, ERR=0x0000000000000004
  TRAPNO=0x000000000000000e

XMM[0]=0xe51a0002e56db548 0xe56dcfafe56deaa8
XMM[1]=0x0000000000000000 0x00000000000007ff
XMM[2]=0x0000000000000000 0x00000000e2aeb47c
XMM[3]=0x0000000000000000 0x000000070f480d50
XMM[4]=0x00007c1b71714978 0x00007c0000000000
XMM[5]=0x00007c1c54337cc6 0x00007c1b71714a10
XMM[6]=0x0000000000000000 0x00007c1c54337b90
XMM[7]=0x00007c1b71714ac0 0x00007c0000000000
XMM[8]=0x0000000000000000 0x00000000ea8a2cc8
XMM[9]=0x0000000000000000 0x95e45ad7c384c624
XMM[10]=0x0000000000000000 0x000000002da06b4d
XMM[11]=0x0000000000000000 0x40adfd410432c365
XMM[12]=0x0000000000000000 0x00000000c384c624
XMM[13]=0x0000000000000000 0x000000075c305738
XMM[14]=0x0000000000000000 0x00000000eb860cb0
XMM[15]=0x0000000000000000 0x0000000000000000
  MXCSR=0x00001fa3


Register to memory mapping:

RAX=3836011011 is a compressed pointer to object: java.util.concurrent.CompletableFuture$CoCompletion 
{0x0000000725271018} - klass: 'java/util/concurrent/CompletableFuture$CoCompletion'
 - ---- fields (total size 4 words):
 - volatile 'status' 'I' @12  0 (0x00000000)
 - private volatile transient 'aux' 'Ljava/util/concurrent/ForkJoinTask$Aux;' @16  null (0x00000000)
 - volatile 'next' 'Ljava/util/concurrent/CompletableFuture$Completion;' @20  a 'java/util/concurrent/CompletableFuture$CoCompletion'{0x0000000725270ff8} (0xe4a4e1ff)
 - 'base' 'Ljava/util/concurrent/CompletableFuture$BiCompletion;' @24  a 'java/util/concurrent/CompletableFuture$BiApply'{0x0000000724f1ff60} (0xe49e3fec)
RBX=0x000000071b73bb58 is pointing into object: java.util.concurrent.CompletableFuture 
{0x000000071b73bb48} - klass: 'java/util/concurrent/CompletableFuture'
 - ---- fields (total size 3 words):
 - volatile 'result' 'Ljava/lang/Object;' @12  a 'com/mojang/datafixers/util/Either$Left'{0x0000000750198720} (0xea0330e4)
 - volatile 'stack' 'Ljava/util/concurrent/CompletableFuture$Completion;' @16  
[error occurred during error reporting (printing register info), id 0xb, SIGSEGV (0xb) at pc=0x00007c1c652ec0a5]
RCX=3844098362 is a compressed pointer to object: net.minecraft.world.chunk.WrapperProtoChunk 
{0x00000007290249d0} - klass: 'net/minecraft/world/chunk/WrapperProtoChunk'
 - ---- fields (total size 15 words):
 - public volatile 'needsSaving' 'Z' @12  false (0x00)
 - private volatile 'lightOn' 'Z' @13  false (0x00)
 - private 'inhabitedTime' 'J' @16  0 (0x0000000000000000)
 - public final 'postProcessingLists' '[Lit/unimi/dsi/fastutil/shorts/ShortList;' @24  a 'it/unimi/dsi/fastutil/shorts/ShortList'[24] {0x0000000729024a48} (0xe5204949)
 - public final 'pos' 'Lnet/minecraft/util/math/ChunkPos;' @28  a 'net/minecraft/util/math/ChunkPos'{0x00000007fd956bc8} (0xffb2ad79)
 - private 'generationSettings' 'Lnet/minecraft/world/biome/GenerationSettings;' @32  null (0x00000000)
 - public 'chunkNoiseSampler' 'Lnet/minecraft/world/gen/chunk/ChunkNoiseSampler;' @36  null (0x00000000)
 - public final 'upgradeData' 'Lnet/minecraft/world/chunk/UpgradeData;' @40  a 'net/minecraft/world/chunk/UpgradeData'{0x000000072b5001d8} (0xe56a003b)
 - public 'blendingData' 'Lnet/minecraft/world/gen/chunk/BlendingData;' @44  null (0x00000000)
 - public final 'heightmaps' 'Ljava/util/Map;' @48  a 'java/util/EnumMap'{0x0000000729024ab8} (0xe5204957)
 - public 'chunkSkyLight' 'Lnet/minecraft/world/chunk/light/ChunkSkyLight;' @52  a 'net/minecraft/world/chunk/light/ChunkSkyLight'{0x0000000729024b08} (0xe5204961)
 - private final 'structureStarts' 'Ljava/util/Map;' @56  a 'java/util/HashMap'{0x0000000729024cc0} (0xe5204998)
 - private final 'structureReferences' 'Ljava/util/Map;' @60  a 'java/util/HashMap'{0x0000000729024cf0} (0xe520499e)
 - public final 'blockEntityNbts' 'Ljava/util/Map;' @64  a 'java/util/HashMap'{0x0000000729024d20} (0xe52049a4)
 - public final 'blockEntities' 'Ljava/util/Map;' @68  a 'java/util/HashMap'{0x0000000729024d50} (0xe52049aa)
 - public final 'heightLimitView' 'Lnet/minecraft/world/HeightLimitView;' @72  a 'net/minecraft/server/world/ServerWorld'{0x000000071d61a7d0} (0xe3ac34fa)
 - public final 'sectionArray' '[Lnet/minecraft/world/chunk/ChunkSection;' @76  a 'net/minecraft/world/chunk/ChunkSection'[24] {0x0000000729024d80} (0xe52049b0)
 - private 'fabric_dataAttachments' 'Ljava/util/IdentityHashMap;' @80  null (0x00000000)
 - private volatile 'lightingProvider' 'Lnet/minecraft/world/chunk/light/LightingProvider;' @84  a 'net/minecraft/server/world/ServerLightingProvider'{0x000000071dcacf38} (0xe3b959e7)
 - private volatile 'status' 'Lnet/minecraft/world/chunk/ChunkStatus;' @88  a 'net/minecraft/world/chunk/ChunkStatus'{0x0000000714c3d2d0} (0xe2987a5a)
 - private final 'entities' 'Ljava/util/List;' @92  a 'java/util/ArrayList'{0x00000007290280f0} (0xe520501e)
 - private final 'carvingMasks' 'Ljava/util/Map;' @96  a 'it/unimi/dsi/fastutil/objects/Object2ObjectArrayMap'{0x0000000729028108} (0xe5205021)
 - private 'belowZeroRetrogen' 'Lnet/minecraft/world/chunk/BelowZeroRetrogen;' @100  null (0x00000000)
 - private final 'blockTickScheduler' 'Lnet/minecraft/world/tick/SimpleTickScheduler;' @104  a 'net/minecraft/world/tick/SimpleTickScheduler'{0x0000000729028130} (0xe5205026)
 - private final 'fluidTickScheduler' 'Lnet/minecraft/world/tick/SimpleTickScheduler;' @108  a 'net/minecraft/world/tick/SimpleTickScheduler'{0x0000000729028228} (0xe5205045)
 - private final 'propagateToWrapped' 'Z' @14  false (0x00)
 - private final 'wrapped' 'Lnet/minecraft/world/chunk/WorldChunk;' @112  a 'net/minecraft/world/chunk/WorldChunk'{0x0000000729028320} (0xe5205064)
RDX=0x0000000725271038 is an oop: [B 
{0x0000000725271038} - klass: {type array byte}
 - length: 9
RSP=0x00007c1b71714510 is pointing into the stack for thread: 0x00007c1b7f057d90
RBP=0x000000071b735260 is an oop: java.util.concurrent.CompletableFuture 
{0x000000071b735260} - klass: 'java/util/concurrent/CompletableFuture'
 - ---- fields (total size 3 words):
 - volatile 'result' 'Ljava/lang/Object;' @12  a 'com/mojang/datafixers/util/Either$Left'{0x00000007501957a0} (0xea032af4)
 - volatile 'stack' 'Ljava/util/concurrent/CompletableFuture$Completion;' @16  [B{0x0000000725271038} (0xe4a4e207)
RSI=0x000000071b735260 is an oop: java.util.concurrent.CompletableFuture 
{0x000000071b735260} - klass: 'java/util/concurrent/CompletableFuture'
 - ---- fields (total size 3 words):
 - volatile 'result' 'Ljava/lang/Object;' @12  a 'com/mojang/datafixers/util/Either$Left'{0x00000007501957a0} (0xea032af4)
 - volatile 'stack' 'Ljava/util/concurrent/CompletableFuture$Completion;' @16  [B{0x0000000725271038} (0xe4a4e207)
RDI=0x00007c1c4bc109dd points into unknown readable memory: 00 00 ff
R8 =0x00007c1c4bc109a9 points into unknown readable memory: 00 00 00 ff ff ff ff
R9 =3815667561 is a compressed pointer to object: java.util.concurrent.CompletableFuture 
{0x000000071b73bb48} - klass: 'java/util/concurrent/CompletableFuture'
 - ---- fields (total size 3 words):
 - volatile 'result' 'Ljava/lang/Object;' @12  a 'com/mojang/datafixers/util/Either$Left'{0x0000000750198720} (0xea0330e4)
 - volatile 'stack' 'Ljava/util/concurrent/CompletableFuture$Completion;' @16  
[error occurred during error reporting (printing register info, attempt 2), id 0xb, SIGSEGV (0xb) at pc=0x00007c1c652ec0a5]
R10=0x00007c1c65f41000 points into unknown readable memory: 0x0000000000000000 | 00 00 00 00 00 00 00 00
R11=0x0000000000000740 is an unknown value
R12=0x0 is null
R13=0x0000000033312d20 is an unknown value
R14=0x000000072527104c is pointing into object: [B 
{0x0000000725271038} - klass: {type array byte}
 - length: 9
R15=0x00007c1b7f057d90 is a thread

Top of Stack: (sp=0x00007c1b71714510)
0x00007c1b71714510:   000000071b735260 000000071b73bb58
0x00007c1b71714520:   0000000725271038 0000000199896900
0x00007c1b71714530:   000000071b73bb48 00000007501957a0
0x00007c1b71714540:   00000000ea032a35 00007c1c54cf552c
0x00007c1b71714550:   00000000ea032af4 00007c1c54c86f64
0x00007c1b71714560:   0000000762963598 00000007fa8d3260
0x00007c1b71714570:   ff51a654e35efc3b 00000007fa8d3248
0x00007c1b71714580:   00000007501957a0 0000000700000001
0x00007c1b71714590:   eb85c68c00000001 000000071b735260
0x00007c1b717145a0:   e36e6a4cff51a649 00000007fa8d32a0
0x00007c1b717145b0:   0000000000000000 e35efc3be35efc23
0x00007c1b717145c0:   eb85c689e2987a54 000000075c2e3460
0x00007c1b717145d0:   000000075c2e3448 000000075c2e3448
0x00007c1b717145e0:   0000000762963598 00000007501957b0
0x00007c1b717145f0:   0000000714c3d2a0 000000071d600b60
0x00007c1b71714600:   000000071ddb6910 00000007549547e0
0x00007c1b71714610:   0000000000000000 00000007153c5a80
0x00007c1b71714620:   00000007501952d0 0000000750195360
0x00007c1b71714630:   00000007ffe81448 0000000750195240
0x00007c1b71714640:   0000000750195740 00007c1c4d3ec3fc
0x00007c1b71714650:   0000000750194fd8 000000071dcad2f0
0x00007c1b71714660:   0000000750195128 e3b95aafe3b95abb
0x00007c1b71714670:   ea032a5ae3b95a5e 00007c1c48335000
0x00007c1b71714680:   00000007501952d0 00000007501952e8
0x00007c1b71714690:   0000000750195310 0000000750195240
0x00007c1b717146a0:   00000007501951d8 0000000750194a60
0x00007c1b717146b0:   00000000ea032a4d 00007c1c4e6b0ad4
0x00007c1b717146c0:   000000071dcae148 00000007501949b8
0x00007c1b717146d0:   00000000000004d4 00000007fa8d3260
0x00007c1b717146e0:   00000007078cc490 00000007501956f0
0x00007c1b717146f0:   00000000ea032a4d 00007c1c54c79400
0x00007c1b71714700:   0000000750195280 00007c1cff51a64c 

Instructions: (pc=0x00007c1c5556ce50)
0x00007c1c5556cd50:   ff ff ff ff ff ff ff ff 04 02 00 00 00 00 00 00
0x00007c1c5556cd60:   38 00 00 00 00 00 00 00 14 30 3f 50 2f 58 0a 78
0x00007c1c5556cd70:   bd 11 05 80 b0 80 3f 19 05 80 0f 50 46 80 1a 31
0x00007c1c5556cd80:   05 80 13 31 05 80 1d 80 1a 31 7e 7a 05 40 11 31
0x00007c1c5556cd90:   05 31 0a 00 01 7c cd fd 00 28 00 60 0a 31 05 31
0x00007c1c5556cda0:   0f 31 00 00 00 00 00 00 00 00 00 00 00 00 00 00
0x00007c1c5556cdb0:   00 00 00 00 00 00 00 00 00 00 00 00 00 00 00 00
0x00007c1c5556cdc0:   44 8b 56 08 49 bb 00 00 00 ef 1b 7c 00 00 4d 03
0x00007c1c5556cdd0:   d3 49 3b c2 0f 85 a6 82 e1 fe 66 90 0f 1f 40 00
0x00007c1c5556cde0:   89 84 24 00 c0 fe ff 55 48 83 ec 40 41 81 7f 20
0x00007c1c5556cdf0:   14 00 00 00 0f 85 dc 02 00 00 48 89 34 24 48 89
0x00007c1c5556ce00:   74 24 20 eb 15 48 89 6c 24 20 33 c0 4d 8b 97 50
0x00007c1c5556ce10:   04 00 00 41 85 02 48 89 2c 24 48 8b 5c 24 20 48
0x00007c1c5556ce20:   83 c3 10 44 8b 2b 45 85 ed 75 25 4c 8b 54 24 20
0x00007c1c5556ce30:   4c 8b 1c 24 4d 3b d3 0f 85 37 02 00 00 48 83 c4
0x00007c1c5556ce40:   40 5d 49 3b a7 48 04 00 00 0f 87 71 02 00 00 c3
0x00007c1c5556ce50:   47 8b 5c ec 14 44 89 5c 24 18 4f 8d 14 ec 4c 89
0x00007c1c5556ce60:   54 24 08 41 80 7f 40 00 0f 85 ef 00 00 00 41 8b
0x00007c1c5556ce70:   c5 44 8b 54 24 18 f0 44 0f b1 13 40 0f 94 c5 40
0x00007c1c5556ce80:   0f b6 ed 85 ed 74 3d 4c 8b d3 44 8b 44 24 18 4d
0x00007c1c5556ce90:   8b d8 49 c1 e3 03 4d 33 da 49 c1 eb 15 4d 85 db
0x00007c1c5556cea0:   74 22 45 8b d8 45 85 db 74 1a 49 c1 ea 09 48 bf
0x00007c1c5556ceb0:   00 50 33 48 1c 7c 00 00 49 03 fa 80 3f 02 0f 85
0x00007c1c5556cec0:   c1 00 00 00 85 ed 0f 84 8e 01 00 00 44 8b 5c 24
0x00007c1c5556ced0:   18 45 85 db 75 49 48 8b 2c 24 4c 8b 74 24 20 45
0x00007c1c5556cee0:   33 d2 4c 89 54 24 10 48 8b 74 24 08 ba ff ff ff
0x00007c1c5556cef0:   ff 4c 89 34 24 48 b8 ff ff ff ff ff ff ff ff e8
0x00007c1c5556cf00:   1c 82 f4 fe 0f 1f 84 00 f4 02 00 01 48 85 c0 0f
0x00007c1c5556cf10:   84 f0 fe ff ff 48 89 44 24 20 e9 ed fe ff ff 4f
0x00007c1c5556cf20:   8d 14 dc 4c 89 54 24 10 4c 8b 74 24 20 48 8b 2c
0x00007c1c5556cf30:   24 4c 3b f5 0f 85 99 00 00 00 41 80 7f 40 00 0f
0x00007c1c5556cf40:   85 cf 00 00 00 4d 33 d2 8b 44 24 18 f0 47 0f b1 


Stack slot to memory mapping:

stack at sp + 0 slots: 0x000000071b735260 is an oop: java.util.concurrent.CompletableFuture 
{0x000000071b735260} - klass: 'java/util/concurrent/CompletableFuture'
 - ---- fields (total size 3 words):
 - volatile 'result' 'Ljava/lang/Object;' @12  a 'com/mojang/datafixers/util/Either$Left'{0x00000007501957a0} (0xea032af4)
 - volatile 'stack' 'Ljava/util/concurrent/CompletableFuture$Completion;' @16  [B{0x0000000725271038} (0xe4a4e207)
stack at sp + 1 slots: 0x000000071b73bb58 is pointing into object: java.util.concurrent.CompletableFuture 
{0x000000071b73bb48} - klass: 'java/util/concurrent/CompletableFuture'
 - ---- fields (total size 3 words):
 - volatile 'result' 'Ljava/lang/Object;' @12  a 'com/mojang/datafixers/util/Either$Left'{0x0000000750198720} (0xea0330e4)
 - volatile 'stack' 'Ljava/util/concurrent/CompletableFuture$Completion;' @16  
[error occurred during error reporting (inspecting top of stack), id 0xb, SIGSEGV (0xb) at pc=0x00007c1c652ec0a5]
stack at sp + 2 slots: 0x0000000725271038 is an oop: [B 
{0x0000000725271038} - klass: {type array byte}
 - length: 9
stack at sp + 3 slots: 0x0000000199896900 is an unknown value
stack at sp + 4 slots: 0x000000071b73bb48 is an oop: java.util.concurrent.CompletableFuture 
{0x000000071b73bb48} - klass: 'java/util/concurrent/CompletableFuture'
 - ---- fields (total size 3 words):
 - volatile 'result' 'Ljava/lang/Object;' @12  a 'com/mojang/datafixers/util/Either$Left'{0x0000000750198720} (0xea0330e4)
 - volatile 'stack' 'Ljava/util/concurrent/CompletableFuture$Completion;' @16  
[error occurred during error reporting (inspecting top of stack, attempt 2), id 0xb, SIGSEGV (0xb) at pc=0x00007c1c652ec0a5]
stack at sp + 5 slots: 0x00000007501957a0 is an oop: com.mojang.datafixers.util.Either$Left 
{0x00000007501957a0} - klass: 'com/mojang/datafixers/util/Either$Left'
 - ---- fields (total size 2 words):
 - private final 'value' 'Ljava/lang/Object;' @12  a 'net/minecraft/world/chunk/ProtoChunk'{0x0000000762963598} (0xec52c6b3)
stack at sp + 6 slots: 3926075957 is a compressed pointer to object: java.util.stream.Nodes$FixedNodeBuilder 
{0x00000007501951a8} - klass: 'java/util/stream/Nodes$FixedNodeBuilder'
 - ---- fields (total size 3 words):
 - 'curSize' 'I' @12  1 (0x00000001)
 - final 'array' '[Ljava/lang/Object;' @16  a 'java/util/concurrent/CompletableFuture'[1] {0x00000007501951c0} (0xea032a38)
stack at sp + 7 slots: 0x00007c1c54cf552c is at entry_point+140 in (nmethod*)0x00007c1c54cf5310
Compiled method (c2) 37532 7698       4       java.util.stream.ReferencePipeline$3$1::accept (23 bytes)
 total in heap  [0x00007c1c54cf5310,0x00007c1c54cf5670] = 864
 relocation     [0x00007c1c54cf5468,0x00007c1c54cf5490] = 40
 main code      [0x00007c1c54cf54a0,0x00007c1c54cf5590] = 240
 stub code      [0x00007c1c54cf5590,0x00007c1c54cf55a8] = 24
 metadata       [0x00007c1c54cf55a8,0x00007c1c54cf55b0] = 8
 scopes data    [0x00007c1c54cf55b0,0x00007c1c54cf55d8] = 40
 scopes pcs     [0x00007c1c54cf55d8,0x00007c1c54cf5628] = 80
 dependencies   [0x00007c1c54cf5628,0x00007c1c54cf5630] = 8
 handler table  [0x00007c1c54cf5630,0x00007c1c54cf5660] = 48
 nul chk table  [0x00007c1c54cf5660,0x00007c1c54cf5670] = 16


Compiled method (c2) 37532 18729       4       java.util.concurrent.CompletableFuture::postComplete (94 bytes)
 total in heap  [0x00007c1c5556cc10,0x00007c1c5556d280] = 1648
 relocation     [0x00007c1c5556cd68,0x00007c1c5556cda8] = 64
 main code      [0x00007c1c5556cdc0,0x00007c1c5556d0e0] = 800
 stub code      [0x00007c1c5556d0e0,0x00007c1c5556d108] = 40
 metadata       [0x00007c1c5556d108,0x00007c1c5556d148] = 64
 scopes data    [0x00007c1c5556d148,0x00007c1c5556d1b8] = 112
 scopes pcs     [0x00007c1c5556d1b8,0x00007c1c5556d238] = 128
 dependencies   [0x00007c1c5556d238,0x00007c1c5556d250] = 24
 handler table  [0x00007c1c5556d250,0x00007c1c5556d280] = 48

[Constant Pool (empty)]

[MachCode]
[Entry Point]
  # {method} {0x00007c1be59aa0a0} 'postComplete' '()V' in 'java/util/concurrent/CompletableFuture'
  #           [sp+0x50]  (sp of caller)
  0x00007c1c5556cdc0: 448b 5608 | 49bb 0000 | 00ef 1b7c | 0000 4d03 | d349 3bc2 

  0x00007c1c5556cdd4: ;   {runtime_call ic_miss_stub}
  0x00007c1c5556cdd4: 0f85 a682 | e1fe 6690 | 0f1f 4000 
[Verified Entry Point]
  0x00007c1c5556cde0: 8984 2400 | c0fe ff55 | 4883 ec40 | 4181 7f20 | 1400 0000 | 0f85 dc02 | 0000 4889 | 3424 4889 
  0x00007c1c5556ce00: 7424 20eb | 1548 896c | 2420 33c0 | 4d8b 9750 

  0x00007c1c5556ce10: ; ImmutableOopMap {rax=Oop rbp=Oop [8]=Oop [16]=Oop [32]=Oop }
                      ;*goto {reexecute=1 rethrow=0 return_oop=0}
                      ; - (reexecute) java.util.concurrent.CompletableFuture::postComplete@90 (line 512)
                      ;   {poll}
  0x00007c1c5556ce10: 0400 0041 | 8502 4889 | 2c24 488b | 5c24 2048 | 83c3 1044 | 8b2b 4585 | ed75 254c | 8b54 2420 
  0x00007c1c5556ce30: 4c8b 1c24 | 4d3b d30f | 8537 0200 | 0048 83c4 

  0x00007c1c5556ce40: ;   {poll_return}
  0x00007c1c5556ce40: 405d 493b | a748 0400 | 000f 8771 | 0200 00c3 | 478b 5cec | 1444 895c | 2418 4f8d | 14ec 4c89 
  0x00007c1c5556ce60: 5424 0841 | 807f 4000 | 0f85 ef00 | 0000 418b | c544 8b54 | 2418 f044 | 0fb1 1340 | 0f94 c540 
  0x00007c1c5556ce80: 0fb6 ed85 | ed74 3d4c | 8bd3 448b | 4424 184d | 8bd8 49c1 | e303 4d33 | da49 c1eb | 154d 85db 
  0x00007c1c5556cea0: 7422 458b | d845 85db | 741a 49c1 | ea09 48bf | 0050 3348 | 1c7c 0000 | 4903 fa80 | 3f02 0f85 
  0x00007c1c5556cec0: c100 0000 | 85ed 0f84 | 8e01 0000 | 448b 5c24 | 1845 85db | 7549 488b | 2c24 4c8b | 7424 2045 
  0x00007c1c5556cee0: 33d2 4c89 | 5424 1048 | 8b74 2408 | baff ffff | ff4c 8934 | 2448 b8ff | ffff ffff 

  0x00007c1c5556cefc: ;   {virtual_call}
  0x00007c1c5556cefc: ffff ffe8 

  0x00007c1c5556cf00: ; ImmutableOopMap {rbp=Oop [0]=Oop [8]=Oop [16]=Oop }
                      ;*invokevirtual tryFire {reexecute=0 rethrow=0 return_oop=1}
                      ; - java.util.concurrent.CompletableFuture::postComplete@76 (line 510)
  0x00007c1c5556cf00: 1c82 f4fe 

  0x00007c1c5556cf04: ;   {other}
  0x00007c1c5556cf04: 0f1f 8400 | f402 0001 | 4885 c00f | 84f0 feff | ff48 8944 | 2420 e9ed | feff ff4f | 8d14 dc4c 
  0x00007c1c5556cf24: 8954 2410 | 4c8b 7424 | 2048 8b2c | 244c 3bf5 | 0f85 9900 | 0000 4180 | 7f40 000f | 85cf 0000 
  0x00007c1c5556cf44: 004d 33d2 | 8b44 2418 | f047 0fb1 | 54ec 1441 | 0f94 c245 | 0fb6 d2eb | 8a4d 8b57 | 284d 85d2 
  0x00007c1c5556cf64: 0f84 ce00 | 0000 4d8b | 5f38 4c8b | 4424 084f | 8944 13f8 | 4983 c2f8 | 4d89 5728 | e9e9 feff 
  0x00007c1c5556cf84: ff4d 8b57 | 484d 8b5f | 58f0 8344 | 24c0 0080 | 3f00 0f84 | 28ff ffff | 4488 274d | 85d2 751d 
  0x00007c1c5556cfa4: 498b f749 | ba60 21dc | 641c 7c00 | 0041 ffd2 

  0x00007c1c5556cfb4: ;   {other}
  0x00007c1c5556cfb4: 0f1f 8400 | 0000 0000 | e903 ffff | ff4b 897c | 13f8 4983 | c2f8 4d89 | 5748 e9f1 | feff ff4c 
  0x00007c1c5556cfd4: 8954 2418 | 48ff 7424 | 0848 8f44 | 2410 4889 | 5c24 0848 | 8b34 2448 | 8b54 2410 

  0x00007c1c5556cff0: ;   {optimized virtual_call}
  0x00007c1c5556cff0: 6666 90e8 

  0x00007c1c5556cff4: ; ImmutableOopMap {[0]=Oop [16]=Oop [24]=Oop [32]=Oop [8]=Derived_oop_[32] }
                      ;*invokevirtual pushStack {reexecute=0 rethrow=0 return_oop=0}
                      ; - java.util.concurrent.CompletableFuture::postComplete@57 (line 505)
  0x00007c1c5556cff4: c882 adff 

  0x00007c1c5556cff8: ;   {other}
  0x00007c1c5556cff8: 0f1f 8400 | e803 0002 | 4d8b 9750 

  0x00007c1c5556d004: ; ImmutableOopMap {[0]=Oop [16]=Oop [24]=Oop [32]=Oop [8]=Derived_oop_[32] }
                      ;*goto {reexecute=1 rethrow=0 return_oop=0}
                      ; - (reexecute) java.util.concurrent.CompletableFuture::postComplete@60 (line 506)
                      ;   {poll}
  0x00007c1c5556d004: 0400 0041 | 8502 488b | 5c24 08e9 | 0ffe ffff | 4d8b 5728 | 4d85 d274 | 6f4d 8b5f | 384c 8b44 
  0x00007c1c5556d024: 2410 4f89 | 4413 f849 | 83c2 f84d | 8957 28e9 | 0dff ffff | 488b 7c24 | 0849 8bf7 | 49ba 4021 
  0x00007c1c5556d044: dc64 1c7c | 0000 41ff 

  0x00007c1c5556d04c: ;   {other}
  0x00007c1c5556d04c: d20f 1f84 | 0000 0000 | 00e9 14fe | ffff be45 | ffff ff44 | 896c 2410 

  0x00007c1c5556d064: ;   {runtime_call UncommonTrapBlob}
  0x00007c1c5556d064: 6666 90e8 

  0x00007c1c5556d068: ; ImmutableOopMap {[0]=Oop [16]=NarrowOop [24]=NarrowOop [32]=Oop }
                      ;*ifeq {reexecute=1 rethrow=0 return_oop=0}
                      ; - (reexecute) java.util.concurrent.CompletableFuture::postComplete@42 (line 502)
  0x00007c1c5556d068: 94de e1fe 

  0x00007c1c5556d06c: ;   {other}
  0x00007c1c5556d06c: 0f1f 8400 | 5c04 0004 | be45 ffff | ff4c 895c 

  0x00007c1c5556d07c: ;   {runtime_call UncommonTrapBlob}
  0x00007c1c5556d07c: 2410 90e8 

  0x00007c1c5556d080: ; ImmutableOopMap {[16]=Oop [32]=Oop }
                      ;*if_acmpeq {reexecute=1 rethrow=0 return_oop=0}
                      ; - (reexecute) java.util.concurrent.CompletableFuture::postComplete@13 (line 499)
  0x00007c1c5556d080: 7cde e1fe 

  0x00007c1c5556d084: ;   {other}
  0x00007c1c5556d084: 0f1f 8400 | 7404 0005 | 488b 7c24 | 1049 8bf7 | 49ba 4021 | dc64 1c7c | 0000 41ff 

  0x00007c1c5556d0a0: ;   {other}
  0x00007c1c5556d0a0: d20f 1f84 | 0000 0000 | 00e9 97fe | ffff 488b | f0eb 0348 | 8bf0 4883 

  0x00007c1c5556d0b8: ;   {runtime_call _rethrow_Java}
  0x00007c1c5556d0b8: c440 5de9 | c0fa e5fe 

  0x00007c1c5556d0c0: ;   {internal_word}
  0x00007c1c5556d0c0: 49ba 42ce | 5655 1c7c | 0000 4d89 | 9760 0400 

  0x00007c1c5556d0d0: ;   {runtime_call SafepointBlob}
  0x00007c1c5556d0d0: 00e9 2aef 

  0x00007c1c5556d0d4: ;   {runtime_call StubRoutines (final stubs)}
  0x00007c1c5556d0d4: e1fe e8c5 | e3df fee9 | 1afd ffff 
[Stub Code]
  0x00007c1c5556d0e0: ;   {no_reloc}
  0x00007c1c5556d0e0: 48bb 5892 | 9ae5 1b7c 

  0x00007c1c5556d0e8: ;   {runtime_call I2C/C2I adapters}
  0x00007c1c5556d0e8: 0000 e9f8 

  0x00007c1c5556d0ec: ;   {runtime_call ExceptionBlob}
  0x00007c1c5556d0ec: d9e1 fee9 | 0c6a e5fe 
[Deopt Handler Code]
  0x00007c1c5556d0f4: e800 0000 | 0048 832c 

  0x00007c1c5556d0fc: ;   {runtime_call DeoptimizationBlob}
  0x00007c1c5556d0fc: 2405 e99d | e1e1 fef4 | f4f4 f4f4 
[/MachCode]


Compiled method (c2) 37535 20661   !   4       java.util.concurrent.CompletableFuture$UniCompose::tryFire (199 bytes)
 total in heap  [0x00007c1c54c86490,0x00007c1c54c8a538] = 16552
 relocation     [0x00007c1c54c865e8,0x00007c1c54c867c0] = 472
 main code      [0x00007c1c54c867c0,0x00007c1c54c88780] = 8128
 stub code      [0x00007c1c54c88780,0x00007c1c54c88820] = 160
 oops           [0x00007c1c54c88820,0x00007c1c54c88880] = 96
 metadata       [0x00007c1c54c88880,0x00007c1c54c88ad0] = 592
 scopes data    [0x00007c1c54c88ad0,0x00007c1c54c89f00] = 5168
 scopes pcs     [0x00007c1c54c89f00,0x00007c1c54c8a2b0] = 944
 dependencies   [0x00007c1c54c8a2b0,0x00007c1c54c8a348] = 152
 handler table  [0x00007c1c54c8a348,0x00007c1c54c8a4e0] = 408
 nul chk table  [0x00007c1c54c8a4e0,0x00007c1c54c8a538] = 88

[Constant Pool (empty)]

[MachCode]
[Entry Point]
  # {method} {0x00007c1b7894e698} 'tryFire' '(I)Ljava/util/concurrent/CompletableFuture;' in 'java/util/concurrent/CompletableFuture$UniCompose'
  # this:     rsi:rsi   = 'java/util/concurrent/CompletableFuture$UniCompose'
  # parm0:    rdx       = int
  #           [sp+0x160]  (sp of caller)
  0x00007c1c54c867c0: 448b 5608 | 49bb 0000 | 00ef 1b7c | 0000 4d03 | d349 3bc2 

  0x00007c1c54c867d4: ;   {runtime_call ic_miss_stub}
  0x00007c1c54c867d4: 0f85 a6e8 | 6fff 6690 | 0f1f 4000 
[Verified Entry Point]
  0x00007c1c54c867e0: 8984 2400 | c0fe ff55 | 4881 ec50 | 0100 0090 | 4181 7f20 | 1400 0000 | 0f85 741f | 0000 448b 
  0x00007c1c54c86800: ca4c 8bde | 448b 4620 | 4489 4424 | 4043 8b7c | c40c 458b | 54fc 0844 | 8b46 1c45 | 85c0 0f84 
  0x00007c1c54c86820: d00d 0000 | 448b 7624 

  0x00007c1c54c86828: ; implicit exception: dispatches to 0x00007c1c54c87fc4
  0x00007c1c54c86828: 438b 6cf4 | 084f 8d2c | c44b 8d74 | c40c 8b0e | 85c9 0f85 | a00b 0000 

  0x00007c1c54c86840: ;   {metadata('java/util/concurrent/CompletableFuture$AltResult')}
  0x00007c1c54c86840: 4181 fa58 | 4a27 010f | 8442 0a00 | 008b 4c24 | 4048 c1e1 | 0349 8d1c | fc4b 8d14 | f445 85c9 
  0x00007c1c54c86860: 0f8e ed04 

  0x00007c1c54c86864: ;   {metadata('net/minecraft/server/world/ThreadedAnvilChunkStorage$$Lambda+0x00007c1bf10469d8')}
  0x00007c1c54c86864: 0000 81fd | d869 0402 | 0f85 9a0b | 0000 4889 | 5c24 3848 | 894c 2418 | 4889 7424 | 084c 896c 
  0x00007c1c54c86884: 2428 4489 | 7424 1444 | 8944 2444 | 897c 2434 | 4489 4c24 | 304c 895c | 2420 448b | 5a0c 4489 
  0x00007c1c54c868a4: 5c24 5044 | 8b42 1c44 | 8944 2454 | 448b 5a14 | 4489 5c24 | 5844 8b42 | 1044 8944 | 245c 4889 
  0x00007c1c54c868c4: 5424 4844 | 8b42 1844 | 8944 2460 

  0x00007c1c54c868d0: ;   {metadata('com/mojang/datafixers/util/Either$Left')}
  0x00007c1c54c868d0: 4181 fa70 | cf30 010f | 850f 1400 | 004c 8bd3 | 4c89 5424 | 6844 8b54 | 2450 4585 | d20f 84ed 
  0x00007c1c54c868f0: 0900 004c | 8b54 2468 | 458b 520c | 4489 5424 | 6447 8b54 

  0x00007c1c54c86904: ;   {metadata('java/util/List')}
  0x00007c1c54c86904: d408 48b8 | 985a 06ef | 1b7c 0000 | 48be 0000 | 00ef 1b7c | 0000 4903 | f24c 8b56 | 204c 3bd0 
  0x00007c1c54c86924: 0f85 8b05 | 0000 448b | 5c24 644f | 8d14 dc4c | 8954 2470 | 498b ea44 

  0x00007c1c54c8693c: ;   {metadata('java/util/ArrayList')}
  0x00007c1c54c8693c: 8b5d 0841 | 81fb 5073 | 0d00 7429 

  0x00007c1c54c86948: ;   {metadata('java/util/ImmutableCollections$List12')}
  0x00007c1c54c86948: 4181 fbb8 | 8616 000f | 8580 1000 | 0044 8b5d 

  0x00007c1c54c86958: ;   {oop(a 'java/lang/Object'{0x00000007ffed2798})}
  0x00007c1c54c86958: 1041 81fb | f3a4 fdff | bb01 0000 | 0041 ba02 | 0000 0041 | 0f45 daeb | 0d44 8b5d | 1041 8bdb 
  0x00007c1c54c86978: c1eb 1f41 | 03db d1fb | 448b 5c24 | 644f 8d14 | dc4c 8954 | 2478 458b 

  0x00007c1c54c86990: ;   {metadata('java/util/ArrayList')}
  0x00007c1c54c86990: 5a08 4181 | fb50 730d 

  0x00007c1c54c86998: ;   {metadata('java/util/ImmutableCollections$List12')}
  0x00007c1c54c86998: 0074 1e41 | 81fb b886 | 1600 0f85 | ac10 0000 | 4d8b c285 | db0f 854c | 0600 0045 | 8b48 0ceb 
  0x00007c1c54c869b8: 354d 8bca | 418b 6910 | 85ed 0f8c | 600e 0000 | 3bdd 0f83 | 180d 0000 | 418b 4914 | 448b c345 
  0x00007c1c54c869d8: 8b5c cc0c | 453b c30f | 839f 0d00 | 004d 8d14 | cc47 8b4c | 8210 478b 

  0x00007c1c54c869f0: ;   {metadata('net/minecraft/world/chunk/Chunk')}
  0x00007c1c54c869f0: 54cc 0849 | bb88 187b | f01b 7c00 | 0049 b800 | 0000 ef1b | 7c00 004d | 03c2 4d8b | 5038 4d3b 
  0x00007c1c54c86a10: d30f 8521 | 0a00 004b | 8d2c cc44 

  0x00007c1c54c86a1c: ;   {metadata('net/minecraft/world/chunk/WrapperProtoChunk')}
  0x00007c1c54c86a1c: 8b55 0841 | 81fa d8ed | 0402 7423 

  0x00007c1c54c86a28: ;   {metadata('net/minecraft/world/chunk/ProtoChunk')}
  0x00007c1c54c86a28: 4181 fa80 | 0601 020f | 8557 1100 | 0044 8b55 | 5845 85d2 | 0f84 b610 | 0000 4d8b | da49 c1e3 
  0x00007c1c54c86a48: 03eb 1444 | 3b65 700f | 8403 0c00 

  0x00007c1c54c86a54: ;   {oop(a 'net/minecraft/world/chunk/ChunkStatus'{0x0000000714c3d490})}
  0x00007c1c54c86a54: 0049 bb90 | d4c3 1407 | 0000 0041 | 8b6b 0c4f | 8d14 cc4c | 8994 2480 | 0000 0044 | 8b54 2460 
  0x00007c1c54c86a74: ; implicit exception: dispatches to 0x00007c1c54c87e24
  0x00007c1c54c86a74: 478b 54d4 | 0c41 3bea | 0f8c 460a | 0000 498b | 87b8 0100 | 0044 8b5c | 2450 478b | 5cdc 3044 
  0x00007c1c54c86a94: 895c 2410 | 4c8b c049 | 83c0 1844 | 8b54 2450 | 478b 54d4 | 3444 8994 | 2488 0000 | 0044 8b5c 
  0x00007c1c54c86ab4: 2450 478b | 5cdc 7044 | 899c 248c | 0000 0044 | 8b54 2460 | 49c1 e203 | 4c89 9424 | 9000 0000 
  0x00007c1c54c86ad4: 448b 5c24 | 504f 8d14 | dc4c 8994 | 2498 0000 | 004d 3b87 | c801 0000 | 0f83 3507 | 0000 4d89 
  0x00007c1c54c86af4: 87b8 0100 | 0041 0f18 | 8000 0100 | 0048 c700 | 0100 0000 

  0x00007c1c54c86b08: ;   {metadata('net/minecraft/server/world/ThreadedAnvilChunkStorage$$Lambda+0x00007c1bf10712f0')}
  0x00007c1c54c86b08: c740 08f0 | 1207 0244 | 8960 0c4c | 8960 1044 | 8b5c 2450 | 4489 580c | 448b 5424 | 5844 8950 
  0x00007c1c54c86b28: 1044 8b5c | 2460 478b | 54dc 2044 | 8b44 2410 | 498b c848 | c1e1 0349 | 8bf2 48c1 | e603 448b 
  0x00007c1c54c86b48: 9c24 8800 | 0000 4d8b | cb49 c1e1 | 0344 8b94 | 248c 0000 | 004d 8bc2 | 49c1 e003 | 488b 9424 
  0x00007c1c54c86b68: 9000 0000 | 488b f84c | 8b94 2480 | 0000 004c | 8914 2448 | 8984 24e0 | 0000 008b | 6c24 5466 
  0x00007c1c54c86b88: 9048 b8c8 | 8881 f01b 

  0x00007c1c54c86b90: ;   {virtual_call}
  0x00007c1c54c86b90: 7c00 00e8 

  0x00007c1c54c86b94: ; ImmutableOopMap {rbp=NarrowOop [16]=NarrowOop [20]=NarrowOop [24]=Oop [32]=Oop [40]=Oop [8]=Derived_oop_[40] [52]=NarrowOop [56]=Oop [64]=NarrowOop [68]=NarrowOop [72]=Oop [80]=NarrowOop [84]=NarrowOop [88]=NarrowOop [92]=NarrowOop [96]=NarrowOop [100]=NarrowOop [104]=Oop [112]=Oop [120]=Oop [128]=Oop [136]=NarrowOop [140]=NarrowOop [144]=Oop [152]=Oop [224]=Oop }
                      ;*invokeinterface doWork {reexecute=0 rethrow=0 return_oop=1}
                      ; - net.minecraft.world.chunk.ChunkStatus::runLoadTask@12 (line 266)
                      ; - net.minecraft.server.world.ThreadedAnvilChunkStorage::method_17225@55 (line 682)
                      ; - net.minecraft.server.world.ThreadedAnvilChunkStorage$$Lambda/0x00007c1bf1070e30::apply@24
                      ; - com.mojang.datafixers.util.Either$Left::map@5 (line 38)
                      ; - net.minecraft.server.world.ThreadedAnvilChunkStorage::method_17224@20 (line 673)
                      ; - net.minecraft.server.world.ThreadedAnvilChunkStorage$$Lambda/0x00007c1bf10469d8::apply@24
                      ; - java.util.concurrent.CompletableFuture$UniCompose::tryFire@105 (line 1150)
  0x00007c1c54c86b94: 08b7 6fff 

  0x00007c1c54c86b98: ;   {other}
  0x00007c1c54c86b98: 0f1f 8400 | 0807 0000 | 4889 8424 | 8800 0000 | 448b 5424 | 5043 8b6c | d460 458b 

  0x00007c1c54c86bb4: ;   {metadata('net/minecraft/server/QueueingWorldGenerationProgressListener')}
  0x00007c1c54c86bb4: 54ec 0841 | 81fa 40d7 | ff01 0f85 | 9c09 0000 | 498b 97b8 | 0100 004c | 8bd2 4983 | c218 4d8d 
  0x00007c1c54c86bd4: 1cec 4c89 | 9c24 a000 | 0000 418b | 6b10 4d3b | 97c8 0100 | 000f 835a | 0600 004d | 8997 b801 
  0x00007c1c54c86bf4: 0000 410f | 1882 0001 | 0000 48c7 | 0201 0000 

  0x00007c1c54c86c04: ;   {metadata('net/minecraft/server/QueueingWorldGenerationProgressListener$$Lambda+0x00007c1bf10719e0')}
  0x00007c1c54c86c04: 00c7 4208 | e019 0702 | 4489 620c | 4c89 6210 | 448b 5c24 | 5c44 895a | 1044 8b54 | 2460 4489 
  0x00007c1c54c86c24: 5214 4c8b | 9424 a000 | 0000 4d8b | da49 c1eb | 0344 895a | 0c85 ed0f | 84db 0600 | 0049 8d34 
  0x00007c1c54c86c44: ec44 8b5c | 245c 4489 | 5c24 108b 

  0x00007c1c54c86c50: ;   {optimized virtual_call}
  0x00007c1c54c86c50: 6c24 54e8 

  0x00007c1c54c86c54: ; ImmutableOopMap {rbp=NarrowOop [16]=NarrowOop [20]=NarrowOop [24]=Oop [32]=Oop [40]=Oop [8]=Derived_oop_[40] [52]=NarrowOop [56]=Oop [64]=NarrowOop [68]=NarrowOop [72]=Oop [80]=NarrowOop [84]=NarrowOop [88]=NarrowOop [92]=NarrowOop [96]=NarrowOop [100]=NarrowOop [104]=Oop [112]=Oop [120]=Oop [128]=Oop [136]=Oop [144]=Oop [152]=Oop [160]=Oop }
                      ;*invokevirtual send {reexecute=0 rethrow=0 return_oop=0}
                      ; - net.minecraft.server.QueueingWorldGenerationProgressListener::setChunkStatus@12 (line 32)
                      ; - net.minecraft.server.world.ThreadedAnvilChunkStorage::method_17225@102 (line 686)
                      ; - net.minecraft.server.world.ThreadedAnvilChunkStorage$$Lambda/0x00007c1bf1070e30::apply@24
                      ; - com.mojang.datafixers.util.Either$Left::map@5 (line 38)
                      ; - net.minecraft.server.world.ThreadedAnvilChunkStorage::method_17224@20 (line 673)
                      ; - net.minecraft.server.world.ThreadedAnvilChunkStorage$$Lambda/0x00007c1bf10469d8::apply@24
                      ; - java.util.concurrent.CompletableFuture$UniCompose::tryFire@105 (line 1150)
  0x00007c1c54c86c54: 4816 1600 

  0x00007c1c54c86c58: ;   {other}
  0x00007c1c54c86c58: 0f1f 8400 | c807 0001 | 4c8b 9c24 | 8800 0000 

  0x00007c1c54c86c68: ; implicit exception: dispatches to 0x00007c1c54c87f60
  0x00007c1c54c86c68: 458b 530c | 4585 d20f | 84aa 0100 | 0047 8b44 

  0x00007c1c54c86c78: ;   {metadata('java/util/concurrent/CompletableFuture$AltResult')}
  0x00007c1c54c86c78: d408 4181 | f858 4a27 | 010f 8491 | 0900 004f | 8d1c d448 | 33c0 4c8b | 4424 08f0 | 450f b110 
  0x00007c1c54c86c98: 410f 94c2 | 450f b6d2 | 4585 d274 | 2a4d 8bd3 | 4d33 d049 | c1ea 154d | 85d2 741b | 49c1 e809 
  0x00007c1c54c86cb8: 49b9 0050 | 3348 1c7c | 0000 4d03 | c841 8039 | 020f 85dd | 0400 0045 | 33d2 4c89 | 5424 5041 
  0x00007c1c54c86cd8: 807f 4000 | 0f85 2004 | 0000 4c8b | 4424 2041 | 807f 4000 | 0f85 4c04 | 0000 4180 | 7f40 000f 
  0x00007c1c54c86cf8: 8578 0400 | 0045 8960 | 2445 8960 | 1c8b 5c24 | 4045 8b4c | dc10 4589 | 6020 8b4c | 2444 498d 
  0x00007c1c54c86d18: 34cc 4585 | c90f 854e | 0200 0044 | 8b54 2430 | 418b 6ccc | 0c85 ed0f | 8497 0d00 | 0045 3b64 
  0x00007c1c54c86d38: cc10 0f84 | c400 0000 | 4585 d20f | 8dff 0100 | 0048 8974 | 2450 e9b1 | 0000 0041 | 8b73 0c41 
  0x00007c1c54c86d58: 8b6b 1844 | 0fbf d645 | 85d2 0f85 | 9c04 0000 | 4533 d24c | 8954 2450 | 448b d641 | 81e2 0000 
  0x00007c1c54c86d78: ;   {no_reloc}
  0x00007c1c54c86d78: ffff 4183 | ca01 8bc6 | f045 0fb1 | 530c 410f | 94c2 450f | b6d2 498b | 8750 0400 

  0x00007c1c54c86d94: ; ImmutableOopMap {r11=Oop r8=NarrowOop rcx=Oop rbx=Oop rdi=NarrowOop rdx=Oop rbp=NarrowOop r13=Oop r14=NarrowOop [64]=NarrowOop }
                      ;*ifeq {reexecute=1 rethrow=0 return_oop=0}
                      ; - (reexecute) java.util.concurrent.ForkJoinTask::compareAndSetForkJoinTaskTag@29 (line 1392)
                      ; - java.util.concurrent.CompletableFuture$UniCompletion::claim@8 (line 568)
                      ; - java.util.concurrent.CompletableFuture$UniCompose::tryFire@89 (line 1147)
                      ;   {poll}
  0x00007c1c54c86d94: 0085 0045 | 85d2 0f84 | 7104 0000 | 85ed 0f84 | 1005 0000 | 4180 7f40 | 000f 85f9 | 0200 0044 
  0x00007c1c54c86db4: 894c 2430 | 4489 4424 | 4444 8974 | 2414 4c89 | 6c24 2848 | 894c 2418 | 4889 5c24 | 3848 8954 
  0x00007c1c54c86dd4: 2408 4589 | 6318 4c89 | 5c24 2049 | 8d34 ec89 | 6c24 1049 | 8bd3 498b | eb48 b898 | 6704 f11b 
  0x00007c1c54c86df4: ;   {virtual_call}
  0x00007c1c54c86df4: 7c00 00e8 

  0x00007c1c54c86df8: ; ImmutableOopMap {rbp=Oop [8]=Oop [16]=NarrowOop [20]=NarrowOop [24]=Oop [32]=Oop [40]=Oop [56]=Oop [64]=NarrowOop [68]=NarrowOop }
                      ;*invokeinterface execute {reexecute=0 rethrow=0 return_oop=0}
                      ; - java.util.concurrent.CompletableFuture$UniCompletion::claim@27 (line 572)
                      ; - java.util.concurrent.CompletableFuture$UniCompose::tryFire@89 (line 1147)
  0x00007c1c54c86df8: 641b daf8 

  0x00007c1c54c86dfc: ;   {other}
  0x00007c1c54c86dfc: 0f1f 8400 | 6c09 0003 | 488b 4424 | 5048 81c4 | 5001 0000 

  0x00007c1c54c86e10: ;   {poll_return}
  0x00007c1c54c86e10: 5d49 3ba7 | 4804 0000 | 0f87 3e19 | 0000 c349 | 8b97 b801 | 0000 4c8b | d249 83c2 | 284d 3b97 
  0x00007c1c54c86e30: c801 0000 | 0f83 2e04 | 0000 4d89 | 97b8 0100 | 0041 0f18 | 8200 0100 | 0048 c702 | 0100 0000 
  0x00007c1c54c86e50: ;   {metadata('java/util/concurrent/CompletableFuture$UniRelay')}
  0x00007c1c54c86e50: c742 08f8 | 5ba7 0144 | 8962 0c4c | 8962 1044 | 8962 1844 | 8962 2444 | 8b44 2444 | 4489 421c 
  0x00007c1c54c86e70: 4d8b c349 | c1e8 034c | 895c 2438 | 4489 4220 | 498b f348 | 8b6c 2420 

  0x00007c1c54c86e88: ;   {optimized virtual_call}
  0x00007c1c54c86e88: 6666 90e8 

  0x00007c1c54c86e8c: ; ImmutableOopMap {rbp=Oop [20]=NarrowOop [24]=Oop [32]=Oop [40]=Oop [8]=Derived_oop_[40] [56]=Oop [64]=NarrowOop [68]=NarrowOop [72]=Oop [104]=Oop }
                      ;*invokevirtual unipush {reexecute=0 rethrow=0 return_oop=0}
                      ; - java.util.concurrent.CompletableFuture$UniCompose::tryFire@153 (line 1154)
  0x00007c1c54c86e8c: 9059 9ff9 

  0x00007c1c54c86e90: ;   {other}
  0x00007c1c54c86e90: 0f1f 8400 | 000a 0004 | 4c8b 5424 | 0841 8b2a | 85ed 0f85 | 740d 0000 | 4533 d24c | 8954 2450 
  0x00007c1c54c86eb0: e94f ffff | ff48 8b7e | 288b 0f48 | 83c7 0848 | 85c0 f248 | af0f 8504 | 0000 0048 | 8946 200f 
  0x00007c1c54c86ed0: 8455 faff | ffbe deff | ffff 488b | 6c24 2044 | 894c 2408 | 448b 5c24 | 4444 895c | 240c 448b 
  0x00007c1c54c86ef0: 5424 4044 | 8954 2410 | 448b 5c24 | 3444 895c | 2420 4889 | 5424 284c | 8b54 2468 | 4c89 5424 
  0x00007c1c54c86f10: 3044 8b5c | 2450 4489 | 5c24 2444 | 8b54 245c | 4489 5424 | 3844 8b5c | 2458 4489 | 5c24 3c44 
  0x00007c1c54c86f30: 8b5c 2454 | 4489 5c24 

  0x00007c1c54c86f38: ;   {runtime_call UncommonTrapBlob}
  0x00007c1c54c86f38: 4466 90e8 

  0x00007c1c54c86f3c: ; ImmutableOopMap {rbp=Oop [12]=NarrowOop [16]=NarrowOop [32]=NarrowOop [36]=NarrowOop [40]=Oop [48]=Oop [56]=NarrowOop [60]=NarrowOop [68]=NarrowOop [96]=NarrowOop [100]=NarrowOop }
                      ;*checkcast {reexecute=0 rethrow=0 return_oop=0}
                      ; - net.minecraft.server.world.ThreadedAnvilChunkStorage$$Lambda/0x00007c1bf1070e30::apply@21
                      ; - com.mojang.datafixers.util.Either$Left::map@5 (line 38)
                      ; - net.minecraft.server.world.ThreadedAnvilChunkStorage::method_17224@20 (line 673)
                      ; - net.minecraft.server.world.ThreadedAnvilChunkStorage$$Lambda/0x00007c1bf10469d8::apply@24
                      ; - java.util.concurrent.CompletableFuture$UniCompose::tryFire@105 (line 1150)
  0x00007c1c54c86f3c: c03f 70ff 

  0x00007c1c54c86f40: ;   {other}
  0x00007c1c54c86f40: 0f1f 8400 | b00a 0005 | 4c89 4424 | 084c 895c | 2420 4489 | 5424 2848 | 8974 2438 

  0x00007c1c54c86f5c: ;   {optimized virtual_call}
  0x00007c1c54c86f5c: 6666 90e8 

  0x00007c1c54c86f60: ; ImmutableOopMap {[8]=Oop [20]=NarrowOop [24]=Oop [32]=Oop [56]=Oop }
                      ;*invokevirtual postComplete {reexecute=0 rethrow=0 return_oop=0}
                      ; - java.util.concurrent.CompletableFuture::postFire@64 (line 614)
                      ; - java.util.concurrent.CompletableFuture$UniCompose::tryFire@195 (line 1163)
  0x00007c1c54c86f60: 7c5e 8e00 

  0x00007c1c54c86f64: ;   {other}
  0x00007c1c54c86f64: 0f1f 8400 | d40a 0006 | e993 feff | ff41 8b6c | dc0c 85ed | 0f84 c60c | 0000 448b | 5424 3045 
  0x00007c1c54c86f84: 85d2 0f8c | 9cfd ffff | 4889 7424 | 3848 ff74 | 2450 488f | 4424 304c | 895c 2428 | 4889 4424 
  0x00007c1c54c86fa4: f88b 4424 | 4489 4424 | 2448 8b44 | 24f8 895c | 2420 4489 | 5424 104c | 8944 2408 | 488b 7424 
  0x00007c1c54c86fc4: ;   {optimized virtual_call}
  0x00007c1c54c86fc4: 1866 90e8 

  0x00007c1c54c86fc8: ; ImmutableOopMap {rbp=NarrowOop [8]=Oop [20]=NarrowOop [24]=Oop [32]=NarrowOop [36]=NarrowOop [40]=Oop [56]=Oop }
                      ;*invokevirtual postComplete {reexecute=0 rethrow=0 return_oop=0}
                      ; - java.util.concurrent.CompletableFuture::postFire@40 (line 608)
                      ; - java.util.concurrent.CompletableFuture$UniCompose::tryFire@195 (line 1163)
  0x00007c1c54c86fc8: b4e3 6fff 

  0x00007c1c54c86fcc: ;   {other}
  0x00007c1c54c86fcc: 0f1f 8400 | 3c0b 0007 | 4c8b 4424 | 0844 8b54 | 2410 8b5c | 2420 8b4c | 2424 4c8b | 5c24 2848 
  0x00007c1c54c86fec: ff74 2430 | 488f 4424 | 5048 8b74 | 2438 e929 | fdff ff83 | fb01 0f85 | 5c0c 0000 | 458b 5010 
  0x00007c1c54c8700c: ;   {oop(a 'java/lang/Object'{0x00000007ffed2798})}
  0x00007c1c54c8700c: 458b ca41 | 81fa f3a4 | fdff 0f85 | d2f9 ffff | be45 ffff | ff48 8b6c | 2420 448b | 5424 3044 
  0x00007c1c54c8702c: 8954 2408 | 448b 5c24 | 4444 895c | 240c 448b | 5424 4044 | 8954 2410 | 448b 5c24 | 3444 895c 
  0x00007c1c54c8704c: 2420 4889 | 5424 284c | 8b54 2468 | 4c89 5424 | 3044 8b5c | 2450 4489 | 5c24 2444 | 8b54 245c 
  0x00007c1c54c8706c: 4489 5424 | 3844 8b5c | 2458 4489 | 5c24 3c44 | 8b5c 2460 | 4489 5c24 | 4044 8b54 | 2454 4489 
  0x00007c1c54c8708c: 5424 444c | 8944 2478 | 4489 8c24 | 8000 0000 

  0x00007c1c54c8709c: ;   {runtime_call UncommonTrapBlob}
  0x00007c1c54c8709c: 6666 90e8 

  0x00007c1c54c870a0: ; ImmutableOopMap {rbp=Oop [12]=NarrowOop [16]=NarrowOop [32]=NarrowOop [36]=NarrowOop [40]=Oop [48]=Oop [56]=NarrowOop [60]=NarrowOop [64]=NarrowOop [68]=NarrowOop [100]=NarrowOop [120]=Oop [128]=NarrowOop }
                      ;*if_acmpeq {reexecute=1 rethrow=0 return_oop=0}
                      ; - (reexecute) java.util.ImmutableCollections$List12::get@21 (line 589)
                      ; - net.minecraft.server.world.ThreadedAnvilChunkStorage::method_17225@11 (line 679)
                      ; - net.minecraft.server.world.ThreadedAnvilChunkStorage$$Lambda/0x00007c1bf1070e30::apply@24
                      ; - com.mojang.datafixers.util.Either$Left::map@5 (line 38)
                      ; - net.minecraft.server.world.ThreadedAnvilChunkStorage::method_17224@20 (line 673)
                      ; - net.minecraft.server.world.ThreadedAnvilChunkStorage$$Lambda/0x00007c1bf10469d8::apply@24
                      ; - java.util.concurrent.CompletableFuture$UniCompose::tryFire@105 (line 1150)
  0x00007c1c54c870a0: 5c3e 70ff 

  0x00007c1c54c870a4: ;   {other}
  0x00007c1c54c870a4: 0f1f 8400 | 140c 0008 | 458b 5318 | 4585 d274 | 2549 8b77 | 2849 8bfa | 48c1 e703 | 4885 f60f 
  0x00007c1c54c870c4: 84fb 0700 | 004d 8b57 | 3849 897c | 32f8 4883 | c6f8 4989 | 7728 4489 | 4c24 3044 | 8944 2444 
  0x00007c1c54c870e4: 4489 7424 | 144c 896c | 2428 4889 | 4c24 1848 | 895c 2438 | 4889 5424 | 08e9 d4fc | ffff 4c8b 
  0x00007c1c54c87104: 4424 2045 | 8b50 2045 | 85d2 0f84 | d3fb ffff | 4d8b 4f28 | 498b fa48 | c1e7 034d | 85c9 0f84 
  0x00007c1c54c87124: 1508 0000 | 4d8b 5738 | 4b89 7c0a | f849 83c1 | f84d 894f | 28e9 a9fb | ffff 458b | 501c 4585 
  0x00007c1c54c87144: d20f 84a7 | fbff ff4d | 8b4f 2849 | 8bfa 48c1 | e703 4d85 | c90f 8410 | 0800 004d | 8b57 384b 
  0x00007c1c54c87164: 897c 0af8 | 4983 c1f8 | 4d89 4f28 | e97d fbff | ff45 8b50 | 2445 85d2 | 0f84 7bfb | ffff 4d8b 
  0x00007c1c54c87184: 4f28 498b | fa48 c1e7 | 034d 85c9 | 0f84 0c08 | 0000 4d8b | 5738 4b89 | 7c0a f849 

  0x00007c1c54c871a0: ;   {no_reloc}
  0x00007c1c54c871a0: 83c1 f84d | 894f 28e9 | 51fb ffff | 4d8b 5748 | 4d8b 4758 | f083 4424 | c000 4180 | 3900 0f84 
  0x00007c1c54c871c0: 0bfb ffff | 4588 214d | 85d2 7526 | 498b db49 | 8bf9 498b | f749 ba60 | 21dc 641c | 7c00 0041 
  0x00007c1c54c871e0: ;   {other}
  0x00007c1c54c871e0: ffd2 0f1f | 8400 0000 | 0000 4c8b | dbe9 ddfa | ffff 4f89 | 4c10 f849 | 83c2 f84d | 8957 48e9 
  0x00007c1c54c87200: cbfa ffff | 4533 d24c | 8954 2450 | e9f3 fbff | ff41 8b73 | 0c44 0fbf | d645 85d2 | 0f84 4efb 
  0x00007c1c54c87220: ffff e9dd 

  0x00007c1c54c87224: ;   {metadata('net/minecraft/server/world/ThreadedAnvilChunkStorage$$Lambda+0x00007c1bf10712f0')}
  0x00007c1c54c87224: fbff ff48 | bef0 1207 | f11b 7c00 | 0048 8b6c 

  0x00007c1c54c87234: ;   {runtime_call _new_instance_Java}
  0x00007c1c54c87234: 2420 90e8 

  0x00007c1c54c87238: ; ImmutableOopMap {rbp=Oop [16]=NarrowOop [20]=NarrowOop [24]=Oop [32]=Oop [40]=Oop [8]=Derived_oop_[40] [52]=NarrowOop [56]=Oop [64]=NarrowOop [68]=NarrowOop [72]=Oop [80]=NarrowOop [84]=NarrowOop [88]=NarrowOop [92]=NarrowOop [96]=NarrowOop [100]=NarrowOop [104]=Oop [112]=Oop [120]=Oop [128]=Oop [136]=NarrowOop [140]=NarrowOop [144]=Oop [152]=Oop }
                      ;*invokevirtual allocateInstance {reexecute=0 rethrow=0 return_oop=1}
                      ; - java.lang.invoke.DirectMethodHandle::allocateInstance@12 (line 501)
                      ; - java.lang.invoke.DirectMethodHandle$Holder::newInvokeSpecial@1
                      ; - java.lang.invoke.Invokers$Holder::linkToTargetMethod@6
                      ; - net.minecraft.server.world.ThreadedAnvilChunkStorage::method_17225@48 (line 682)
                      ; - net.minecraft.server.world.ThreadedAnvilChunkStorage$$Lambda/0x00007c1bf1070e30::apply@24
                      ; - com.mojang.datafixers.util.Either$Left::map@5 (line 38)
                      ; - net.minecraft.server.world.ThreadedAnvilChunkStorage::method_17224@20 (line 673)
                      ; - net.minecraft.server.world.ThreadedAnvilChunkStorage$$Lambda/0x00007c1bf10469d8::apply@24
                      ; - java.util.concurrent.CompletableFuture$UniCompose::tryFire@105 (line 1150)
  0x00007c1c54c87238: c4c5 73ff 

  0x00007c1c54c8723c: ;   {other}
  0x00007c1c54c8723c: 0f1f 8400 | ac0d 0009 | e9ce f8ff 

  0x00007c1c54c87248: ;   {metadata('net/minecraft/server/QueueingWorldGenerationProgressListener$$Lambda+0x00007c1bf10719e0')}
  0x00007c1c54c87248: ff48 bee0 | 1907 f11b 

  0x00007c1c54c87250: ;   {runtime_call _new_instance_Java}
  0x00007c1c54c87250: 7c00 00e8 

  0x00007c1c54c87254: ; ImmutableOopMap {rbp=NarrowOop [20]=NarrowOop [24]=Oop [32]=Oop [40]=Oop [8]=Derived_oop_[40] [52]=NarrowOop [56]=Oop [64]=NarrowOop [68]=NarrowOop [72]=Oop [80]=NarrowOop [84]=NarrowOop [88]=NarrowOop [92]=NarrowOop [96]=NarrowOop [100]=NarrowOop [104]=Oop [112]=Oop [120]=Oop [128]=Oop [136]=Oop [144]=Oop [152]=Oop [160]=Oop }
                      ;*invokevirtual allocateInstance {reexecute=0 rethrow=0 return_oop=1}
                      ; - java.lang.invoke.DirectMethodHandle::allocateInstance@12 (line 501)
                      ; - java.lang.invoke.DirectMethodHandle$Holder::newInvokeSpecial@1
                      ; - java.lang.invoke.Invokers$Holder::linkToTargetMethod@7
                      ; - net.minecraft.server.QueueingWorldGenerationProgressListener::setChunkStatus@7 (line 32)
                      ; - net.minecraft.server.world.ThreadedAnvilChunkStorage::method_17225@102 (line 686)
                      ; - net.minecraft.server.world.ThreadedAnvilChunkStorage$$Lambda/0x00007c1bf1070e30::apply@24
                      ; - com.mojang.datafixers.util.Either$Left::map@5 (line 38)
                      ; - net.minecraft.server.world.ThreadedAnvilChunkStorage::method_17224@20 (line 673)
                      ; - net.minecraft.server.world.ThreadedAnvilChunkStorage$$Lambda/0x00007c1bf10469d8::apply@24
                      ; - java.util.concurrent.CompletableFuture$UniCompose::tryFire@105 (line 1150)
  0x00007c1c54c87254: a8c5 73ff 

  0x00007c1c54c87258: ;   {other}
  0x00007c1c54c87258: 0f1f 8400 | c80d 000a | 488b d0e9 | acf9 ffff 

  0x00007c1c54c87268: ;   {metadata('java/util/concurrent/CompletableFuture$UniRelay')}
  0x00007c1c54c87268: 498b eb48 | bef8 5ba7 | f01b 7c00 

  0x00007c1c54c87274: ;   {runtime_call _new_instance_Java}
  0x00007c1c54c87274: 0066 90e8 

  0x00007c1c54c87278: ; ImmutableOopMap {rbp=Oop [20]=NarrowOop [24]=Oop [32]=Oop [40]=Oop [8]=Derived_oop_[40] [64]=NarrowOop [68]=NarrowOop [72]=Oop [104]=Oop }
                      ;*new {reexecute=0 rethrow=0 return_oop=1}
                      ; - java.util.concurrent.CompletableFuture$UniCompose::tryFire@143 (line 1154)
  0x00007c1c54c87278: 84c5 73ff 

  0x00007c1c54c8727c: ;   {other}
  0x00007c1c54c8727c: 0f1f 8400 | ec0d 000b | 488b d04c | 8bdd e9d8 | fbff ffbe | 45ff ffff | 498b eb89 | 5424 0844 
  0x00007c1c54c8729c: 8944 240c | 4489 7424 | 1489 7c24 

  0x00007c1c54c872a8: ;   {runtime_call UncommonTrapBlob}
  0x00007c1c54c872a8: 1866 90e8 

  0x00007c1c54c872ac: ; ImmutableOopMap {rbp=Oop [12]=NarrowOop [20]=NarrowOop [24]=NarrowOop [64]=NarrowOop }
                      ;*ifeq {reexecute=1 rethrow=0 return_oop=0}
                      ; - (reexecute) java.util.concurrent.CompletableFuture$UniCompose::tryFire@52 (line 1139)
  0x00007c1c54c872ac: 503c 70ff 

  0x00007c1c54c872b0: ;   {other}
  0x00007c1c54c872b0: 0f1f 8400 | 200e 000c | be45 ffff | ff49 8beb | 4489 4c24 | 0844 8944 | 240c 4489 | 7424 1489 
  0x00007c1c54c872d0: ;   {runtime_call UncommonTrapBlob}
  0x00007c1c54c872d0: 7c24 18e8 

  0x00007c1c54c872d4: ; ImmutableOopMap {rbp=Oop [12]=NarrowOop [20]=NarrowOop [24]=NarrowOop [64]=NarrowOop }
                      ;*ifne {reexecute=1 rethrow=0 return_oop=0}
                      ; - (reexecute) java.util.concurrent.CompletableFuture$UniCompose::tryFire@92 (line 1147)
  0x00007c1c54c872d4: 283c 70ff 

  0x00007c1c54c872d8: ;   {other}
  0x00007c1c54c872d8: 0f1f 8400 | 480e 000d | bef6 ffff | ff48 8b6c | 2420 4489 | 4c24 0844 | 8b54 2440 | 4489 5424 
  0x00007c1c54c872f8: 1089 7c24 | 2048 8954 | 2428 4c8b | 5424 684c | 8954 2430 

  0x00007c1c54c8730c: ;   {runtime_call UncommonTrapBlob}
  0x00007c1c54c8730c: 6666 90e8 

  0x00007c1c54c87310: ; ImmutableOopMap {rbp=Oop [16]=NarrowOop [32]=NarrowOop [40]=Oop [48]=Oop [68]=NarrowOop [84]=NarrowOop [88]=NarrowOop [92]=NarrowOop [96]=NarrowOop }
                      ;*invokevirtual method_17224 {reexecute=0 rethrow=0 return_oop=0}
                      ; - net.minecraft.server.world.ThreadedAnvilChunkStorage$$Lambda/0x00007c1bf10469d8::apply@24
                      ; - java.util.concurrent.CompletableFuture$UniCompose::tryFire@105 (line 1150)
  0x00007c1c54c87310: ec3b 70ff 

  0x00007c1c54c87314: ;   {other}
  0x00007c1c54c87314: 0f1f 8400 | 840e 000e | bef6 ffff | ff48 8b6c | 2420 448b | 5c24 3044 | 895c 2408 | 448b 5424 
  0x00007c1c54c87334: 4444 8954 | 240c 448b | 5c24 4044 | 895c 2410 | 4c8b 5424 | 484c 8954 | 2418 448b | 5424 3444 
  0x00007c1c54c87354: 8954 2420 | 4c8b 5424 | 684c 8954 | 2430 448b | 5424 5044 | 8954 2424 | 448b 5c24 | 5c44 895c 
  0x00007c1c54c87374: 2438 448b | 5424 5844 | 8954 243c | 448b 5c24 | 6044 895c | 2440 448b | 5424 5444 | 8954 2444 
  0x00007c1c54c87394: 4c8b 5424 | 784c 8954 | 2470 4c8b | 9424 8000 | 0000 4c89 | 5424 784c | 8b94 2488 | 0000 004c 
  0x00007c1c54c873b4: 8994 2480 | 0000 004c | 8b94 24a0 | 0000 004c | 8994 2488 | 0000 0048 | 8994 2498 

  0x00007c1c54c873d0: ;   {runtime_call UncommonTrapBlob}
  0x00007c1c54c873d0: 0000 00e8 

  0x00007c1c54c873d4: ; ImmutableOopMap {rbp=Oop [12]=NarrowOop [16]=NarrowOop [24]=Oop [32]=NarrowOop [36]=NarrowOop [48]=Oop [56]=NarrowOop [60]=NarrowOop [64]=NarrowOop [68]=NarrowOop [100]=NarrowOop [112]=Oop [120]=Oop [128]=Oop [136]=Oop [152]=Oop }
                      ;*invokevirtual send {reexecute=0 rethrow=0 return_oop=0}
                      ; - net.minecraft.server.QueueingWorldGenerationProgressListener::setChunkStatus@12 (line 32)
                      ; - net.minecraft.server.world.ThreadedAnvilChunkStorage::method_17225@102 (line 686)
                      ; - net.minecraft.server.world.ThreadedAnvilChunkStorage$$Lambda/0x00007c1bf1070e30::apply@24
                      ; - com.mojang.datafixers.util.Either$Left::map@5 (line 38)
                      ; - net.minecraft.server.world.ThreadedAnvilChunkStorage::method_17224@20 (line 673)
                      ; - net.minecraft.server.world.ThreadedAnvilChunkStorage$$Lambda/0x00007c1bf10469d8::apply@24
                      ; - java.util.concurrent.CompletableFuture$UniCompose::tryFire@105 (line 1150)
  0x00007c1c54c873d4: 283b 70ff 

  0x00007c1c54c873d8: ;   {other}
  0x00007c1c54c873d8: 0f1f 8400 | 480f 000f | be45 ffff | ff49 8beb | 8954 2408 | 4489 4424 | 0c44 8974 | 2414 897c 
  0x00007c1c54c873f8: 2418 894c 

  0x00007c1c54c873fc: ;   {runtime_call UncommonTrapBlob}
  0x00007c1c54c873fc: 241c 90e8 

  0x00007c1c54c87400: ; ImmutableOopMap {rbp=Oop [12]=NarrowOop [20]=NarrowOop [24]=NarrowOop [28]=NarrowOop [64]=NarrowOop }
                      ;*ifnonnull {reexecute=1 rethrow=0 return_oop=0}
                      ; - (reexecute) java.util.concurrent.CompletableFuture$UniCompose::tryFire@44 (line 1138)
  0x00007c1c54c87400: fc3a 70ff 

  0x00007c1c54c87404: ;   {other}
  0x00007c1c54c87404: 0f1f 8400 | 740f 0010 | bede ffff | ff49 8beb | 4489 4c24 | 0844 8944 | 240c 897c | 241c 4489 
  0x00007c1c54c87424: 7424 2089 

  0x00007c1c54c87428: ;   {runtime_call UncommonTrapBlob}
  0x00007c1c54c87428: 7c24 24e8 

  0x00007c1c54c8742c: ; ImmutableOopMap {rbp=Oop [12]=NarrowOop [28]=NarrowOop [32]=NarrowOop [36]=NarrowOop [64]=NarrowOop }
                      ;*invokeinterface apply {reexecute=0 rethrow=0 return_oop=0}
                      ; - java.util.concurrent.CompletableFuture$UniCompose::tryFire@105 (line 1150)
  0x00007c1c54c8742c: d03a 70ff 

  0x00007c1c54c87430: ;   {other}
  0x00007c1c54c87430: 0f1f 8400 | a00f 0011 | bede ffff | ff48 8b6c | 2420 448b | 5424 3044 | 8954 2408 | 448b 5c24 
  0x00007c1c54c87450: 4444 895c | 240c 448b | 5424 4044 | 8954 2410 | 448b 5c24 | 3444 895c | 2420 4889 | 5424 284c 
  0x00007c1c54c87470: 8b54 2468 | 4c89 5424 | 3044 8b5c | 2450 4489 | 5c24 2444 | 8b54 245c | 4489 5424 | 3844 8b5c 
  0x00007c1c54c87490: 2458 4489 | 5c24 3c44 | 8b54 2460 | 4489 5424 | 4044 8b5c | 2454 4489 | 5c24 444c | 8b54 2478 
  0x00007c1c54c874b0: 4c89 5424 | 7044 894c 

  0x00007c1c54c874b8: ;   {runtime_call UncommonTrapBlob}
  0x00007c1c54c874b8: 2478 90e8 

  0x00007c1c54c874bc: ; ImmutableOopMap {rbp=Oop [12]=NarrowOop [16]=NarrowOop [32]=NarrowOop [36]=NarrowOop [40]=Oop [48]=Oop [56]=NarrowOop [60]=NarrowOop [64]=NarrowOop [68]=NarrowOop [100]=NarrowOop [112]=Oop [120]=NarrowOop }
                      ;*checkcast {reexecute=0 rethrow=0 return_oop=0}
                      ; - net.minecraft.server.world.ThreadedAnvilChunkStorage::method_17225@16 (line 679)
                      ; - net.minecraft.server.world.ThreadedAnvilChunkStorage$$Lambda/0x00007c1bf1070e30::apply@24
                      ; - com.mojang.datafixers.util.Either$Left::map@5 (line 38)
                      ; - net.minecraft.server.world.ThreadedAnvilChunkStorage::method_17224@20 (line 673)
                      ; - net.minecraft.server.world.ThreadedAnvilChunkStorage$$Lambda/0x00007c1bf10469d8::apply@24
                      ; - java.util.concurrent.CompletableFuture$UniCompose::tryFire@105 (line 1150)
  0x00007c1c54c874bc: 403a 70ff 

  0x00007c1c54c874c0: ;   {other}
  0x00007c1c54c874c0: 0f1f 8400 | 3010 0012 | be45 ffff | ff48 8b6c | 2420 448b | 5424 3044 | 8954 2408 | 448b 5c24 
  0x00007c1c54c874e0: 4444 895c | 240c 448b | 5424 4044 | 8954 2410 | 448b 5c24 | 3444 895c | 2420 4889 | 5424 284c 
  0x00007c1c54c87500: 8b54 2468 | 4c89 5424 | 3044 8b5c | 2450 4489 | 5c24 2444 | 8b54 245c | 4489 5424 | 3844 8b5c 
  0x00007c1c54c87520: 2458 4489 | 5c24 3c44 | 8b54 2460 | 4489 5424 | 4044 8b5c | 2454 4489 | 5c24 444c | 8b54 2478 
  0x00007c1c54c87540: 4c89 5424 | 704c 8b94 | 2480 0000 | 004c 8954 

  0x00007c1c54c87550: ;   {runtime_call UncommonTrapBlob}
  0x00007c1c54c87550: 2478 90e8 

  0x00007c1c54c87554: ; ImmutableOopMap {rbp=Oop [12]=NarrowOop [16]=NarrowOop [32]=NarrowOop [36]=NarrowOop [40]=Oop [48]=Oop [56]=NarrowOop [60]=NarrowOop [64]=NarrowOop [68]=NarrowOop [100]=NarrowOop [112]=Oop [120]=Oop }
                      ;*ifeq {reexecute=1 rethrow=0 return_oop=0}
                      ; - (reexecute) net.minecraft.server.world.ThreadedAnvilChunkStorage::method_17225@30 (line 681)
                      ; - net.minecraft.server.world.ThreadedAnvilChunkStorage$$Lambda/0x00007c1bf1070e30::apply@24
                      ; - com.mojang.datafixers.util.Either$Left::map@5 (line 38)
                      ; - net.minecraft.server.world.ThreadedAnvilChunkStorage::method_17224@20 (line 673)
                      ; - net.minecraft.server.world.ThreadedAnvilChunkStorage$$Lambda/0x00007c1bf10469d8::apply@24
                      ; - java.util.concurrent.CompletableFuture$UniCompose::tryFire@105 (line 1150)
  0x00007c1c54c87554: a839 70ff 

  0x00007c1c54c87558: ;   {other}
  0x00007c1c54c87558: 0f1f 8400 | c810 0013 | bede ffff | ff4c 8b54 | 2420 4c89 | 5424 0844 | 8b54 2430 | 4489 5424 
  0x00007c1c54c87578: 1044 8b5c | 2444 4489 | 5c24 1444 | 8b54 2440 | 4489 5424 | 184c 8b54 | 2448 4c89 | 5424 2044 
  0x00007c1c54c87598: 8b5c 2434 | 4489 5c24 | 284c 8b54 | 2468 4c89 | 5424 3844 | 8b54 2450 | 4489 5424 | 2c44 8b5c 
  0x00007c1c54c875b8: 245c 4489 | 5c24 4044 | 8b54 2458 | 4489 5424 | 4444 8b5c | 2460 4489 | 5c24 4848 | 8944 24f8 
  0x00007c1c54c875d8: 8b44 2454 | 8944 244c | 488b 4424 

  0x00007c1c54c875e4: ;   {runtime_call UncommonTrapBlob}
  0x00007c1c54c875e4: f866 90e8 

  0x00007c1c54c875e8: ; ImmutableOopMap {rbp=NarrowOop [8]=Oop [20]=NarrowOop [24]=NarrowOop [32]=Oop [40]=NarrowOop [44]=NarrowOop [56]=Oop [64]=NarrowOop [68]=NarrowOop [72]=NarrowOop [76]=NarrowOop [100]=NarrowOop [120]=Oop [128]=Oop [136]=Oop }
                      ;*invokeinterface setChunkStatus {reexecute=0 rethrow=0 return_oop=0}
                      ; - net.minecraft.server.world.ThreadedAnvilChunkStorage::method_17225@102 (line 686)
                      ; - net.minecraft.server.world.ThreadedAnvilChunkStorage$$Lambda/0x00007c1bf1070e30::apply@24
                      ; - com.mojang.datafixers.util.Either$Left::map@5 (line 38)
                      ; - net.minecraft.server.world.ThreadedAnvilChunkStorage::method_17224@20 (line 673)
                      ; - net.minecraft.server.world.ThreadedAnvilChunkStorage$$Lambda/0x00007c1bf10469d8::apply@24
                      ; - java.util.concurrent.CompletableFuture$UniCompose::tryFire@105 (line 1150)
  0x00007c1c54c875e8: 1439 70ff 

  0x00007c1c54c875ec: ;   {other}
  0x00007c1c54c875ec: 0f1f 8400 | 5c11 0014 | be45 ffff | ff49 8beb | 8954 2408 | 897c 2414 | 4489 4424 

  0x00007c1c54c87608: ;   {runtime_call UncommonTrapBlob}
  0x00007c1c54c87608: 1866 90e8 

  0x00007c1c54c8760c: ; ImmutableOopMap {rbp=Oop [20]=NarrowOop [24]=NarrowOop [64]=NarrowOop }
                      ;*ifnull {reexecute=1 rethrow=0 return_oop=0}
                      ; - (reexecute) java.util.concurrent.CompletableFuture$UniCompose::tryFire@25 (line 1135)
  0x00007c1c54c8760c: f038 70ff 

  0x00007c1c54c87610: ;   {other}
  0x00007c1c54c87610: 0f1f 8400 | 8011 0015 | be45 ffff | ff48 8b6c | 2420 448b | 4424 3044 | 8944 2408 | 448b 4c24 
  0x00007c1c54c87630: 4444 894c | 2414 458b | c144 8944 | 2420 4489 | 5424 3844 | 8954 243c 

  0x00007c1c54c87648: ;   {runtime_call UncommonTrapBlob}
  0x00007c1c54c87648: 6666 90e8 

  0x00007c1c54c8764c: ; ImmutableOopMap {rbp=Oop [20]=NarrowOop [32]=NarrowOop [56]=NarrowOop [60]=NarrowOop [64]=NarrowOop [72]=Oop [104]=Oop [136]=Oop }
                      ;*ifeq {reexecute=1 rethrow=0 return_oop=0}
                      ; - (reexecute) java.util.concurrent.CompletableFuture::encodeRelay@4 (line 365)
                      ; - java.util.concurrent.CompletableFuture::completeRelay@6 (line 377)
                      ; - java.util.concurrent.CompletableFuture$UniCompose::tryFire@134 (line 1152)
  0x00007c1c54c8764c: b038 70ff 

  0x00007c1c54c87650: ;   {other}
  0x00007c1c54c87650: 0f1f 8400 | c011 0016 | bef6 ffff | ff4c 8b54 | 2420 4c89 | 5424 0844 | 8b5c 2430 | 4489 5c24 
  0x00007c1c54c87670: 1044 8b54 | 2444 4489 | 5424 1444 | 8b5c 2440 | 4489 5c24 | 1844 8b54 | 2434 4489 | 5424 2848 
  0x00007c1c54c87690: 8954 2430 | 4c8b 5424 | 684c 8954 | 2438 448b | 5c24 5044 | 895c 242c | 448b 5424 | 5c44 8954 
  0x00007c1c54c876b0: 2440 448b | 5c24 5844 | 895c 2444 | 448b 5424 | 6044 8954 | 2448 4889 | 4424 f88b | 4424 5489 
  0x00007c1c54c876d0: 4424 4c48 | 8b44 24f8 

  0x00007c1c54c876d8: ;   {runtime_call UncommonTrapBlob}
  0x00007c1c54c876d8: 6666 90e8 

  0x00007c1c54c876dc: ; ImmutableOopMap {rbp=Oop [8]=Oop [20]=NarrowOop [24]=NarrowOop [40]=NarrowOop [44]=NarrowOop [48]=Oop [56]=Oop [64]=NarrowOop [68]=NarrowOop [72]=NarrowOop [76]=NarrowOop [100]=NarrowOop [120]=Oop }
                      ;*invokevirtual getStatus {reexecute=0 rethrow=0 return_oop=0}
                      ; - net.minecraft.world.chunk.WrapperProtoChunk::getStatus@4 (line 194)
                      ; - net.minecraft.server.world.ThreadedAnvilChunkStorage::method_17225@23 (line 681)
                      ; - net.minecraft.server.world.ThreadedAnvilChunkStorage$$Lambda/0x00007c1bf1070e30::apply@24
                      ; - com.mojang.datafixers.util.Either$Left::map@5 (line 38)
                      ; - net.minecraft.server.world.ThreadedAnvilChunkStorage::method_17224@20 (line 673)
                      ; - net.minecraft.server.world.ThreadedAnvilChunkStorage$$Lambda/0x00007c1bf10469d8::apply@24
                      ; - java.util.concurrent.CompletableFuture$UniCompose::tryFire@105 (line 1150)
  0x00007c1c54c876dc: 2038 70ff 

  0x00007c1c54c876e0: ;   {other}
  0x00007c1c54c876e0: 0f1f 8400 | 5012 0017 | bee4 ffff | ff4c 8b54 | 2420 4c89 | 5424 0844 | 8b5c 2430 | 4489 5c24 
  0x00007c1c54c87700: 1044 8b54 | 2444 4489 | 5424 1444 | 8b5c 2440 | 4489 5c24 | 1844 8b5c | 2434 4489 | 5c24 2848 
  0x00007c1c54c87720: 8954 2430 | 4c8b 5424 | 684c 8954 | 2438 448b | 5c24 5044 | 895c 242c | 448b 5424 | 5c44 8954 
  0x00007c1c54c87740: 2440 448b | 5c24 5844 | 895c 2444 | 4889 4424 | f88b 4424 | 5489 4424 | 4c48 8b44 | 24f8 4c89 
  0x00007c1c54c87760: 8c24 8800 | 0000 899c | 2490 0000 | 0089 9c24 | 9400 0000 

  0x00007c1c54c87774: ;   {runtime_call UncommonTrapBlob}
  0x00007c1c54c87774: 6666 90e8 

  0x00007c1c54c87778: ; ImmutableOopMap {[8]=Oop [20]=NarrowOop [24]=NarrowOop [40]=NarrowOop [44]=NarrowOop [48]=Oop [56]=Oop [64]=NarrowOop [68]=NarrowOop [76]=NarrowOop [96]=NarrowOop [100]=NarrowOop [136]=Oop }
                      ;*invokestatic checkIndex {reexecute=0 rethrow=0 return_oop=0}
                      ; - java.util.Objects::checkIndex@3 (line 385)
                      ; - java.util.ArrayList::get@5 (line 427)
                      ; - net.minecraft.server.world.ThreadedAnvilChunkStorage::method_17225@11 (line 679)
                      ; - net.minecraft.server.world.ThreadedAnvilChunkStorage$$Lambda/0x00007c1bf1070e30::apply@24
                      ; - com.mojang.datafixers.util.Either$Left::map@5 (line 38)
                      ; - net.minecraft.server.world.ThreadedAnvilChunkStorage::method_17224@20 (line 673)
                      ; - net.minecraft.server.world.ThreadedAnvilChunkStorage$$Lambda/0x00007c1bf10469d8::apply@24
                      ; - java.util.concurrent.CompletableFuture$UniCompose::tryFire@105 (line 1150)
  0x00007c1c54c87778: 8437 70ff 

  0x00007c1c54c8777c: ;   {other}
  0x00007c1c54c8777c: 0f1f 8400 | ec12 0018 | bee4 ffff | ff48 8b6c | 2420 448b | 5c24 3044 | 895c 2408 | 448b 5424 
  0x00007c1c54c8779c: 4444 8954 | 240c 448b | 5c24 4044 | 895c 2410 | 448b 5c24 | 3444 895c | 2420 4889 | 5424 284c 
  0x00007c1c54c877bc: 8b54 2468 | 4c89 5424 | 3044 8b54 | 2450 4489 | 5424 2444 | 8b5c 245c | 4489 5c24 | 3844 8b54 
  0x00007c1c54c877dc: 2458 4489 | 5424 3c44 | 8b5c 2460 | 4489 5c24 | 4044 8b54 | 2454 4489 | 5424 444c | 894c 2478 
  0x00007c1c54c877fc: 4c89 8c24 | 8800 0000 | 4489 8424 | 8400 0000 | 898c 2490 | 0000 0044 | 8984 2494 

  0x00007c1c54c87818: ;   {runtime_call UncommonTrapBlob}
  0x00007c1c54c87818: 0000 00e8 

  0x00007c1c54c8781c: ; ImmutableOopMap {rbp=Oop [12]=NarrowOop [16]=NarrowOop [32]=NarrowOop [36]=NarrowOop [40]=Oop [48]=Oop [56]=NarrowOop [60]=NarrowOop [64]=NarrowOop [68]=NarrowOop [100]=NarrowOop [120]=Oop [136]=Oop [144]=NarrowOop }
                      ;*aaload {reexecute=0 rethrow=0 return_oop=0}
                      ; - java.util.ArrayList::elementData@5 (line 411)
                      ; - java.util.ArrayList::get@11 (line 428)
                      ; - net.minecraft.server.world.ThreadedAnvilChunkStorage::method_17225@11 (line 679)
                      ; - net.minecraft.server.world.ThreadedAnvilChunkStorage$$Lambda/0x00007c1bf1070e30::apply@24
                      ; - com.mojang.datafixers.util.Either$Left::map@5 (line 38)
                      ; - net.minecraft.server.world.ThreadedAnvilChunkStorage::method_17224@20 (line 673)
                      ; - net.minecraft.server.world.ThreadedAnvilChunkStorage$$Lambda/0x00007c1bf10469d8::apply@24
                      ; - java.util.concurrent.CompletableFuture$UniCompose::tryFire@105 (line 1150)
  0x00007c1c54c8781c: e036 70ff 

  0x00007c1c54c87820: ;   {other}
  0x00007c1c54c87820: 0f1f 8400 | 9013 0019 | becc ffff | ff4c 8b54 | 2420 4c89 | 5424 0844 | 8b54 2430 | 4489 5424 
  0x00007c1c54c87840: 1044 8b5c | 2444 4489 | 5c24 1444 | 8b54 2440 | 4489 5424 | 1844 8b54 | 2434 4489 | 5424 2848 
  0x00007c1c54c87860: 8954 2430 | 4c8b 5424 | 684c 8954 | 2438 448b | 5c24 5044 | 895c 242c | 448b 5424 | 5c44 8954 
  0x00007c1c54c87880: 2440 448b | 5c24 5844 | 895c 2444 | 4889 4424 | f88b 4424 | 5489 4424 | 4c48 8b44 | 24f8 4c89 
  0x00007c1c54c878a0: 8c24 8800 | 0000 899c | 2490 0000 | 0089 9c24 | 9400 0000 

  0x00007c1c54c878b4: ;   {runtime_call UncommonTrapBlob}
  0x00007c1c54c878b4: 6666 90e8 

  0x00007c1c54c878b8: ; ImmutableOopMap {[8]=Oop [20]=NarrowOop [24]=NarrowOop [40]=NarrowOop [44]=NarrowOop [48]=Oop [56]=Oop [64]=NarrowOop [68]=NarrowOop [76]=NarrowOop [96]=NarrowOop [100]=NarrowOop [136]=Oop }
                      ;*invokestatic checkIndex {reexecute=0 rethrow=0 return_oop=0}
                      ; - java.util.Objects::checkIndex@3 (line 385)
                      ; - java.util.ArrayList::get@5 (line 427)
                      ; - net.minecraft.server.world.ThreadedAnvilChunkStorage::method_17225@11 (line 679)
                      ; - net.minecraft.server.world.ThreadedAnvilChunkStorage$$Lambda/0x00007c1bf1070e30::apply@24
                      ; - com.mojang.datafixers.util.Either$Left::map@5 (line 38)
                      ; - net.minecraft.server.world.ThreadedAnvilChunkStorage::method_17224@20 (line 673)
                      ; - net.minecraft.server.world.ThreadedAnvilChunkStorage$$Lambda/0x00007c1bf10469d8::apply@24
                      ; - java.util.concurrent.CompletableFuture$UniCompose::tryFire@105 (line 1150)
  0x00007c1c54c878b8: 4436 70ff 

  0x00007c1c54c878bc: ;   {other}
  0x00007c1c54c878bc: 0f1f 8400 | 2c14 001a | 48ff 7424 | 5048 8f44 | 2430 4889 | 5424 2848 | 895c 2420 | 4889 4c24 
  0x00007c1c54c878dc: 184c 896c | 2410 4489 | 7424 0c44 | 8944 2408 | 458b f149 | 8bdb 498b | f749 ba40 | 21dc 641c 
  0x00007c1c54c878fc: 7c00 0041 

  0x00007c1c54c87900: ;   {other}
  0x00007c1c54c87900: ffd2 0f1f | 8400 0000 | 0000 4c8b | db45 8bce | 448b 4424 | 0844 8b74 | 240c 4c8b | 6c24 1048 
  0x00007c1c54c87920: 8b4c 2418 | 488b 5c24 | 2048 8b54 | 2428 48ff | 7424 3048 | 8f44 2450 | e99d f7ff | ff4c 8b6c 
  0x00007c1c54c87940: 2450 498b | eb49 8bf7 | 49ba 4021 | dc64 1c7c | 0000 41ff 

  0x00007c1c54c87954: ;   {other}
  0x00007c1c54c87954: d20f 1f84 | 0000 0000 | 004c 8b44 | 2420 4c8b | dd4c 896c | 2450 e978 | f3ff ff4c | 8b6c 2450 
  0x00007c1c54c87974: 498b eb49 | 8bd8 498b | f749 ba40 | 21dc 641c | 7c00 0041 

  0x00007c1c54c87988: ;   {other}
  0x00007c1c54c87988: ffd2 0f1f | 8400 0000 | 0000 4c8b | c34c 8bdd | 4c89 6c24 | 50e9 50f3 | ffff 4c8b | 6c24 5049 
  0x00007c1c54c879a8: 8beb 498b | d849 8bf7 | 49ba 4021 | dc64 1c7c | 0000 41ff 

  0x00007c1c54c879bc: ;   {other}
  0x00007c1c54c879bc: d20f 1f84 | 0000 0000 | 004c 8bc3 | 4c8b dd4c | 896c 2450 | e928 f3ff | ffbe c6ff | ffff 4c8b 
  0x00007c1c54c879dc: 5424 204c | 8954 2408 | 4489 4c24 | 1044 8b54 | 2444 4489 | 5424 1444 | 8b5c 2440 | 4489 5c24 
  0x00007c1c54c879fc: 1844 8b54 | 2434 4489 | 5424 2848 | 8954 2430 | 4c8b 5424 | 684c 8954 | 2438 448b | 5424 5044 
  0x00007c1c54c87a1c: 8954 242c | 448b 5c24 | 5c44 895c | 2440 448b | 5424 5844 | 8954 2444 | 4889 4424 | f88b 4424 
  0x00007c1c54c87a3c: 5489 4424 | 4c48 8b44 

  0x00007c1c54c87a44: ;   {runtime_call UncommonTrapBlob}
  0x00007c1c54c87a44: 24f8 90e8 

  0x00007c1c54c87a48: ; ImmutableOopMap {rbp=Oop [8]=Oop [20]=NarrowOop [24]=NarrowOop [40]=NarrowOop [44]=NarrowOop [48]=Oop [56]=Oop [64]=NarrowOop [68]=NarrowOop [76]=NarrowOop [96]=NarrowOop [100]=NarrowOop }
                      ;*invokeinterface size {reexecute=0 rethrow=0 return_oop=0}
                      ; - net.minecraft.server.world.ThreadedAnvilChunkStorage::method_17225@4 (line 679)
                      ; - net.minecraft.server.world.ThreadedAnvilChunkStorage$$Lambda/0x00007c1bf1070e30::apply@24
                      ; - com.mojang.datafixers.util.Either$Left::map@5 (line 38)
                      ; - net.minecraft.server.world.ThreadedAnvilChunkStorage::method_17224@20 (line 673)
                      ; - net.minecraft.server.world.ThreadedAnvilChunkStorage$$Lambda/0x00007c1bf10469d8::apply@24
                      ; - java.util.concurrent.CompletableFuture$UniCompose::tryFire@105 (line 1150)
  0x00007c1c54c87a48: b434 70ff 

  0x00007c1c54c87a4c: ;   {other}
  0x00007c1c54c87a4c: 0f1f 8400 | bc15 001b | bec6 ffff | ff48 8b6c | 2420 4489 | 4c24 0844 | 8b5c 2444 | 4489 5c24 
  0x00007c1c54c87a6c: 0c44 8b54 | 2440 4489 | 5424 1044 | 8b5c 2434 | 4489 5c24 | 2048 8954 | 2428 4c8b | 5424 684c 
  0x00007c1c54c87a8c: 8954 2430 | 448b 5424 | 5044 8954 | 2424 448b | 5c24 5c44 | 895c 2438 | 448b 5424 | 5844 8954 
  0x00007c1c54c87aac: 243c 448b | 5424 5444 | 8954 2444 | 899c 2480 

  0x00007c1c54c87abc: ;   {runtime_call UncommonTrapBlob}
  0x00007c1c54c87abc: 0000 00e8 

  0x00007c1c54c87ac0: ; ImmutableOopMap {rbp=Oop [12]=NarrowOop [16]=NarrowOop [32]=NarrowOop [36]=NarrowOop [40]=Oop [48]=Oop [56]=NarrowOop [60]=NarrowOop [68]=NarrowOop [96]=NarrowOop [100]=NarrowOop [120]=Oop }
                      ;*invokeinterface get {reexecute=0 rethrow=0 return_oop=0}
                      ; - net.minecraft.server.world.ThreadedAnvilChunkStorage::method_17225@11 (line 679)
                      ; - net.minecraft.server.world.ThreadedAnvilChunkStorage$$Lambda/0x00007c1bf1070e30::apply@24
                      ; - com.mojang.datafixers.util.Either$Left::map@5 (line 38)
                      ; - net.minecraft.server.world.ThreadedAnvilChunkStorage::method_17224@20 (line 673)
                      ; - net.minecraft.server.world.ThreadedAnvilChunkStorage$$Lambda/0x00007c1bf10469d8::apply@24
                      ; - java.util.concurrent.CompletableFuture$UniCompose::tryFire@105 (line 1150)
  0x00007c1c54c87ac0: 3c34 70ff 

  0x00007c1c54c87ac4: ;   {other}
  0x00007c1c54c87ac4: 0f1f 8400 | 3416 001c | be45 ffff | ff4c 8944 | 2408 4c89 | 5c24 2089 | 4c24 2889 | 5c24 2c44 
  0x00007c1c54c87ae4: 8954 2430 

  0x00007c1c54c87ae8: ;   {runtime_call UncommonTrapBlob}
  0x00007c1c54c87ae8: 6666 90e8 

  0x00007c1c54c87aec: ; ImmutableOopMap {rbp=NarrowOop [8]=Oop [20]=NarrowOop [32]=Oop [40]=NarrowOop [44]=NarrowOop }
                      ;*ifnull {reexecute=1 rethrow=0 return_oop=0}
                      ; - (reexecute) java.util.concurrent.CompletableFuture::postFire@47 (line 610)
                      ; - java.util.concurrent.CompletableFuture$UniCompose::tryFire@195 (line 1163)
  0x00007c1c54c87aec: 1034 70ff 

  0x00007c1c54c87af0: ;   {other}
  0x00007c1c54c87af0: 0f1f 8400 | 6016 001d | 4b8d 2ccc | bef6 ffff | ff4c 8b54 | 2420 4c89 | 5424 0844 | 8b54 2430 
  0x00007c1c54c87b10: 4489 5424 | 1044 8b5c | 2444 4489 | 5c24 1444 | 8b54 2440 | 4489 5424 | 1844 8b5c | 2434 4489 
  0x00007c1c54c87b30: 5c24 2848 | 8954 2430 | 4c8b 5424 | 684c 8954 | 2438 448b | 5424 5044 | 8954 242c | 448b 5c24 
  0x00007c1c54c87b50: 5c44 895c | 2440 448b | 5424 5844 | 8954 2444 | 448b 5c24 | 6044 895c | 2448 4889 | 4424 f88b 
  0x00007c1c54c87b70: 4424 5489 | 4424 4c48 | 8b44 24f8 

  0x00007c1c54c87b7c: ;   {runtime_call UncommonTrapBlob}
  0x00007c1c54c87b7c: 6666 90e8 

  0x00007c1c54c87b80: ; ImmutableOopMap {rbp=Oop [8]=Oop [20]=NarrowOop [24]=NarrowOop [40]=NarrowOop [44]=NarrowOop [48]=Oop [56]=Oop [64]=NarrowOop [68]=NarrowOop [72]=NarrowOop [76]=NarrowOop [100]=NarrowOop [120]=Oop }
                      ;*invokevirtual isAtLeast {reexecute=0 rethrow=0 return_oop=0}
                      ; - net.minecraft.server.world.ThreadedAnvilChunkStorage::method_17225@27 (line 681)
                      ; - net.minecraft.server.world.ThreadedAnvilChunkStorage$$Lambda/0x00007c1bf1070e30::apply@24
                      ; - com.mojang.datafixers.util.Either$Left::map@5 (line 38)
                      ; - net.minecraft.server.world.ThreadedAnvilChunkStorage::method_17224@20 (line 673)
                      ; - net.minecraft.server.world.ThreadedAnvilChunkStorage$$Lambda/0x00007c1bf10469d8::apply@24
                      ; - java.util.concurrent.CompletableFuture$UniCompose::tryFire@105 (line 1150)
  0x00007c1c54c87b80: 7c33 70ff 

  0x00007c1c54c87b84: ;   {other}
  0x00007c1c54c87b84: 0f1f 8400 | f416 001e | bec6 ffff | ff4c 8b54 | 2420 4c89 | 5424 0844 | 8b5c 2430 | 4489 5c24 
  0x00007c1c54c87ba4: 1044 8b54 | 2444 4489 | 5424 1444 | 8b5c 2440 | 4489 5c24 | 1844 8b54 | 2434 4489 | 5424 2848 
  0x00007c1c54c87bc4: 8954 2430 | 4c8b 5424 | 684c 8954 | 2438 448b | 5c24 5044 | 895c 242c | 448b 5424 | 5c44 8954 
  0x00007c1c54c87be4: 2440 448b | 5c24 5844 | 895c 2444 | 448b 5424 | 6044 8954 | 2448 4889 | 4424 f88b | 4424 5489 
  0x00007c1c54c87c04: 4424 4c48 | 8b44 24f8 

  0x00007c1c54c87c0c: ;   {runtime_call UncommonTrapBlob}
  0x00007c1c54c87c0c: 6666 90e8 

  0x00007c1c54c87c10: ; ImmutableOopMap {rbp=Oop [8]=Oop [20]=NarrowOop [24]=NarrowOop [40]=NarrowOop [44]=NarrowOop [48]=Oop [56]=Oop [64]=NarrowOop [68]=NarrowOop [72]=NarrowOop [76]=NarrowOop [100]=NarrowOop [120]=Oop }
                      ;*invokevirtual getStatus {reexecute=0 rethrow=0 return_oop=0}
                      ; - net.minecraft.server.world.ThreadedAnvilChunkStorage::method_17225@23 (line 681)
                      ; - net.minecraft.server.world.ThreadedAnvilChunkStorage$$Lambda/0x00007c1bf1070e30::apply@24
                      ; - com.mojang.datafixers.util.Either$Left::map@5 (line 38)
                      ; - net.minecraft.server.world.ThreadedAnvilChunkStorage::method_17224@20 (line 673)
                      ; - net.minecraft.server.world.ThreadedAnvilChunkStorage$$Lambda/0x00007c1bf10469d8::apply@24
                      ; - java.util.concurrent.CompletableFuture$UniCompose::tryFire@105 (line 1150)
  0x00007c1c54c87c10: ec32 70ff 

  0x00007c1c54c87c14: ;   {other}
  0x00007c1c54c87c14: 0f1f 8400 | 8417 001f | be45 ffff | ff4c 8b54 | 2420 4c89 | 5424 0844 | 8b54 2430 | 4489 5424 
  0x00007c1c54c87c34: ;   {runtime_call UncommonTrapBlob}
  0x00007c1c54c87c34: 1066 90e8 

  0x00007c1c54c87c38: ; ImmutableOopMap {rbp=NarrowOop [8]=Oop [56]=Oop [64]=NarrowOop [68]=NarrowOop [72]=Oop [104]=Oop }
                      ;*ifnonnull {reexecute=1 rethrow=0 return_oop=0}
                      ; - (reexecute) java.util.concurrent.CompletableFuture$UniCompose::tryFire@160 (line 1155)
  0x00007c1c54c87c38: c432 70ff 

  0x00007c1c54c87c3c: ;   {other}
  0x00007c1c54c87c3c: 0f1f 8400 | ac17 0020 | be45 ffff | ff4c 8944 | 2408 4c89 | 5c24 2089 

  0x00007c1c54c87c54: ;   {runtime_call UncommonTrapBlob}
  0x00007c1c54c87c54: 5c24 2ce8 

  0x00007c1c54c87c58: ; ImmutableOopMap {rbp=NarrowOop [8]=Oop [20]=NarrowOop [32]=Oop [44]=NarrowOop [64]=NarrowOop [68]=NarrowOop }
                      ;*ifnonnull {reexecute=1 rethrow=0 return_oop=0}
                      ; - (reexecute) java.util.concurrent.CompletableFuture::postFire@17 (line 605)
                      ; - java.util.concurrent.CompletableFuture$UniCompose::tryFire@195 (line 1163)
  0x00007c1c54c87c58: a432 70ff 

  0x00007c1c54c87c5c: ;   {other}
  0x00007c1c54c87c5c: 0f1f 8400 | cc17 0021 | be45 ffff | ff48 8b6c | 2420 4489 | 4c24 0844 | 8b54 2444 | 4489 5424 
  0x00007c1c54c87c7c: 0c44 8b5c | 2440 4489 | 5c24 1044 | 8b54 2434 | 4489 5424 | 2048 8954 | 2428 4c8b | 5424 684c 
  0x00007c1c54c87c9c: 8954 2430 | 448b 5c24 | 5044 895c | 2424 448b | 5424 5c44 | 8954 2438 | 448b 5c24 | 5844 895c 
  0x00007c1c54c87cbc: 243c 448b | 5424 6044 | 8954 2440 | 448b 5c24 | 5444 895c | 2444 4c89 | 4424 7889 | 9c24 8400 
  0x00007c1c54c87cdc: ;   {runtime_call UncommonTrapBlob}
  0x00007c1c54c87cdc: 0000 90e8 

  0x00007c1c54c87ce0: ; ImmutableOopMap {rbp=Oop [12]=NarrowOop [16]=NarrowOop [32]=NarrowOop [36]=NarrowOop [40]=Oop [48]=Oop [56]=NarrowOop [60]=NarrowOop [64]=NarrowOop [68]=NarrowOop [100]=NarrowOop [120]=Oop }
                      ;*if_icmpne {reexecute=1 rethrow=0 return_oop=0}
                      ; - (reexecute) java.util.ImmutableCollections$List12::get@11 (line 589)
                      ; - net.minecraft.server.world.ThreadedAnvilChunkStorage::method_17225@11 (line 679)
                      ; - net.minecraft.server.world.ThreadedAnvilChunkStorage$$Lambda/0x00007c1bf1070e30::apply@24
                      ; - com.mojang.datafixers.util.Either$Left::map@5 (line 38)
                      ; - net.minecraft.server.world.ThreadedAnvilChunkStorage::method_17224@20 (line 673)
                      ; - net.minecraft.server.world.ThreadedAnvilChunkStorage$$Lambda/0x00007c1bf10469d8::apply@24
                      ; - java.util.concurrent.CompletableFuture$UniCompose::tryFire@105 (line 1150)
  0x00007c1c54c87ce0: 1c32 70ff 

  0x00007c1c54c87ce4: ;   {other}
  0x00007c1c54c87ce4: 0f1f 8400 | 5418 0022 | bede ffff | ff48 8b6c | 2420 4489 | 4c24 0844 | 8b54 2444 | 4489 5424 
  0x00007c1c54c87d04: 0c44 8b5c | 2440 4489 | 5c24 1089 | 7c24 2048 | 8954 2428 | 897c 2424 

  0x00007c1c54c87d1c: ;   {runtime_call UncommonTrapBlob}
  0x00007c1c54c87d1c: 6666 90e8 

  0x00007c1c54c87d20: ; ImmutableOopMap {rbp=Oop [12]=NarrowOop [16]=NarrowOop [32]=NarrowOop [36]=NarrowOop [40]=Oop [72]=Oop [80]=NarrowOop [84]=NarrowOop [88]=NarrowOop [92]=NarrowOop [96]=NarrowOop }
                      ;*checkcast {reexecute=0 rethrow=0 return_oop=0}
                      ; - net.minecraft.server.world.ThreadedAnvilChunkStorage$$Lambda/0x00007c1bf10469d8::apply@21
                      ; - java.util.concurrent.CompletableFuture$UniCompose::tryFire@105 (line 1150)
  0x00007c1c54c87d20: dc31 70ff 

  0x00007c1c54c87d24: ;   {other}
  0x00007c1c54c87d24: 0f1f 8400 | 9418 0023 | bef4 ffff | ff48 8b6c | 2420 4489 | 4c24 0844 | 8b54 2444 | 4489 5424 
  0x00007c1c54c87d44: 0c44 8b5c | 2440 4489 | 5c24 1089 | 7c24 2048 | 8954 2428 | 4c8b 5424 | 684c 8954 | 2430 448b 
  0x00007c1c54c87d64: 5424 5044 | 8954 2424 | 448b 5c24 | 5c44 895c | 2438 448b | 5424 5844 | 8954 243c | 448b 5424 
  0x00007c1c54c87d84: 5444 8954 

  0x00007c1c54c87d88: ;   {runtime_call UncommonTrapBlob}
  0x00007c1c54c87d88: 2444 90e8 

  0x00007c1c54c87d8c: ; ImmutableOopMap {rbp=Oop [12]=NarrowOop [16]=NarrowOop [32]=NarrowOop [36]=NarrowOop [40]=Oop [48]=Oop [56]=NarrowOop [60]=NarrowOop [68]=NarrowOop [96]=NarrowOop }
                      ;*checkcast {reexecute=0 rethrow=0 return_oop=0}
                      ; - net.minecraft.server.world.ThreadedAnvilChunkStorage$$Lambda/0x00007c1bf1070e30::apply@21
                      ; - com.mojang.datafixers.util.Either$Left::map@5 (line 38)
                      ; - net.minecraft.server.world.ThreadedAnvilChunkStorage::method_17224@20 (line 673)
                      ; - net.minecraft.server.world.ThreadedAnvilChunkStorage$$Lambda/0x00007c1bf10469d8::apply@24
                      ; - java.util.concurrent.CompletableFuture$UniCompose::tryFire@105 (line 1150)
  0x00007c1c54c87d8c: 7031 70ff 

  0x00007c1c54c87d90: ;   {other}
  0x00007c1c54c87d90: 0f1f 8400 | 0019 0024 | bef4 ffff | ff48 8b6c | 2420 448b | 5c24 3044 | 895c 2408 | 448b 5424 
  0x00007c1c54c87db0: 4444 8954 | 240c 448b | 5c24 4044 | 895c 2410 | 448b 5424 | 3444 8954 | 2420 4889 | 5424 284c 
  0x00007c1c54c87dd0: 8b54 2468 | 4c89 5424 | 3044 8b54 | 2450 4489 | 5424 2444 | 8b5c 245c | 4489 5c24 | 3844 8b54 
  0x00007c1c54c87df0: 2458 4489 | 5424 3c44 | 8b5c 2460 | 4489 5c24 | 4044 8b54 | 2454 4489 | 5424 444c | 8b54 2478 
  0x00007c1c54c87e10: 4c89 5424 

  0x00007c1c54c87e14: ;   {runtime_call UncommonTrapBlob}
  0x00007c1c54c87e14: 7066 90e8 

  0x00007c1c54c87e18: ; ImmutableOopMap {rbp=Oop [12]=NarrowOop [16]=NarrowOop [32]=NarrowOop [36]=NarrowOop [40]=Oop [48]=Oop [56]=NarrowOop [60]=NarrowOop [64]=NarrowOop [68]=NarrowOop [100]=NarrowOop [112]=Oop }
                      ;*checkcast {reexecute=0 rethrow=0 return_oop=0}
                      ; - net.minecraft.server.world.ThreadedAnvilChunkStorage::method_17225@16 (line 679)
                      ; - net.minecraft.server.world.ThreadedAnvilChunkStorage$$Lambda/0x00007c1bf1070e30::apply@24
                      ; - com.mojang.datafixers.util.Either$Left::map@5 (line 38)
                      ; - net.minecraft.server.world.ThreadedAnvilChunkStorage::method_17224@20 (line 673)
                      ; - net.minecraft.server.world.ThreadedAnvilChunkStorage$$Lambda/0x00007c1bf10469d8::apply@24
                      ; - java.util.concurrent.CompletableFuture$UniCompose::tryFire@105 (line 1150)
  0x00007c1c54c87e18: e430 70ff 

  0x00007c1c54c87e1c: ;   {other}
  0x00007c1c54c87e1c: 0f1f 8400 | 8c19 0025 | 4d8b c3be | f6ff ffff | 4c8b 5424 | 204c 8954 | 2408 448b | 5c24 3044 
  0x00007c1c54c87e3c: 895c 2410 | 448b 5424 | 4444 8954 | 2414 448b | 5c24 4044 | 895c 2418 | 448b 5424 | 3444 8954 
  0x00007c1c54c87e5c: 2428 4889 | 5424 304c | 8b54 2468 | 4c89 5424 | 3844 8b54 | 2450 4489 | 5424 2c44 | 8b5c 245c 
  0x00007c1c54c87e7c: 4489 5c24 | 4044 8b54 | 2458 4489 | 5424 4444 | 8b5c 2460 | 4489 5c24 | 4848 8944 | 24f8 8b44 
  0x00007c1c54c87e9c: 2454 8944 | 244c 488b | 4424 f84c | 8984 2490 

  0x00007c1c54c87eac: ;   {runtime_call UncommonTrapBlob}
  0x00007c1c54c87eac: 0000 00e8 

  0x00007c1c54c87eb0: ; ImmutableOopMap {[8]=Oop [20]=NarrowOop [24]=NarrowOop [40]=NarrowOop [44]=NarrowOop [48]=Oop [56]=Oop [64]=NarrowOop [68]=NarrowOop [72]=NarrowOop [76]=NarrowOop [100]=NarrowOop [120]=Oop [128]=Oop [144]=Oop }
                      ;*invokevirtual getIndex {reexecute=0 rethrow=0 return_oop=0}
                      ; - net.minecraft.world.chunk.ChunkStatus::isAtLeast@5 (line 290)
                      ; - net.minecraft.server.world.ThreadedAnvilChunkStorage::method_17225@27 (line 681)
                      ; - net.minecraft.server.world.ThreadedAnvilChunkStorage$$Lambda/0x00007c1bf1070e30::apply@24
                      ; - com.mojang.datafixers.util.Either$Left::map@5 (line 38)
                      ; - net.minecraft.server.world.ThreadedAnvilChunkStorage::method_17224@20 (line 673)
                      ; - net.minecraft.server.world.ThreadedAnvilChunkStorage$$Lambda/0x00007c1bf10469d8::apply@24
                      ; - java.util.concurrent.CompletableFuture$UniCompose::tryFire@105 (line 1150)
  0x00007c1c54c87eb0: 4c30 70ff 

  0x00007c1c54c87eb4: ;   {other}
  0x00007c1c54c87eb4: 0f1f 8400 | 241a 0026 | bef6 ffff | ff48 8b6c | 2420 448b | 5c24 3044 | 895c 2408 | 448b 5424 
  0x00007c1c54c87ed4: 4444 8954 | 240c 448b | 5c24 4044 | 895c 2410 | 4c8b 5424 | 484c 8954 | 2418 448b | 5424 3444 
  0x00007c1c54c87ef4: 8954 2420 | 4c8b 5424 | 684c 8954 | 2430 448b | 5424 5044 | 8954 2424 | 448b 5c24 | 5c44 895c 
  0x00007c1c54c87f14: 2438 448b | 5424 5844 | 8954 243c | 448b 5c24 | 6044 895c | 2440 448b | 5424 5444 | 8954 2444 
  0x00007c1c54c87f34: 4c8b 5424 | 784c 8954 | 2470 4c8b | 9424 8000 | 0000 4c89 | 5424 7848 | 8984 2480 

  0x00007c1c54c87f50: ;   {runtime_call UncommonTrapBlob}
  0x00007c1c54c87f50: 0000 00e8 

  0x00007c1c54c87f54: ; ImmutableOopMap {rbp=Oop [12]=NarrowOop [16]=NarrowOop [24]=Oop [32]=NarrowOop [36]=NarrowOop [48]=Oop [56]=NarrowOop [60]=NarrowOop [64]=NarrowOop [68]=NarrowOop [100]=NarrowOop [112]=Oop [120]=Oop [128]=Oop }
                      ;*invokeinterface setChunkStatus {reexecute=0 rethrow=0 return_oop=0}
                      ; - net.minecraft.server.world.ThreadedAnvilChunkStorage::method_17225@102 (line 686)
                      ; - net.minecraft.server.world.ThreadedAnvilChunkStorage$$Lambda/0x00007c1bf1070e30::apply@24
                      ; - com.mojang.datafixers.util.Either$Left::map@5 (line 38)
                      ; - net.minecraft.server.world.ThreadedAnvilChunkStorage::method_17224@20 (line 673)
                      ; - net.minecraft.server.world.ThreadedAnvilChunkStorage$$Lambda/0x00007c1bf10469d8::apply@24
                      ; - java.util.concurrent.CompletableFuture$UniCompose::tryFire@105 (line 1150)
  0x00007c1c54c87f54: a82f 70ff 

  0x00007c1c54c87f58: ;   {other}
  0x00007c1c54c87f58: 0f1f 8400 | c81a 0027 | be5e ffff | ff48 8b6c | 2420 4c8b | 5424 684c | 8954 2428 

  0x00007c1c54c87f74: ;   {runtime_call UncommonTrapBlob}
  0x00007c1c54c87f74: 6666 90e8 

  0x00007c1c54c87f78: ; ImmutableOopMap {rbp=Oop [40]=Oop [64]=NarrowOop [68]=NarrowOop [72]=Oop [104]=Oop }
                      ;*invokeinterface toCompletableFuture {reexecute=0 rethrow=0 return_oop=0}
                      ; - java.util.concurrent.CompletableFuture$UniCompose::tryFire@113 (line 1150)
  0x00007c1c54c87f78: 842f 70ff 

  0x00007c1c54c87f7c: ;   {other}
  0x00007c1c54c87f7c: 0f1f 8400 | ec1a 0028 | be45 ffff | ff49 8beb | 8954 2408 | 4489 4424 

  0x00007c1c54c87f94: ;   {runtime_call UncommonTrapBlob}
  0x00007c1c54c87f94: 1066 90e8 

  0x00007c1c54c87f98: ; ImmutableOopMap {rbp=Oop [16]=NarrowOop [64]=NarrowOop }
                      ;*ifnull {reexecute=1 rethrow=0 return_oop=0}
                      ; - (reexecute) java.util.concurrent.CompletableFuture$UniCompose::tryFire@6 (line 1135)
  0x00007c1c54c87f98: 642f 70ff 

  0x00007c1c54c87f9c: ;   {other}
  0x00007c1c54c87f9c: 0f1f 8400 | 0c1b 0029 | be45 ffff | ff49 8beb | 8954 2408 | 897c 2414 

  0x00007c1c54c87fb4: ;   {runtime_call UncommonTrapBlob}
  0x00007c1c54c87fb4: 6666 90e8 

  0x00007c1c54c87fb8: ; ImmutableOopMap {rbp=Oop [20]=NarrowOop [64]=NarrowOop }
                      ;*ifnull {reexecute=1 rethrow=0 return_oop=0}
                      ; - (reexecute) java.util.concurrent.CompletableFuture$UniCompose::tryFire@16 (line 1135)
  0x00007c1c54c87fb8: 442f 70ff 

  0x00007c1c54c87fbc: ;   {other}
  0x00007c1c54c87fbc: 0f1f 8400 | 2c1b 002a | be45 ffff | ff49 8beb | 8954 2408 | 4489 4424 | 0c89 7c24 | 1844 8974 
  0x00007c1c54c87fdc: ;   {runtime_call UncommonTrapBlob}
  0x00007c1c54c87fdc: 241c 90e8 

  0x00007c1c54c87fe0: ; ImmutableOopMap {rbp=Oop [12]=NarrowOop [24]=NarrowOop [28]=NarrowOop [64]=NarrowOop }
                      ;*ifnonnull {reexecute=1 rethrow=0 return_oop=0}
                      ; - (reexecute) java.util.concurrent.CompletableFuture$UniCompose::tryFire@35 (line 1135)
  0x00007c1c54c87fe0: 1c2f 70ff 

  0x00007c1c54c87fe4: ;   {other}
  0x00007c1c54c87fe4: 0f1f 8400 | 541b 002b | bef6 ffff | ff48 8b6c | 2420 448b | 5424 3044 | 8954 2408 | 448b 5c24 
  0x00007c1c54c88004: 4444 895c | 240c 448b | 5424 4044 | 8954 2410 | 448b 5424 | 3444 8954 | 2420 4889 | 5424 284c 
  0x00007c1c54c88024: 8b54 2468 | 4c89 5424 | 3044 8b54 | 2450 4489 | 5424 2444 | 8b5c 245c | 4489 5c24 | 3844 8b54 
  0x00007c1c54c88044: 2458 4489 | 5424 3c44 | 8b5c 2460 | 4489 5c24 | 4044 8b54 | 2454 4489 | 5424 444c | 894c 2478 
  0x00007c1c54c88064: 4c89 8c24 | 8800 0000 | 4489 8424 | 8400 0000 | 4489 8424 | 9000 0000 

  0x00007c1c54c8807c: ;   {runtime_call UncommonTrapBlob}
  0x00007c1c54c8807c: 6666 90e8 

  0x00007c1c54c88080: ; ImmutableOopMap {rbp=Oop [12]=NarrowOop [16]=NarrowOop [32]=NarrowOop [36]=NarrowOop [40]=Oop [48]=Oop [56]=NarrowOop [60]=NarrowOop [64]=NarrowOop [68]=NarrowOop [100]=NarrowOop [120]=Oop [136]=Oop }
                      ;*aaload {reexecute=0 rethrow=0 return_oop=0}
                      ; - java.util.ArrayList::elementData@5 (line 411)
                      ; - java.util.ArrayList::get@11 (line 428)
                      ; - net.minecraft.server.world.ThreadedAnvilChunkStorage::method_17225@11 (line 679)
                      ; - net.minecraft.server.world.ThreadedAnvilChunkStorage$$Lambda/0x00007c1bf1070e30::apply@24
                      ; - com.mojang.datafixers.util.Either$Left::map@5 (line 38)
                      ; - net.minecraft.server.world.ThreadedAnvilChunkStorage::method_17224@20 (line 673)
                      ; - net.minecraft.server.world.ThreadedAnvilChunkStorage$$Lambda/0x00007c1bf10469d8::apply@24
                      ; - java.util.concurrent.CompletableFuture$UniCompose::tryFire@105 (line 1150)
  0x00007c1c54c88080: 7c2e 70ff 

  0x00007c1c54c88084: ;   {other}
  0x00007c1c54c88084: 0f1f 8400 | f41b 002c | 488b f0eb | 05eb 0048 | 8bf0 4881 | c450 0100 

  0x00007c1c54c8809c: ;   {runtime_call _rethrow_Java}
  0x00007c1c54c8809c: 005d e9dd | 4a74 ffbe | f6ff ffff | 448b 5c24 | 3044 895c | 2408 448b | 5424 4444 | 8954 240c 
  0x00007c1c54c880bc: 448b 5c24 | 4044 895c | 2410 4c8b | 5424 484c | 8954 2418 | 448b 5424 | 3444 8954 | 2420 4c8b 
  0x00007c1c54c880dc: 5424 684c | 8954 2430 | 448b 5424 | 5044 8954 | 2424 448b | 5c24 5c44 | 895c 2438 | 448b 5424 
  0x00007c1c54c880fc: 5844 8954 | 243c 448b | 5424 5444 | 8954 2444 | 4c8b 9424 | 8000 0000 | 4c89 5424 

  0x00007c1c54c88118: ;   {runtime_call UncommonTrapBlob}
  0x00007c1c54c88118: 7066 90e8 

  0x00007c1c54c8811c: ; ImmutableOopMap {rbp=Oop [12]=NarrowOop [16]=NarrowOop [24]=Oop [32]=NarrowOop [36]=NarrowOop [48]=Oop [56]=NarrowOop [60]=NarrowOop [68]=NarrowOop [96]=NarrowOop [100]=NarrowOop [112]=Oop [120]=Oop [136]=Oop [144]=Oop [264]=Oop }
                      ;*getfield x {reexecute=1 rethrow=0 return_oop=0}
                      ; - (reexecute) net.minecraft.server.world.ThreadedAnvilChunkStorage::method_17225@156 (line 693)
                      ; - net.minecraft.server.world.ThreadedAnvilChunkStorage$$Lambda/0x00007c1bf1070e30::apply@24
                      ; - com.mojang.datafixers.util.Either$Left::map@5 (line 38)
                      ; - net.minecraft.server.world.ThreadedAnvilChunkStorage::method_17224@20 (line 673)
                      ; - net.minecraft.server.world.ThreadedAnvilChunkStorage$$Lambda/0x00007c1bf10469d8::apply@24
                      ; - java.util.concurrent.CompletableFuture$UniCompose::tryFire@105 (line 1150)
  0x00007c1c54c8811c: e02d 70ff 

  0x00007c1c54c88120: ;   {other}
  0x00007c1c54c88120: 0f1f 8400 | 901c 002d | e9bd 0300 | 0049 8bf7 | 49ba 4021 | dc64 1c7c | 0000 41ff 

  0x00007c1c54c8813c: ;   {other}
  0x00007c1c54c8813c: d20f 1f84 | 0000 0000 | 00e9 9002 | 0000 498b | f749 ba40 | 21dc 641c | 7c00 0041 

  0x00007c1c54c88158: ;   {other}
  0x00007c1c54c88158: ffd2 0f1f | 8400 0000 | 0000 e90b | 0200 00e9 | 7e03 0000 | e979 0300 | 00e9 7403 | 0000 e96f 
  0x00007c1c54c88178: 0300 00e9 | 6a03 0000 | 4c8b d045 | 33db 4533 | c04c 895c | 2438 4c89 | 4424 50e9 | 5d03 0000 
  0x00007c1c54c88198: 448b 5008 | 49bb 0000 | 00ef 1b7c | 0000 4d03 | da4d 8b53 

  0x00007c1c54c881ac: ;   {metadata('java/lang/Exception')}
  0x00007c1c54c881ac: 4049 bba8 | d600 ef1b | 7c00 004d | 3bd3 0f85 | 2a03 0000 | 4889 8424 | 0801 0000 | eb75 448b 
  0x00007c1c54c881cc: 5008 49bb | 0000 00ef | 1b7c 0000 | 4d03 daeb | 1144 8b50 | 0849 bb00 | 0000 ef1b | 7c00 004d 
  0x00007c1c54c881ec: 03da 4d8b 

  0x00007c1c54c881f0: ;   {metadata('java/lang/Exception')}
  0x00007c1c54c881f0: 5340 49bb | a8d6 00ef | 1b7c 0000 | 4d3b d30f | 85e5 0200 | 0048 8984 | 2408 0100 | 00eb 3044 
  0x00007c1c54c88210: 8b58 0849 | ba00 0000 | ef1b 7c00 | 004d 03d3 | 4d8b 5240 

  0x00007c1c54c88224: ;   {metadata('java/lang/Exception')}
  0x00007c1c54c88224: 49bb a8d6 | 00ef 1b7c | 0000 4d3b | d30f 85b3 | 0200 0048 | 8984 2408 | 0100 0044 | 8b54 2460 
  0x00007c1c54c88244: 49c1 e203 | 4c89 9424 | 8000 0000 | 488b b424 | 0801 0000 | 488b 6c24 | 2044 8b54 | 245c 4489 
  0x00007c1c54c88264: 5424 0c48 | 8944 24f8 | 8b44 2458 | 8944 2410 | 488b 4424 

  0x00007c1c54c88278: ;   {optimized virtual_call}
  0x00007c1c54c88278: f866 90e8 

  0x00007c1c54c8827c: ; ImmutableOopMap {rbp=Oop [12]=NarrowOop [16]=NarrowOop [20]=NarrowOop [24]=Oop [32]=Oop [40]=Oop [52]=NarrowOop [56]=Oop [64]=NarrowOop [68]=NarrowOop [72]=Oop [80]=NarrowOop [84]=NarrowOop [88]=NarrowOop [92]=NarrowOop [96]=NarrowOop [100]=NarrowOop [104]=Oop [112]=Oop [120]=Oop [128]=Oop [152]=Oop [264]=Oop }
                      ;*invokevirtual getStackTrace {reexecute=0 rethrow=0 return_oop=1}
                      ; - net.minecraft.server.world.ThreadedAnvilChunkStorage::method_17225@114 (line 689)
                      ; - net.minecraft.server.world.ThreadedAnvilChunkStorage$$Lambda/0x00007c1bf1070e30::apply@24
                      ; - com.mojang.datafixers.util.Either$Left::map@5 (line 38)
                      ; - net.minecraft.server.world.ThreadedAnvilChunkStorage::method_17224@20 (line 673)
                      ; - net.minecraft.server.world.ThreadedAnvilChunkStorage$$Lambda/0x00007c1bf10469d8::apply@24
                      ; - java.util.concurrent.CompletableFuture$UniCompose::tryFire@105 (line 1150)
  0x00007c1c54c8827c: 00d1 6fff 

  0x00007c1c54c88280: ;   {other}
  0x00007c1c54c88280: 0f1f 8400 | f01d 002e 

  0x00007c1c54c88288: ;   {oop("Exception generating new chunk"{0x000000071d8398b0})}
  0x00007c1c54c88288: 48ba b098 | 831d 0700 | 0000 488b | b424 0801 

  0x00007c1c54c88298: ;   {static_call}
  0x00007c1c54c88298: 0000 90e8 

  0x00007c1c54c8829c: ; ImmutableOopMap {rbp=Oop [12]=NarrowOop [16]=NarrowOop [20]=NarrowOop [24]=Oop [32]=Oop [40]=Oop [52]=NarrowOop [56]=Oop [64]=NarrowOop [68]=NarrowOop [72]=Oop [80]=NarrowOop [84]=NarrowOop [88]=NarrowOop [92]=NarrowOop [96]=NarrowOop [100]=NarrowOop [104]=Oop [112]=Oop [120]=Oop [128]=Oop [152]=Oop [264]=Oop }
                      ;*invokestatic create {reexecute=0 rethrow=0 return_oop=1}
                      ; - net.minecraft.server.world.ThreadedAnvilChunkStorage::method_17225@123 (line 690)
                      ; - net.minecraft.server.world.ThreadedAnvilChunkStorage$$Lambda/0x00007c1bf1070e30::apply@24
                      ; - com.mojang.datafixers.util.Either$Left::map@5 (line 38)
                      ; - net.minecraft.server.world.ThreadedAnvilChunkStorage::method_17224@20 (line 673)
                      ; - net.minecraft.server.world.ThreadedAnvilChunkStorage$$Lambda/0x00007c1bf10469d8::apply@24
                      ; - java.util.concurrent.CompletableFuture$UniCompose::tryFire@105 (line 1150)
  0x00007c1c54c8829c: e0d6 6fff 

  0x00007c1c54c882a0: ;   {other}
  0x00007c1c54c882a0: 0f1f 8400 | 101e 002f | 4889 8424 | 8800 0000 | 4885 c00f | 8494 0300 

  0x00007c1c54c882b8: ;   {oop("Chunk to be generated"{0x000000071d839870})}
  0x00007c1c54c882b8: 0048 ba70 | 9883 1d07 | 0000 0048 

  0x00007c1c54c882c4: ;   {optimized virtual_call}
  0x00007c1c54c882c4: 8bf0 90e8 

  0x00007c1c54c882c8: ; ImmutableOopMap {rbp=Oop [12]=NarrowOop [16]=NarrowOop [20]=NarrowOop [24]=Oop [32]=Oop [40]=Oop [52]=NarrowOop [56]=Oop [64]=NarrowOop [68]=NarrowOop [72]=Oop [80]=NarrowOop [84]=NarrowOop [88]=NarrowOop [92]=NarrowOop [96]=NarrowOop [100]=NarrowOop [104]=Oop [112]=Oop [120]=Oop [128]=Oop [136]=Oop [152]=Oop [264]=Oop }
                      ;*invokevirtual addElement {reexecute=0 rethrow=0 return_oop=1}
                      ; - net.minecraft.server.world.ThreadedAnvilChunkStorage::method_17225@133 (line 691)
                      ; - net.minecraft.server.world.ThreadedAnvilChunkStorage$$Lambda/0x00007c1bf1070e30::apply@24
                      ; - com.mojang.datafixers.util.Either$Left::map@5 (line 38)
                      ; - net.minecraft.server.world.ThreadedAnvilChunkStorage::method_17224@20 (line 673)
                      ; - net.minecraft.server.world.ThreadedAnvilChunkStorage$$Lambda/0x00007c1bf10469d8::apply@24
                      ; - java.util.concurrent.CompletableFuture$UniCompose::tryFire@105 (line 1150)
  0x00007c1c54c882c8: b4d0 6fff 

  0x00007c1c54c882cc: ;   {other}
  0x00007c1c54c882cc: 0f1f 8400 | 3c1e 0030 | 4885 c00f | 85f3 0300 | 0049 8b87 | b801 0000 | 4c8b d049 | 83c2 184d 
  0x00007c1c54c882ec: 3b97 c801 | 0000 0f83 | 3403 0000 | 4d89 97b8 | 0100 0041 | 0f18 8200 | 0100 0048 | c700 0100 
  0x00007c1c54c8830c: 0000 410f | 1882 4001 

  0x00007c1c54c88314: ;   {metadata('java/lang/Object'[])}
  0x00007c1c54c88314: 0000 c740 | 0830 1300 | 0041 0f18 | 8280 0100 | 00c7 400c | 0200 0000 | 4c89 6010 | 4c8b d04c 
  0x00007c1c54c88334: 8994 2490 | 0000 0044 | 8b5c 240c 

  0x00007c1c54c88340: ; implicit exception: dispatches to 0x00007c1c54c880a3
  0x00007c1c54c88340: 438b 74dc | 0c4b 8d2c 

  0x00007c1c54c88348: ;   {static_call}
  0x00007c1c54c88348: dc66 90e8 

  0x00007c1c54c8834c: ; ImmutableOopMap {rbp=Oop [20]=NarrowOop [24]=Oop [32]=Oop [40]=Oop [52]=NarrowOop [56]=Oop [64]=NarrowOop [68]=NarrowOop [72]=Oop [80]=NarrowOop [84]=NarrowOop [88]=NarrowOop [92]=NarrowOop [96]=NarrowOop [100]=NarrowOop [104]=Oop [112]=Oop [120]=Oop [128]=Oop [136]=Oop [144]=Oop [152]=Oop [264]=Oop }
                      ;*invokestatic valueOf {reexecute=0 rethrow=0 return_oop=1}
                      ; - net.minecraft.server.world.ThreadedAnvilChunkStorage::method_17225@159 (line 693)
                      ; - net.minecraft.server.world.ThreadedAnvilChunkStorage$$Lambda/0x00007c1bf1070e30::apply@24
                      ; - com.mojang.datafixers.util.Either$Left::map@5 (line 38)
                      ; - net.minecraft.server.world.ThreadedAnvilChunkStorage::method_17224@20 (line 673)
                      ; - net.minecraft.server.world.ThreadedAnvilChunkStorage$$Lambda/0x00007c1bf10469d8::apply@24
                      ; - java.util.concurrent.CompletableFuture$UniCompose::tryFire@105 (line 1150)
  0x00007c1c54c8834c: 30d6 6fff 

  0x00007c1c54c88350: ;   {other}
  0x00007c1c54c88350: 0f1f 8400 | c01e 0031 | 488b d84c | 8bac 2490 | 0000 0049 | 83c5 1041 | 807f 4000 | 0f85 ac01 
  0x00007c1c54c88370: 0000 4d8b | d54c 8bdb | 4d33 da4c | 8bcb 49c1 | e903 4589 | 4d00 49c1 | eb15 4d85 | db74 1a49 
  0x00007c1c54c88390: c1ea 0948 | bf00 5033 | 481c 7c00 | 0049 03fa | 803f 020f | 85e3 0100 | 0044 8b5c | 245c 438b 
  0x00007c1c54c883b0: ;   {static_call}
  0x00007c1c54c883b0: 74dc 10e8 

  0x00007c1c54c883b4: ; ImmutableOopMap {rbp=Oop [20]=NarrowOop [24]=Oop [32]=Oop [40]=Oop [52]=NarrowOop [56]=Oop [64]=NarrowOop [68]=NarrowOop [72]=Oop [80]=NarrowOop [84]=NarrowOop [88]=NarrowOop [92]=NarrowOop [96]=NarrowOop [100]=NarrowOop [104]=Oop [112]=Oop [120]=Oop [128]=Oop [136]=Oop [144]=Oop [152]=Oop [264]=Oop }
                      ;*invokestatic valueOf {reexecute=0 rethrow=0 return_oop=1}
                      ; - net.minecraft.server.world.ThreadedAnvilChunkStorage::method_17225@169 (line 693)
                      ; - net.minecraft.server.world.ThreadedAnvilChunkStorage$$Lambda/0x00007c1bf1070e30::apply@24
                      ; - com.mojang.datafixers.util.Either$Left::map@5 (line 38)
                      ; - net.minecraft.server.world.ThreadedAnvilChunkStorage::method_17224@20 (line 673)
                      ; - net.minecraft.server.world.ThreadedAnvilChunkStorage$$Lambda/0x00007c1bf10469d8::apply@24
                      ; - java.util.concurrent.CompletableFuture$UniCompose::tryFire@105 (line 1150)
  0x00007c1c54c883b4: c8d5 6fff 

  0x00007c1c54c883b8: ;   {other}
  0x00007c1c54c883b8: 0f1f 8400 | 281f 0032 | 488b d84c | 8bac 2490 | 0000 0049 | 83c5 1441 | 807f 4000 | 0f85 7b01 
  0x00007c1c54c883d8: 0000 4d8b | d54c 8bdb | 4d33 da4c | 8bc3 49c1 | e803 4589 | 4500 49c1 | eb15 4d85 | db74 1e49 
  0x00007c1c54c883f8: c1ea 0949 | bb00 5033 | 481c 7c00 | 004d 03da | 4d8b d341 | 803b 020f | 85c5 0100 

  0x00007c1c54c88414: ;   {oop(a 'java/util/Locale'{0x000000070793d9e8})}
  0x00007c1c54c88414: 0048 bee8 | d993 0707 

  0x00007c1c54c8841c: ;   {oop("%d,%d"{0x000000071d839810})}
  0x00007c1c54c8841c: 0000 0048 | ba10 9883 | 1d07 0000 | 0048 8b8c | 2490 0000 

  0x00007c1c54c88430: ;   {static_call}
  0x00007c1c54c88430: 0066 90e8 

  0x00007c1c54c88434: ; ImmutableOopMap {rbp=Oop [20]=NarrowOop [24]=Oop [32]=Oop [40]=Oop [52]=NarrowOop [56]=Oop [64]=NarrowOop [68]=NarrowOop [72]=Oop [80]=NarrowOop [84]=NarrowOop [88]=NarrowOop [92]=NarrowOop [96]=NarrowOop [100]=NarrowOop [104]=Oop [112]=Oop [120]=Oop [128]=Oop [136]=Oop [152]=Oop [264]=Oop }
                      ;*invokestatic format {reexecute=0 rethrow=0 return_oop=1}
                      ; - net.minecraft.server.world.ThreadedAnvilChunkStorage::method_17225@173 (line 693)
                      ; - net.minecraft.server.world.ThreadedAnvilChunkStorage$$Lambda/0x00007c1bf1070e30::apply@24
                      ; - com.mojang.datafixers.util.Either$Left::map@5 (line 38)
                      ; - net.minecraft.server.world.ThreadedAnvilChunkStorage::method_17224@20 (line 673)
                      ; - net.minecraft.server.world.ThreadedAnvilChunkStorage$$Lambda/0x00007c1bf10469d8::apply@24
                      ; - java.util.concurrent.CompletableFuture$UniCompose::tryFire@105 (line 1150)
  0x00007c1c54c88434: 48d5 6fff 

  0x00007c1c54c88438: ;   {other}
  0x00007c1c54c88438: 0f1f 8400 | a81f 0033 | be57 0300 | 0048 8b6c | 2420 448b | 5424 3044 | 8954 2408 | 448b 5c24 
  0x00007c1c54c88458: 4444 895c | 240c 448b | 5424 4044 | 8954 2410 | 4c8b 5424 | 484c 8954 | 2418 448b | 5c24 3444 
  0x00007c1c54c88478: 895c 2420 | 4c8b 5424 | 684c 8954 | 2430 448b | 5424 5044 | 8954 2424 | 448b 5c24 | 5c44 895c 
  0x00007c1c54c88498: 2438 448b | 5424 5844 | 8954 243c | 448b 5424 | 5444 8954 | 2444 4c8b | 9424 8000 | 0000 4c89 
  0x00007c1c54c884b8: 5424 7048 | 8984 2490 

  0x00007c1c54c884c0: ;   {runtime_call UncommonTrapBlob}
  0x00007c1c54c884c0: 0000 00e8 

  0x00007c1c54c884c4: ; ImmutableOopMap {rbp=Oop [12]=NarrowOop [16]=NarrowOop [24]=Oop [32]=NarrowOop [36]=NarrowOop [48]=Oop [56]=NarrowOop [60]=NarrowOop [68]=NarrowOop [96]=NarrowOop [100]=NarrowOop [112]=Oop [120]=Oop [136]=Oop [144]=Oop [264]=Oop }
                      ;*invokevirtual add {reexecute=0 rethrow=0 return_oop=0}
                      ; - net.minecraft.server.world.ThreadedAnvilChunkStorage::method_17225@176 (line 693)
                      ; - net.minecraft.server.world.ThreadedAnvilChunkStorage$$Lambda/0x00007c1bf1070e30::apply@24
                      ; - com.mojang.datafixers.util.Either$Left::map@5 (line 38)
                      ; - net.minecraft.server.world.ThreadedAnvilChunkStorage::method_17224@20 (line 673)
                      ; - net.minecraft.server.world.ThreadedAnvilChunkStorage$$Lambda/0x00007c1bf10469d8::apply@24
                      ; - java.util.concurrent.CompletableFuture$UniCompose::tryFire@105 (line 1150)
  0x00007c1c54c884c4: 382a 70ff 

  0x00007c1c54c884c8: ;   {other}
  0x00007c1c54c884c8: 0f1f 8400 | 3820 0034 | 4c8b d045 | 33db 4533 | c04c 895c | 2438 4c89 | 4424 50eb | 104c 8bd0 
  0x00007c1c54c884e8: eb0b 4c8b | d045 33db | 4c89 5c24 | 5048 8b6c | 2428 488b | 7424 2849 | 8bd2 4c89 

  0x00007c1c54c88504: ;   {optimized virtual_call}
  0x00007c1c54c88504: 5424 48e8 

  0x00007c1c54c88508: ; ImmutableOopMap {rbp=Oop [20]=NarrowOop [24]=Oop [32]=Oop [56]=Oop [64]=NarrowOop [68]=NarrowOop [72]=Oop }
                      ;*invokevirtual completeThrowable {reexecute=0 rethrow=0 return_oop=0}
                      ; - java.util.concurrent.CompletableFuture$UniCompose::tryFire@173 (line 1159)
  0x00007c1c54c88508: 74ce 6fff 

  0x00007c1c54c8850c: ;   {other}
  0x00007c1c54c8850c: 0f1f 8400 | 7c20 0035 | 4c8b 5c24 | 38e9 b9e7 | ffff 458b | 5d00 4585 | db0f 8447 | feff ff4d 
  0x00007c1c54c8852c: 8b57 2849 | 8bfb 48c1 | e703 4d85 | d20f 840b | fcff ff4d | 8b5f 384b | 897c 13f8 | 4983 c2f8 
  0x00007c1c54c8854c: 4d89 5728 | e91d feff | ff45 8b55 | 0045 85d2 | 0f84 78fe | ffff 4d8b | 5f28 498b | fa48 c1e7 
  0x00007c1c54c8856c: 034d 85db | 0f84 b7fb | ffff 4d8b | 5738 4b89 | 7c1a f849 | 83c3 f84d | 895f 28e9 | 4efe ffff 
  0x00007c1c54c8858c: 4d8b 5758 | 4d8b 5f48 | f083 4424 | c000 803f | 000f 8406 | feff ff44 | 8827 4d85 | db75 1d49 
  0x00007c1c54c885ac: 8bf7 49ba | 6021 dc64 | 1c7c 0000 

  0x00007c1c54c885b8: ;   {other}
  0x00007c1c54c885b8: 41ff d20f | 1f84 0000 | 0000 00e9 | e1fd ffff | 4b89 7c1a | f849 83c3 | f84d 895f | 48e9 cffd 
  0x00007c1c54c885d8: ffff 4d8b | 5f58 4d8b | 4748 f083 | 4424 c000 | 4180 3a00 | 0f84 23fe | ffff 4588 | 224d 85c0 
  0x00007c1c54c885f8: 7520 498b | fa49 8bf7 | 49ba 6021 | dc64 1c7c | 0000 41ff 

  0x00007c1c54c8860c: ;   {other}
  0x00007c1c54c8860c: d20f 1f84 | 0000 0000 | 00e9 fbfd | ffff 4f89 | 5403 f849 | 83c0 f84d | 8947 48e9 | e9fd ffff 
  0x00007c1c54c8862c: ;   {metadata('java/lang/Object'[])}
  0x00007c1c54c8862c: 48be 3013 | 00ef 1b7c | 0000 ba02 

  0x00007c1c54c88638: ;   {runtime_call _new_array_Java}
  0x00007c1c54c88638: 0000 00e8 

  0x00007c1c54c8863c: ; ImmutableOopMap {rbp=Oop [12]=NarrowOop [16]=NarrowOop [20]=NarrowOop [24]=Oop [32]=Oop [40]=Oop [52]=NarrowOop [56]=Oop [64]=NarrowOop [68]=NarrowOop [72]=Oop [80]=NarrowOop [84]=NarrowOop [88]=NarrowOop [92]=NarrowOop [96]=NarrowOop [100]=NarrowOop [104]=Oop [112]=Oop [120]=Oop [128]=Oop [136]=Oop [152]=Oop [264]=Oop }
                      ;*anewarray {reexecute=0 rethrow=0 return_oop=1}
                      ; - net.minecraft.server.world.ThreadedAnvilChunkStorage::method_17225@150 (line 693)
                      ; - net.minecraft.server.world.ThreadedAnvilChunkStorage$$Lambda/0x00007c1bf1070e30::apply@24
                      ; - com.mojang.datafixers.util.Either$Left::map@5 (line 38)
                      ; - net.minecraft.server.world.ThreadedAnvilChunkStorage::method_17224@20 (line 673)
                      ; - net.minecraft.server.world.ThreadedAnvilChunkStorage$$Lambda/0x00007c1bf10469d8::apply@24
                      ; - java.util.concurrent.CompletableFuture$UniCompose::tryFire@105 (line 1150)
  0x00007c1c54c8863c: c0ae 73ff 

  0x00007c1c54c88640: ;   {other}
  0x00007c1c54c88640: 0f1f 8400 | b021 0036 | e9e3 fcff | ffbe f6ff | ffff 448b | 5c24 3044 | 895c 2408 | 448b 5424 
  0x00007c1c54c88660: 4444 8954 | 240c 448b | 5c24 4044 | 895c 2410 | 4c8b 5424 | 484c 8954 | 2418 448b | 5424 3444 
  0x00007c1c54c88680: 8954 2420 | 4c8b 5424 | 684c 8954 | 2430 448b | 5c24 5044 | 895c 2424 | 448b 5424 | 5c44 8954 
  0x00007c1c54c886a0: 2438 448b | 5c24 5844 | 895c 243c | 448b 5c24 | 5444 895c | 2444 4c8b | 9424 8000 | 0000 4c89 
  0x00007c1c54c886c0: ;   {runtime_call UncommonTrapBlob}
  0x00007c1c54c886c0: 5424 70e8 

  0x00007c1c54c886c4: ; ImmutableOopMap {rbp=Oop [12]=NarrowOop [16]=NarrowOop [24]=Oop [32]=NarrowOop [36]=NarrowOop [48]=Oop [56]=NarrowOop [60]=NarrowOop [68]=NarrowOop [96]=NarrowOop [100]=NarrowOop [112]=Oop [120]=Oop [264]=Oop }
                      ;*invokevirtual addElement {reexecute=0 rethrow=0 return_oop=0}
                      ; - net.minecraft.server.world.ThreadedAnvilChunkStorage::method_17225@133 (line 691)
                      ; - net.minecraft.server.world.ThreadedAnvilChunkStorage$$Lambda/0x00007c1bf1070e30::apply@24
                      ; - com.mojang.datafixers.util.Either$Left::map@5 (line 38)
                      ; - net.minecraft.server.world.ThreadedAnvilChunkStorage::method_17224@20 (line 673)
                      ; - net.minecraft.server.world.ThreadedAnvilChunkStorage$$Lambda/0x00007c1bf10469d8::apply@24
                      ; - java.util.concurrent.CompletableFuture$UniCompose::tryFire@105 (line 1150)
  0x00007c1c54c886c4: 3828 70ff 

  0x00007c1c54c886c8: ;   {other}
  0x00007c1c54c886c8: 0f1f 8400 | 3822 0037 | beec ffff | ff44 8b54 | 2430 4489 | 5424 0844 | 8b5c 2444 | 4489 5c24 
  0x00007c1c54c886e8: 0c44 8b54 | 2440 4489 | 5424 104c | 8b54 2448 | 4c89 5424 | 1844 8b5c | 2434 4489 | 5c24 204c 
  0x00007c1c54c88708: 8b54 2468 | 4c89 5424 | 3044 8b5c | 2450 4489 | 5c24 2444 | 8b54 245c | 4489 5424 | 3844 8b5c 
  0x00007c1c54c88728: 2458 4489 | 5c24 3c44 | 8b5c 2454 | 4489 5c24 | 444c 8b94 | 2480 0000 | 004c 8954 | 2470 4889 
  0x00007c1c54c88748: 8424 9000 

  0x00007c1c54c8874c: ;   {runtime_call UncommonTrapBlob}
  0x00007c1c54c8874c: 0000 90e8 

  0x00007c1c54c88750: ; ImmutableOopMap {rbp=Oop [12]=NarrowOop [16]=NarrowOop [24]=Oop [32]=NarrowOop [36]=NarrowOop [48]=Oop [56]=NarrowOop [60]=NarrowOop [68]=NarrowOop [96]=NarrowOop [100]=NarrowOop [112]=Oop [120]=Oop [136]=Oop [144]=Oop [264]=Oop }
                      ;*astore {reexecute=0 rethrow=0 return_oop=0}
                      ; - net.minecraft.server.world.ThreadedAnvilChunkStorage::method_17225@136 (line 691)
                      ; - net.minecraft.server.world.ThreadedAnvilChunkStorage$$Lambda/0x00007c1bf1070e30::apply@24
                      ; - com.mojang.datafixers.util.Either$Left::map@5 (line 38)
                      ; - net.minecraft.server.world.ThreadedAnvilChunkStorage::method_17224@20 (line 673)
                      ; - net.minecraft.server.world.ThreadedAnvilChunkStorage$$Lambda/0x00007c1bf10469d8::apply@24
                      ; - java.util.concurrent.CompletableFuture$UniCompose::tryFire@105 (line 1150)
  0x00007c1c54c88750: ac27 70ff 

  0x00007c1c54c88754: ;   {other}
  0x00007c1c54c88754: 0f1f 8400 | c422 0038 

  0x00007c1c54c8875c: ;   {internal_word}
  0x00007c1c54c8875c: 49ba 116e | c854 1c7c | 0000 4d89 | 9760 0400 

  0x00007c1c54c8876c: ;   {runtime_call SafepointBlob}
  0x00007c1c54c8876c: 00e9 8e38 

  0x00007c1c54c88770: ;   {runtime_call StubRoutines (final stubs)}
  0x00007c1c54c88770: 70ff e829 | 2d6e ffe9 | 82e0 ffff | f4f4 f4f4 
[Stub Code]
  0x00007c1c54c88780: ;   {no_reloc}
  0x00007c1c54c88780: 48bb 0000 | 0000 0000 

  0x00007c1c54c88788: ;   {runtime_call nmethod}
  0x00007c1c54c88788: 0000 e9fb 

  0x00007c1c54c8878c: ;   {static_stub}
  0x00007c1c54c8878c: ffff ff48 | bb00 0000 | 0000 0000 

  0x00007c1c54c88798: ;   {runtime_call nmethod}
  0x00007c1c54c88798: 00e9 fbff 

  0x00007c1c54c8879c: ;   {static_stub}
  0x00007c1c54c8879c: ffff 48bb | 0000 0000 | 0000 0000 

  0x00007c1c54c887a8: ;   {runtime_call nmethod}
  0x00007c1c54c887a8: e9fb ffff 

  0x00007c1c54c887ac: ;   {static_stub}
  0x00007c1c54c887ac: ff48 bb00 | 0000 0000 

  0x00007c1c54c887b4: ;   {runtime_call nmethod}
  0x00007c1c54c887b4: 0000 00e9 | fbff ffff 

  0x00007c1c54c887bc: ;   {static_stub}
  0x00007c1c54c887bc: 48bb 0000 | 0000 0000 

  0x00007c1c54c887c4: ;   {runtime_call nmethod}
  0x00007c1c54c887c4: 0000 e9fb 

  0x00007c1c54c887c8: ;   {static_stub}
  0x00007c1c54c887c8: ffff ff48 | bb00 0000 | 0000 0000 

  0x00007c1c54c887d4: ;   {runtime_call nmethod}
  0x00007c1c54c887d4: 00e9 fbff 

  0x00007c1c54c887d8: ;   {static_stub}
  0x00007c1c54c887d8: ffff 48bb | 0000 0000 | 0000 0000 

  0x00007c1c54c887e4: ;   {runtime_call nmethod}
  0x00007c1c54c887e4: e9fb ffff 

  0x00007c1c54c887e8: ;   {static_stub}
  0x00007c1c54c887e8: ff48 bb00 | 0000 0000 

  0x00007c1c54c887f0: ;   {runtime_call nmethod}
  0x00007c1c54c887f0: 0000 00e9 | fbff ffff 

  0x00007c1c54c887f8: ;   {static_stub}
  0x00007c1c54c887f8: 48bb 0000 | 0000 0000 

  0x00007c1c54c88800: ;   {runtime_call nmethod}
  0x00007c1c54c88800: 0000 e9fb 

  0x00007c1c54c88804: ;   {runtime_call ExceptionBlob}
  0x00007c1c54c88804: ffff ffe9 | f4b2 73ff 
[Deopt Handler Code]
  0x00007c1c54c8880c: e800 0000 | 0048 832c 

  0x00007c1c54c88814: ;   {runtime_call DeoptimizationBlob}
  0x00007c1c54c88814: 2405 e985 | 2a70 fff4 | f4f4 f4f4 
[/MachCode]


Compiled method (c1) 37567 19590       3       java.util.concurrent.CompletableFuture$Completion::run (7 bytes)
 total in heap  [0x00007c1c4e6b0810,0x00007c1c4e6b0bf8] = 1000
 relocation     [0x00007c1c4e6b0968,0x00007c1c4e6b09a8] = 64
 main code      [0x00007c1c4e6b09c0,0x00007c1c4e6b0b50] = 400
 stub code      [0x00007c1c4e6b0b50,0x00007c1c4e6b0b90] = 64
 metadata       [0x00007c1c4e6b0b90,0x00007c1c4e6b0b98] = 8
 scopes data    [0x00007c1c4e6b0b98,0x00007c1c4e6b0bb0] = 24
 scopes pcs     [0x00007c1c4e6b0bb0,0x00007c1c4e6b0bf0] = 64
 dependencies   [0x00007c1c4e6b0bf0,0x00007c1c4e6b0bf8] = 8

[Constant Pool (empty)]

[MachCode]
[Entry Point]
  # {method} {0x00007c1be59b79d8} 'run' '()V' in 'java/util/concurrent/CompletableFuture$Completion'
  #           [sp+0x40]  (sp of caller)
  0x00007c1c4e6b09c0: 448b 5608 | 49bb 0000 | 00ef 1b7c | 0000 4d03 | d34c 3bd0 

  0x00007c1c4e6b09d4: ;   {runtime_call ic_miss_stub}
  0x00007c1c4e6b09d4: 0f85 a646 | cd05 660f | 1f44 0000 
[Verified Entry Point]
  0x00007c1c4e6b09e0: 8984 2400 | c0fe ff55 | 4883 ec30 | 4181 7f20 | 1400 0000 

  0x00007c1c4e6b09f4: ;   {runtime_call StubRoutines (final stubs)}
  0x00007c1c4e6b09f4: 7405 e8a5 

  0x00007c1c4e6b09f8: ;   {metadata(method data for {method} {0x00007c1be59b79d8} 'run' '()V' in 'java/util/concurrent/CompletableFuture$Completion')}
  0x00007c1c4e6b09f8: aacb 0548 | ba70 97c6 | 791b 7c00 | 008b baf4 | 0000 0083 | c702 89ba | f400 0000 | 81e7 fe07 
  0x00007c1c4e6b0a18: 0000 85ff | 0f84 cd00 | 0000 488b 

  0x00007c1c4e6b0a24: ;   {metadata(method data for {method} {0x00007c1be59b79d8} 'run' '()V' in 'java/util/concurrent/CompletableFuture$Completion')}
  0x00007c1c4e6b0a24: d648 bf70 | 97c6 791b | 7c00 008b | 5208 49ba | 0000 00ef | 1b7c 0000 | 4903 d248 | 3b97 4801 
  0x00007c1c4e6b0a44: 0000 750d | 4883 8750 | 0100 0001 | e960 0000 | 0048 3b97 | 5801 0000 | 750d 4883 | 8760 0100 
  0x00007c1c4e6b0a64: 0001 e94a | 0000 0048 | 83bf 4801 | 0000 0075 | 1748 8997 | 4801 0000 | 48c7 8750 | 0100 0001 
  0x00007c1c4e6b0a84: 0000 00e9 | 2900 0000 | 4883 bf58 | 0100 0000 | 7517 4889 | 9758 0100 | 0048 c787 | 6001 0000 
  0x00007c1c4e6b0aa4: 0100 0000 | e908 0000 | 0048 8387 | 3801 0000 | 01ba 0100 | 0000 488b | fe48 8bf7 | 4889 7c24 
  0x00007c1c4e6b0ac4: 1848 b8ff | ffff ffff 

  0x00007c1c4e6b0acc: ;   {virtual_call}
  0x00007c1c4e6b0acc: ffff ffe8 

  0x00007c1c4e6b0ad0: ; ImmutableOopMap {[24]=Oop }
                      ;*invokevirtual tryFire {reexecute=0 rethrow=0 return_oop=0}
                      ; - java.util.concurrent.CompletableFuture$Completion::run@2 (line 482)
  0x00007c1c4e6b0ad0: 4c46 e005 

  0x00007c1c4e6b0ad4: ;   {other}
  0x00007c1c4e6b0ad4: 0f1f 8400 | c402 0000 | 4883 c430 

  0x00007c1c4e6b0ae0: ;   {poll_return}
  0x00007c1c4e6b0ae0: 5d49 3ba7 | 4804 0000 | 0f87 2200 

  0x00007c1c4e6b0aec: ;   {metadata({method} {0x00007c1be59b79d8} 'run' '()V' in 'java/util/concurrent/CompletableFuture$Completion')}
  0x00007c1c4e6b0aec: 0000 c349 | bad8 799b | e51b 7c00 | 004c 8954 | 2408 48c7 | 0424 ffff 

  0x00007c1c4e6b0b04: ;   {runtime_call counter_overflow Runtime1 stub}
  0x00007c1c4e6b0b04: ffff e875 

  0x00007c1c4e6b0b08: ; ImmutableOopMap {rsi=Oop }
                      ;*synchronization entry
                      ; - java.util.concurrent.CompletableFuture$Completion::run@-1 (line 482)
  0x00007c1c4e6b0b08: 0edb 05e9 | 12ff ffff 

  0x00007c1c4e6b0b10: ;   {internal_word}
  0x00007c1c4e6b0b10: 49ba e10a | 6b4e 1c7c | 0000 4d89 | 9760 0400 

  0x00007c1c4e6b0b20: ;   {runtime_call SafepointBlob}
  0x00007c1c4e6b0b20: 00e9 dab4 | cd05 498b | 87f8 0400 | 0049 c787 | f804 0000 | 0000 0000 | 49c7 8700 | 0500 0000 
  0x00007c1c4e6b0b40: 0000 0048 | 83c4 305d 

  0x00007c1c4e6b0b48: ;   {runtime_call unwind_exception Runtime1 stub}
  0x00007c1c4e6b0b48: e9b3 0cd2 | 05f4 f4f4 
[Stub Code]
  0x00007c1c4e6b0b50: ;   {no_reloc}
  0x00007c1c4e6b0b50: 0f1f 4400 

  0x00007c1c4e6b0b54: ;   {static_stub}
  0x00007c1c4e6b0b54: 0048 bb00 | 0000 0000 

  0x00007c1c4e6b0b5c: ;   {runtime_call nmethod}
  0x00007c1c4e6b0b5c: 0000 00e9 | fbff ffff 
[Exception Handler]
  0x00007c1c4e6b0b64: ;   {runtime_call handle_exception_from_callee Runtime1 stub}
  0x00007c1c4e6b0b64: e897 dfd1 

  0x00007c1c4e6b0b68: ;   {external_word}
  0x00007c1c4e6b0b68: 0548 bf72 | 0473 651c | 7c00 0048 

  0x00007c1c4e6b0b74: ;   {runtime_call MacroAssembler::debug64(char*, long, long*)}
  0x00007c1c4e6b0b74: 83e4 f0e8 | a4bb b416 

  0x00007c1c4e6b0b7c: ;   {section_word}
  0x00007c1c4e6b0b7c: f449 ba7d | 0b6b 4e1c | 7c00 0041 

  0x00007c1c4e6b0b88: ;   {runtime_call DeoptimizationBlob}
  0x00007c1c4e6b0b88: 52e9 12a7 | cd05 f4f4 
[/MachCode]


---------------  P R O C E S S  ---------------

Threads class SMR info:
_java_thread_list=0x00007c1bd00065d0, length=31, elements={
0x00007c1c6003a800, 0x00007c1c60164890, 0x00007c1c60165df0, 0x00007c1c60167580,
0x00007c1c60168bb0, 0x00007c1c6016a140, 0x00007c1c6016bc70, 0x00007c1c6016d320,
0x00007c1c60186ad0, 0x00007c1c601cea80, 0x00007c1c601e2750, 0x00007c1bc00013c0,
0x00007c1c602146a0, 0x00007c1c60a13f10, 0x00007c1c60a1f030, 0x00007c1c62fc2ae0,
0x00007c1c62fb0180, 0x00007c1b7d3ef440, 0x00007c1c61c923f0, 0x00007c1b7f057d90,
0x00007c1b94009380, 0x00007c1ba0015b50, 0x00007c1b7f433f50, 0x00007c1b5412aff0,
0x00007c1b7f4c7260, 0x00007c1bc87b70c0, 0x00007c1bb00b6eb0, 0x00007c1bbc00bd60,
0x00007c1bc84d51c0, 0x00007c1bb0053a20, 0x00007c1bd0002360
}

Java Threads: ( => current thread )
  0x00007c1c6003a800 JavaThread "Render thread"                     [_thread_blocked, id=1720, stack(0x00007c1c64500000,0x00007c1c64600000) (1024K)]
  0x00007c1c60164890 JavaThread "Reference Handler"          daemon [_thread_blocked, id=1733, stack(0x00007c1c44f02000,0x00007c1c45002000) (1024K)]
  0x00007c1c60165df0 JavaThread "Finalizer"                  daemon [_thread_blocked, id=1734, stack(0x00007c1c44e02000,0x00007c1c44f02000) (1024K)]
  0x00007c1c60167580 JavaThread "Signal Dispatcher"          daemon [_thread_blocked, id=1735, stack(0x00007c1c44d02000,0x00007c1c44e02000) (1024K)]
  0x00007c1c60168bb0 JavaThread "Service Thread"             daemon [_thread_blocked, id=1736, stack(0x00007c1c44c02000,0x00007c1c44d02000) (1024K)]
  0x00007c1c6016a140 JavaThread "Monitor Deflation Thread"   daemon [_thread_blocked, id=1737, stack(0x00007c1c44b02000,0x00007c1c44c02000) (1024K)]
  0x00007c1c6016bc70 JavaThread "C2 CompilerThread0"         daemon [_thread_blocked, id=1738, stack(0x00007c1c44a02000,0x00007c1c44b02000) (1024K)]
  0x00007c1c6016d320 JavaThread "C1 CompilerThread0"         daemon [_thread_blocked, id=1739, stack(0x00007c1c44902000,0x00007c1c44a02000) (1024K)]
  0x00007c1c60186ad0 JavaThread "Common-Cleaner"             daemon [_thread_blocked, id=1740, stack(0x00007c1c44802000,0x00007c1c44902000) (1024K)]
  0x00007c1c601cea80 JavaThread "JDWP Transport Listener: dt_socket" daemon [_thread_blocked, id=1742, stack(0x00007c1c44702000,0x00007c1c44802000) (1024K)]
  0x00007c1c601e2750 JavaThread "JDWP Event Helper Thread"   daemon [_thread_blocked, id=1743, stack(0x00007c1c44602000,0x00007c1c44702000) (1024K)]
  0x00007c1bc00013c0 JavaThread "JDWP Command Reader"        daemon [_thread_in_native, id=1745, stack(0x00007c1c44502000,0x00007c1c44602000) (1024K)]
  0x00007c1c602146a0 JavaThread "IntelliJ Suspend Helper"    daemon [_thread_blocked, id=1747, stack(0x00007c1c44402000,0x00007c1c44502000) (1024K)]
  0x00007c1c60a13f10 JavaThread "Coroutines Debugger Cleaner" daemon [_thread_blocked, id=1752, stack(0x00007c1c44000000,0x00007c1c44100000) (1024K)]
  0x00007c1c60a1f030 JavaThread "Notification Thread"        daemon [_thread_blocked, id=1753, stack(0x00007c1beedff000,0x00007c1beeeff000) (1024K)]
  0x00007c1c62fc2ae0 JavaThread "process reaper"             daemon [_thread_blocked, id=1764, stack(0x00007c1bee980000,0x00007c1bee9a2000) (136K)]
  0x00007c1c62fb0180 JavaThread "JNA Cleaner"                daemon [_thread_blocked, id=1765, stack(0x00007c1beeba2000,0x00007c1beeca2000) (1024K)]
  0x00007c1b7d3ef440 JavaThread "Timer hack thread"          daemon [_thread_blocked, id=1777, stack(0x00007c1beeaa2000,0x00007c1beeba2000) (1024K)]
  0x00007c1c61c923f0 JavaThread "Yggdrasil Key Fetcher"      daemon [_thread_blocked, id=1778, stack(0x00007c1c44302000,0x00007c1c44402000) (1024K)]
=>0x00007c1b7f057d90 JavaThread "Worker-Main-1"              daemon [_thread_in_Java, id=1790, stack(0x00007c1b71616000,0x00007c1b71716000) (1024K)]
  0x00007c1b94009380 JavaThread "Worker-Main-2"              daemon [_thread_blocked, id=1792, stack(0x00007c1b6fe80000,0x00007c1b6ff80000) (1024K)]
  0x00007c1ba0015b50 JavaThread "Worker-Main-3"              daemon [_thread_blocked, id=1793, stack(0x00007c1b6de80000,0x00007c1b6df80000) (1024K)]
  0x00007c1b7f433f50 JavaThread "IO-Worker-4"                       [_thread_blocked, id=1797, stack(0x00007c1b6cc00000,0x00007c1b6cd00000) (1024K)]
  0x00007c1b5412aff0 JavaThread "Sound engine"               daemon [_thread_blocked, id=1808, stack(0x00007c1beeca2000,0x00007c1beeda2000) (1024K)]
  0x00007c1b7f4c7260 JavaThread "Server thread"                     [_thread_blocked, id=1810, stack(0x00007c1bee9a2000,0x00007c1beeaa2000) (1024K)]
  0x00007c1bc87b70c0 JavaThread "C2 CompilerThread1"         daemon [_thread_in_native, id=1814, stack(0x00007c1bee281000,0x00007c1bee381000) (1024K)]
  0x00007c1bb00b6eb0 JavaThread "IO-Worker-5"                       [_thread_blocked, id=1815, stack(0x00007c1b6b000000,0x00007c1b6b100000) (1024K)]
  0x00007c1bbc00bd60 JavaThread "IO-Worker-6"                       [_thread_blocked, id=1816, stack(0x00007c1b69600000,0x00007c1b69700000) (1024K)]
  0x00007c1bc84d51c0 JavaThread "IO-Worker-7"                       [_thread_blocked, id=1817, stack(0x00007c1b646fc000,0x00007c1b647fc000) (1024K)]
  0x00007c1bb0053a20 JavaThread "IO-Worker-8"                       [_thread_blocked, id=1818, stack(0x00007c1b63800000,0x00007c1b63900000) (1024K)]
  0x00007c1bd0002360 JavaThread "IO-Worker-9"                       [_thread_blocked, id=1819, stack(0x00007c1b62100000,0x00007c1b62200000) (1024K)]
Total: 31

Other Threads:
  0x00007c1c6015c210 VMThread "VM Thread"                           [id=1732, stack(0x00007c1c45003000,0x00007c1c45103000) (1024K)]
  0x00007c1c6014a350 WatcherThread "VM Periodic Task Thread"        [id=1731, stack(0x00007c1c45104000,0x00007c1c45204000) (1024K)]
  0x00007c1c600a2d30 WorkerThread "GC Thread#0"                     [id=1725, stack(0x00007c1c47c2d000,0x00007c1c47d2d000) (1024K)]
  0x00007c1bdc00f940 WorkerThread "GC Thread#1"                     [id=1749, stack(0x00007c1c44202000,0x00007c1c44302000) (1024K)]
  0x00007c1bdc010410 WorkerThread "GC Thread#2"                     [id=1750, stack(0x00007c1c44101000,0x00007c1c44201000) (1024K)]
  0x00007c1bdc010f20 WorkerThread "GC Thread#3"                     [id=1751, stack(0x00007c1beef00000,0x00007c1bef000000) (1024K)]
  0x00007c1c600b3c20 ConcurrentGCThread "G1 Main Marker"            [id=1726, stack(0x00007c1c47b2c000,0x00007c1c47c2c000) (1024K)]
  0x00007c1c600b4bc0 WorkerThread "G1 Conc#0"                       [id=1727, stack(0x00007c1c47a2b000,0x00007c1c47b2b000) (1024K)]
  0x00007c1c60137ad0 ConcurrentGCThread "G1 Refine#0"               [id=1728, stack(0x00007c1c454fc000,0x00007c1c455fc000) (1024K)]
  0x00007c1c60138a80 ConcurrentGCThread "G1 Service"                [id=1729, stack(0x00007c1c453fb000,0x00007c1c454fb000) (1024K)]
Total: 10

Threads with active compile tasks:
C2 CompilerThread1  37570 20093 %     4       net.minecraft.world.ChunkSerializer::deserialize @ 170 (1364 bytes)
Total: 1

VM state: not at safepoint (normal execution)

VM Mutex/Monitor currently owned by a thread: None

Heap address: 0x0000000707000000, size: 3984 MB, Compressed Oops mode: Zero based, Oop shift amount: 3

CDS archive(s) mapped at: [0x00007c1bef000000-0x00007c1befd2e000-0x00007c1befd2e000), size 13819904, SharedBaseAddress: 0x00007c1bef000000, ArchiveRelocationMode: 1.
Compressed class space mapped at: 0x00007c1bf0000000-0x00007c1c30000000, reserved size: 1073741824
Narrow klass base: 0x00007c1bef000000, Narrow klass shift: 0, Narrow klass range: 0x100000000

GC Precious Log:
 CardTable entry size: 512
 Card Set container configuration: InlinePtr #cards 4 size 8 Array Of Cards #cards 16 size 48 Howl #buckets 8 coarsen threshold 3686 Howl Bitmap #cards 512 size 80 coarsen threshold 460 Card regions per heap region 1 cards per card region 4096
 CPUs: 4 total, 4 available
 Memory: 15932M
 Large Page Support: Disabled
 NUMA Support: Disabled
 Compressed Oops: Enabled (Zero based)
 Heap Region Size: 2M
 Heap Min Capacity: 8M
 Heap Initial Capacity: 250M
 Heap Max Capacity: 3984M
 Pre-touch: Disabled
 Parallel Workers: 4
 Concurrent Workers: 1
 Concurrent Refinement Workers: 4
 Periodic GC: Disabled

Heap:
 garbage-first heap   total 1845248K, used 1260590K [0x0000000707000000, 0x0000000800000000)
  region size 2048K, 242 young (495616K), 8 survivors (16384K)
 Metaspace       used 117500K, committed 118784K, reserved 1179648K
  class space    used 16342K, committed 16896K, reserved 1048576K

Heap Regions: E=young(eden), S=young(survivor), O=old, HS=humongous(starts), HC=humongous(continues), CS=collection set, F=free, TAMS=top-at-mark-start, PB=parsable bottom
|   0|0x0000000707000000, 0x0000000707200000, 0x0000000707200000|100%|HS|  |TAMS 0x0000000707000000| PB 0x0000000707000000| Complete 
|   1|0x0000000707200000, 0x0000000707400000, 0x0000000707400000|100%|HS|  |TAMS 0x0000000707200000| PB 0x0000000707200000| Complete 
|   2|0x0000000707400000, 0x0000000707600000, 0x0000000707600000|100%|HC|  |TAMS 0x0000000707400000| PB 0x0000000707400000| Complete 
|   3|0x0000000707600000, 0x0000000707800000, 0x0000000707800000|100%| O|  |TAMS 0x0000000707600000| PB 0x0000000707600000| Untracked 
|   4|0x0000000707800000, 0x0000000707a00000, 0x0000000707a00000|100%| O|  |TAMS 0x0000000707800000| PB 0x0000000707800000| Untracked 
|   5|0x0000000707a00000, 0x0000000707c00000, 0x0000000707c00000|100%| O|  |TAMS 0x0000000707a00000| PB 0x0000000707a00000| Untracked 
|   6|0x0000000707c00000, 0x0000000707e00000, 0x0000000707e00000|100%| O|  |TAMS 0x0000000707c00000| PB 0x0000000707c00000| Untracked 
|   7|0x0000000707e00000, 0x0000000708000000, 0x0000000708000000|100%| O|  |TAMS 0x0000000707e00000| PB 0x0000000707e00000| Untracked 
|   8|0x0000000708000000, 0x0000000708200000, 0x0000000708200000|100%| O|  |TAMS 0x0000000708000000| PB 0x0000000708000000| Untracked 
|   9|0x0000000708200000, 0x0000000708400000, 0x0000000708400000|100%| O|  |TAMS 0x0000000708200000| PB 0x0000000708200000| Untracked 
|  10|0x0000000708400000, 0x0000000708600000, 0x0000000708600000|100%| O|  |TAMS 0x0000000708400000| PB 0x0000000708400000| Untracked 
|  11|0x0000000708600000, 0x0000000708800000, 0x0000000708800000|100%| O|  |TAMS 0x0000000708600000| PB 0x0000000708600000| Untracked 
|  12|0x0000000708800000, 0x0000000708a00000, 0x0000000708a00000|100%| O|  |TAMS 0x0000000708800000| PB 0x0000000708800000| Untracked 
|  13|0x0000000708a00000, 0x0000000708c00000, 0x0000000708c00000|100%| O|  |TAMS 0x0000000708a00000| PB 0x0000000708a00000| Untracked 
|  14|0x0000000708c00000, 0x0000000708e00000, 0x0000000708e00000|100%| O|  |TAMS 0x0000000708c00000| PB 0x0000000708c00000| Untracked 
|  15|0x0000000708e00000, 0x0000000709000000, 0x0000000709000000|100%| O|  |TAMS 0x0000000708e00000| PB 0x0000000708e00000| Untracked 
|  16|0x0000000709000000, 0x0000000709200000, 0x0000000709200000|100%| O|  |TAMS 0x0000000709000000| PB 0x0000000709000000| Untracked 
|  17|0x0000000709200000, 0x0000000709400000, 0x0000000709400000|100%| O|  |TAMS 0x0000000709200000| PB 0x0000000709200000| Untracked 
|  18|0x0000000709400000, 0x0000000709600000, 0x0000000709600000|100%| O|  |TAMS 0x0000000709400000| PB 0x0000000709400000| Untracked 
|  19|0x0000000709600000, 0x0000000709800000, 0x0000000709800000|100%| O|  |TAMS 0x0000000709600000| PB 0x0000000709600000| Untracked 
|  20|0x0000000709800000, 0x0000000709a00000, 0x0000000709a00000|100%| O|  |TAMS 0x0000000709800000| PB 0x0000000709800000| Untracked 
|  21|0x0000000709a00000, 0x0000000709c00000, 0x0000000709c00000|100%| O|  |TAMS 0x0000000709a00000| PB 0x0000000709a00000| Untracked 
|  22|0x0000000709c00000, 0x0000000709e00000, 0x0000000709e00000|100%| O|  |TAMS 0x0000000709c00000| PB 0x0000000709c00000| Untracked 
|  23|0x0000000709e00000, 0x000000070a000000, 0x000000070a000000|100%| O|  |TAMS 0x0000000709e00000| PB 0x0000000709e00000| Untracked 
|  24|0x000000070a000000, 0x000000070a200000, 0x000000070a200000|100%| O|  |TAMS 0x000000070a000000| PB 0x000000070a000000| Untracked 
|  25|0x000000070a200000, 0x000000070a400000, 0x000000070a400000|100%| O|  |TAMS 0x000000070a200000| PB 0x000000070a200000| Untracked 
|  26|0x000000070a400000, 0x000000070a600000, 0x000000070a600000|100%| O|  |TAMS 0x000000070a400000| PB 0x000000070a400000| Untracked 
|  27|0x000000070a600000, 0x000000070a800000, 0x000000070a800000|100%| O|  |TAMS 0x000000070a600000| PB 0x000000070a600000| Untracked 
|  28|0x000000070a800000, 0x000000070aa00000, 0x000000070aa00000|100%| O|  |TAMS 0x000000070a800000| PB 0x000000070a800000| Untracked 
|  29|0x000000070aa00000, 0x000000070ac00000, 0x000000070ac00000|100%| O|  |TAMS 0x000000070aa00000| PB 0x000000070aa00000| Untracked 
|  30|0x000000070ac00000, 0x000000070ae00000, 0x000000070ae00000|100%| O|  |TAMS 0x000000070ac00000| PB 0x000000070ac00000| Untracked 
|  31|0x000000070ae00000, 0x000000070b000000, 0x000000070b000000|100%| O|  |TAMS 0x000000070ae00000| PB 0x000000070ae00000| Untracked 
|  32|0x000000070b000000, 0x000000070b200000, 0x000000070b200000|100%| O|  |TAMS 0x000000070b000000| PB 0x000000070b000000| Untracked 
|  33|0x000000070b200000, 0x000000070b400000, 0x000000070b400000|100%| O|  |TAMS 0x000000070b200000| PB 0x000000070b200000| Untracked 
|  34|0x000000070b400000, 0x000000070b600000, 0x000000070b600000|100%| O|  |TAMS 0x000000070b400000| PB 0x000000070b400000| Untracked 
|  35|0x000000070b600000, 0x000000070b800000, 0x000000070b800000|100%|HS|  |TAMS 0x000000070b600000| PB 0x000000070b600000| Complete 
|  36|0x000000070b800000, 0x000000070ba00000, 0x000000070ba00000|100%|HC|  |TAMS 0x000000070b800000| PB 0x000000070b800000| Complete 
|  37|0x000000070ba00000, 0x000000070bc00000, 0x000000070bc00000|100%|HC|  |TAMS 0x000000070ba00000| PB 0x000000070ba00000| Complete 
|  38|0x000000070bc00000, 0x000000070be00000, 0x000000070be00000|100%|HC|  |TAMS 0x000000070bc00000| PB 0x000000070bc00000| Complete 
|  39|0x000000070be00000, 0x000000070c000000, 0x000000070c000000|100%|HC|  |TAMS 0x000000070be00000| PB 0x000000070be00000| Complete 
|  40|0x000000070c000000, 0x000000070c200000, 0x000000070c200000|100%|HC|  |TAMS 0x000000070c000000| PB 0x000000070c000000| Complete 
|  41|0x000000070c200000, 0x000000070c400000, 0x000000070c400000|100%| O|  |TAMS 0x000000070c200000| PB 0x000000070c200000| Untracked 
|  42|0x000000070c400000, 0x000000070c600000, 0x000000070c600000|100%| O|  |TAMS 0x000000070c400000| PB 0x000000070c400000| Untracked 
|  43|0x000000070c600000, 0x000000070c800000, 0x000000070c800000|100%| O|  |TAMS 0x000000070c600000| PB 0x000000070c600000| Untracked 
|  44|0x000000070c800000, 0x000000070ca00000, 0x000000070ca00000|100%| O|  |TAMS 0x000000070c800000| PB 0x000000070c800000| Untracked 
|  45|0x000000070ca00000, 0x000000070cc00000, 0x000000070cc00000|100%| O|  |TAMS 0x000000070ca00000| PB 0x000000070ca00000| Untracked 
|  46|0x000000070cc00000, 0x000000070ce00000, 0x000000070ce00000|100%| O|  |TAMS 0x000000070cc00000| PB 0x000000070cc00000| Untracked 
|  47|0x000000070ce00000, 0x000000070d000000, 0x000000070d000000|100%| O|  |TAMS 0x000000070ce00000| PB 0x000000070ce00000| Untracked 
|  48|0x000000070d000000, 0x000000070d200000, 0x000000070d200000|100%| O|  |TAMS 0x000000070d000000| PB 0x000000070d000000| Untracked 
|  49|0x000000070d200000, 0x000000070d400000, 0x000000070d400000|100%| O|  |TAMS 0x000000070d200000| PB 0x000000070d200000| Untracked 
|  50|0x000000070d400000, 0x000000070d600000, 0x000000070d600000|100%| O|  |TAMS 0x000000070d400000| PB 0x000000070d400000| Untracked 
|  51|0x000000070d600000, 0x000000070d800000, 0x000000070d800000|100%| O|  |TAMS 0x000000070d600000| PB 0x000000070d600000| Untracked 
|  52|0x000000070d800000, 0x000000070da00000, 0x000000070da00000|100%| O|  |TAMS 0x000000070d800000| PB 0x000000070d800000| Untracked 
|  53|0x000000070da00000, 0x000000070dc00000, 0x000000070dc00000|100%| O|  |TAMS 0x000000070da00000| PB 0x000000070da00000| Untracked 
|  54|0x000000070dc00000, 0x000000070de00000, 0x000000070de00000|100%| O|  |TAMS 0x000000070dc00000| PB 0x000000070dc00000| Untracked 
|  55|0x000000070de00000, 0x000000070e000000, 0x000000070e000000|100%| O|  |TAMS 0x000000070de00000| PB 0x000000070de00000| Untracked 
|  56|0x000000070e000000, 0x000000070e200000, 0x000000070e200000|100%| O|  |TAMS 0x000000070e000000| PB 0x000000070e000000| Untracked 
|  57|0x000000070e200000, 0x000000070e400000, 0x000000070e400000|100%| O|  |TAMS 0x000000070e200000| PB 0x000000070e200000| Untracked 
|  58|0x000000070e400000, 0x000000070e600000, 0x000000070e600000|100%| O|  |TAMS 0x000000070e400000| PB 0x000000070e400000| Untracked 
|  59|0x000000070e600000, 0x000000070e800000, 0x000000070e800000|100%| O|  |TAMS 0x000000070e600000| PB 0x000000070e600000| Untracked 
|  60|0x000000070e800000, 0x000000070ea00000, 0x000000070ea00000|100%| O|  |TAMS 0x000000070e800000| PB 0x000000070e800000| Untracked 
|  61|0x000000070ea00000, 0x000000070ec00000, 0x000000070ec00000|100%| O|  |TAMS 0x000000070ea00000| PB 0x000000070ea00000| Untracked 
|  62|0x000000070ec00000, 0x000000070ee00000, 0x000000070ee00000|100%| O|  |TAMS 0x000000070ec00000| PB 0x000000070ec00000| Untracked 
|  63|0x000000070ee00000, 0x000000070f000000, 0x000000070f000000|100%| O|  |TAMS 0x000000070ee00000| PB 0x000000070ee00000| Untracked 
|  64|0x000000070f000000, 0x000000070f200000, 0x000000070f200000|100%| O|  |TAMS 0x000000070f000000| PB 0x000000070f000000| Untracked 
|  65|0x000000070f200000, 0x000000070f400000, 0x000000070f400000|100%| O|  |TAMS 0x000000070f200000| PB 0x000000070f200000| Untracked 
|  66|0x000000070f400000, 0x000000070f600000, 0x000000070f600000|100%| O|  |TAMS 0x000000070f400000| PB 0x000000070f400000| Untracked 
|  67|0x000000070f600000, 0x000000070f800000, 0x000000070f800000|100%| O|  |TAMS 0x000000070f600000| PB 0x000000070f600000| Untracked 
|  68|0x000000070f800000, 0x000000070fa00000, 0x000000070fa00000|100%| O|  |TAMS 0x000000070f800000| PB 0x000000070f800000| Untracked 
|  69|0x000000070fa00000, 0x000000070fc00000, 0x000000070fc00000|100%| O|  |TAMS 0x000000070fa00000| PB 0x000000070fa00000| Untracked 
|  70|0x000000070fc00000, 0x000000070fe00000, 0x000000070fe00000|100%| O|  |TAMS 0x000000070fc00000| PB 0x000000070fc00000| Untracked 
|  71|0x000000070fe00000, 0x0000000710000000, 0x0000000710000000|100%| O|  |TAMS 0x000000070fe00000| PB 0x000000070fe00000| Untracked 
|  72|0x0000000710000000, 0x0000000710200000, 0x0000000710200000|100%| O|  |TAMS 0x0000000710000000| PB 0x0000000710000000| Untracked 
|  73|0x0000000710200000, 0x0000000710400000, 0x0000000710400000|100%| O|  |TAMS 0x0000000710200000| PB 0x0000000710200000| Untracked 
|  74|0x0000000710400000, 0x0000000710600000, 0x0000000710600000|100%| O|  |TAMS 0x0000000710400000| PB 0x0000000710400000| Untracked 
|  75|0x0000000710600000, 0x0000000710800000, 0x0000000710800000|100%| O|  |TAMS 0x0000000710600000| PB 0x0000000710600000| Untracked 
|  76|0x0000000710800000, 0x0000000710a00000, 0x0000000710a00000|100%| O|  |TAMS 0x0000000710800000| PB 0x0000000710800000| Untracked 
|  77|0x0000000710a00000, 0x0000000710c00000, 0x0000000710c00000|100%| O|  |TAMS 0x0000000710a00000| PB 0x0000000710a00000| Untracked 
|  78|0x0000000710c00000, 0x0000000710e00000, 0x0000000710e00000|100%| O|  |TAMS 0x0000000710c00000| PB 0x0000000710c00000| Untracked 
|  79|0x0000000710e00000, 0x0000000711000000, 0x0000000711000000|100%| O|  |TAMS 0x0000000710e00000| PB 0x0000000710e00000| Untracked 
|  80|0x0000000711000000, 0x0000000711200000, 0x0000000711200000|100%| O|  |TAMS 0x0000000711000000| PB 0x0000000711000000| Untracked 
|  81|0x0000000711200000, 0x0000000711400000, 0x0000000711400000|100%| O|  |TAMS 0x0000000711200000| PB 0x0000000711200000| Untracked 
|  82|0x0000000711400000, 0x0000000711600000, 0x0000000711600000|100%| O|  |TAMS 0x0000000711400000| PB 0x0000000711400000| Untracked 
|  83|0x0000000711600000, 0x0000000711800000, 0x0000000711800000|100%| O|  |TAMS 0x0000000711600000| PB 0x0000000711600000| Untracked 
|  84|0x0000000711800000, 0x0000000711a00000, 0x0000000711a00000|100%|HS|  |TAMS 0x0000000711800000| PB 0x0000000711800000| Complete 
|  85|0x0000000711a00000, 0x0000000711c00000, 0x0000000711c00000|100%|HC|  |TAMS 0x0000000711a00000| PB 0x0000000711a00000| Complete 
|  86|0x0000000711c00000, 0x0000000711e00000, 0x0000000711e00000|100%| O|  |TAMS 0x0000000711c00000| PB 0x0000000711c00000| Untracked 
|  87|0x0000000711e00000, 0x0000000712000000, 0x0000000712000000|100%| O|  |TAMS 0x0000000711e00000| PB 0x0000000711e00000| Untracked 
|  88|0x0000000712000000, 0x0000000712200000, 0x0000000712200000|100%| O|  |TAMS 0x0000000712000000| PB 0x0000000712000000| Untracked 
|  89|0x0000000712200000, 0x0000000712400000, 0x0000000712400000|100%| O|  |TAMS 0x0000000712200000| PB 0x0000000712200000| Untracked 
|  90|0x0000000712400000, 0x0000000712600000, 0x0000000712600000|100%| O|  |TAMS 0x0000000712400000| PB 0x0000000712400000| Untracked 
|  91|0x0000000712600000, 0x0000000712800000, 0x0000000712800000|100%| O|  |TAMS 0x0000000712600000| PB 0x0000000712600000| Untracked 
|  92|0x0000000712800000, 0x0000000712a00000, 0x0000000712a00000|100%| O|  |TAMS 0x0000000712800000| PB 0x0000000712800000| Untracked 
|  93|0x0000000712a00000, 0x0000000712c00000, 0x0000000712c00000|100%| O|  |TAMS 0x0000000712a00000| PB 0x0000000712a00000| Untracked 
|  94|0x0000000712c00000, 0x0000000712e00000, 0x0000000712e00000|100%| O|  |TAMS 0x0000000712c00000| PB 0x0000000712c00000| Untracked 
|  95|0x0000000712e00000, 0x0000000713000000, 0x0000000713000000|100%| O|  |TAMS 0x0000000712e00000| PB 0x0000000712e00000| Untracked 
|  96|0x0000000713000000, 0x0000000713200000, 0x0000000713200000|100%| O|  |TAMS 0x0000000713000000| PB 0x0000000713000000| Untracked 
|  97|0x0000000713200000, 0x0000000713400000, 0x0000000713400000|100%| O|  |TAMS 0x0000000713200000| PB 0x0000000713200000| Untracked 
|  98|0x0000000713400000, 0x0000000713600000, 0x0000000713600000|100%| O|  |TAMS 0x0000000713400000| PB 0x0000000713400000| Untracked 
|  99|0x0000000713600000, 0x0000000713800000, 0x0000000713800000|100%| O|  |TAMS 0x0000000713600000| PB 0x0000000713600000| Untracked 
| 100|0x0000000713800000, 0x0000000713a00000, 0x0000000713a00000|100%| O|  |TAMS 0x0000000713800000| PB 0x0000000713800000| Untracked 
| 101|0x0000000713a00000, 0x0000000713c00000, 0x0000000713c00000|100%| O|  |TAMS 0x0000000713a00000| PB 0x0000000713a00000| Untracked 
| 102|0x0000000713c00000, 0x0000000713e00000, 0x0000000713e00000|100%| O|  |TAMS 0x0000000713c00000| PB 0x0000000713c00000| Untracked 
| 103|0x0000000713e00000, 0x0000000714000000, 0x0000000714000000|100%| O|  |TAMS 0x0000000713e00000| PB 0x0000000713e00000| Untracked 
| 104|0x0000000714000000, 0x0000000714200000, 0x0000000714200000|100%| O|  |TAMS 0x0000000714000000| PB 0x0000000714000000| Untracked 
| 105|0x0000000714200000, 0x0000000714400000, 0x0000000714400000|100%| O|  |TAMS 0x0000000714200000| PB 0x0000000714200000| Untracked 
| 106|0x0000000714400000, 0x0000000714600000, 0x0000000714600000|100%| O|  |TAMS 0x0000000714400000| PB 0x0000000714400000| Untracked 
| 107|0x0000000714600000, 0x0000000714800000, 0x0000000714800000|100%| O|  |TAMS 0x0000000714600000| PB 0x0000000714600000| Untracked 
| 108|0x0000000714800000, 0x0000000714a00000, 0x0000000714a00000|100%| O|  |TAMS 0x0000000714800000| PB 0x0000000714800000| Untracked 
| 109|0x0000000714a00000, 0x0000000714c00000, 0x0000000714c00000|100%| O|  |TAMS 0x0000000714a00000| PB 0x0000000714a00000| Untracked 
| 110|0x0000000714c00000, 0x0000000714e00000, 0x0000000714e00000|100%| O|  |TAMS 0x0000000714c00000| PB 0x0000000714c00000| Untracked 
| 111|0x0000000714e00000, 0x0000000715000000, 0x0000000715000000|100%| O|Cm|TAMS 0x0000000714e00000| PB 0x0000000714e00000| Complete 
| 112|0x0000000715000000, 0x0000000715200000, 0x0000000715200000|100%| O|  |TAMS 0x0000000715000000| PB 0x0000000715000000| Untracked 
| 113|0x0000000715200000, 0x0000000715400000, 0x0000000715400000|100%| O|  |TAMS 0x0000000715200000| PB 0x0000000715200000| Untracked 
| 114|0x0000000715400000, 0x0000000715600000, 0x0000000715600000|100%| O|  |TAMS 0x0000000715400000| PB 0x0000000715400000| Untracked 
| 115|0x0000000715600000, 0x0000000715800000, 0x0000000715800000|100%| O|Cm|TAMS 0x0000000715600000| PB 0x0000000715600000| Complete 
| 116|0x0000000715800000, 0x0000000715a00000, 0x0000000715a00000|100%| O|  |TAMS 0x0000000715800000| PB 0x0000000715800000| Untracked 
| 117|0x0000000715a00000, 0x0000000715c00000, 0x0000000715c00000|100%| O|  |TAMS 0x0000000715a00000| PB 0x0000000715a00000| Untracked 
| 118|0x0000000715c00000, 0x0000000715e00000, 0x0000000715e00000|100%| O|  |TAMS 0x0000000715c00000| PB 0x0000000715c00000| Untracked 
| 119|0x0000000715e00000, 0x0000000716000000, 0x0000000716000000|100%| O|  |TAMS 0x0000000715e00000| PB 0x0000000715e00000| Untracked 
| 120|0x0000000716000000, 0x0000000716200000, 0x0000000716200000|100%| O|  |TAMS 0x0000000716000000| PB 0x0000000716000000| Untracked 
| 121|0x0000000716200000, 0x0000000716400000, 0x0000000716400000|100%| O|  |TAMS 0x0000000716200000| PB 0x0000000716200000| Untracked 
| 122|0x0000000716400000, 0x0000000716600000, 0x0000000716600000|100%| O|  |TAMS 0x0000000716400000| PB 0x0000000716400000| Untracked 
| 123|0x0000000716600000, 0x0000000716800000, 0x0000000716800000|100%| O|  |TAMS 0x0000000716600000| PB 0x0000000716600000| Untracked 
| 124|0x0000000716800000, 0x0000000716a00000, 0x0000000716a00000|100%| O|  |TAMS 0x0000000716800000| PB 0x0000000716800000| Untracked 
| 125|0x0000000716a00000, 0x0000000716c00000, 0x0000000716c00000|100%| O|  |TAMS 0x0000000716a00000| PB 0x0000000716a00000| Untracked 
| 126|0x0000000716c00000, 0x0000000716e00000, 0x0000000716e00000|100%| O|  |TAMS 0x0000000716c00000| PB 0x0000000716c00000| Untracked 
| 127|0x0000000716e00000, 0x0000000717000000, 0x0000000717000000|100%| O|  |TAMS 0x0000000716e00000| PB 0x0000000716e00000| Untracked 
| 128|0x0000000717000000, 0x0000000717200000, 0x0000000717200000|100%| O|  |TAMS 0x0000000717000000| PB 0x0000000717000000| Untracked 
| 129|0x0000000717200000, 0x0000000717400000, 0x0000000717400000|100%| O|  |TAMS 0x0000000717200000| PB 0x0000000717200000| Untracked 
| 130|0x0000000717400000, 0x0000000717600000, 0x0000000717600000|100%| O|  |TAMS 0x0000000717400000| PB 0x0000000717400000| Untracked 
| 131|0x0000000717600000, 0x0000000717800000, 0x0000000717800000|100%| O|  |TAMS 0x0000000717600000| PB 0x0000000717600000| Untracked 
| 132|0x0000000717800000, 0x0000000717a00000, 0x0000000717a00000|100%| O|  |TAMS 0x0000000717800000| PB 0x0000000717800000| Untracked 
| 133|0x0000000717a00000, 0x0000000717c00000, 0x0000000717c00000|100%| O|  |TAMS 0x0000000717a00000| PB 0x0000000717a00000| Untracked 
| 134|0x0000000717c00000, 0x0000000717e00000, 0x0000000717e00000|100%| O|  |TAMS 0x0000000717c00000| PB 0x0000000717c00000| Untracked 
| 135|0x0000000717e00000, 0x0000000718000000, 0x0000000718000000|100%| O|  |TAMS 0x0000000717e00000| PB 0x0000000717e00000| Untracked 
| 136|0x0000000718000000, 0x0000000718200000, 0x0000000718200000|100%| O|  |TAMS 0x0000000718000000| PB 0x0000000718000000| Untracked 
| 137|0x0000000718200000, 0x0000000718400000, 0x0000000718400000|100%| O|  |TAMS 0x0000000718200000| PB 0x0000000718200000| Untracked 
| 138|0x0000000718400000, 0x0000000718600000, 0x0000000718600000|100%| O|  |TAMS 0x0000000718400000| PB 0x0000000718400000| Untracked 
| 139|0x0000000718600000, 0x0000000718800000, 0x0000000718800000|100%| O|  |TAMS 0x0000000718600000| PB 0x0000000718600000| Untracked 
| 140|0x0000000718800000, 0x0000000718a00000, 0x0000000718a00000|100%| O|  |TAMS 0x0000000718800000| PB 0x0000000718800000| Untracked 
| 141|0x0000000718a00000, 0x0000000718c00000, 0x0000000718c00000|100%| O|  |TAMS 0x0000000718a00000| PB 0x0000000718a00000| Untracked 
| 142|0x0000000718c00000, 0x0000000718e00000, 0x0000000718e00000|100%| O|  |TAMS 0x0000000718c00000| PB 0x0000000718c00000| Untracked 
| 143|0x0000000718e00000, 0x0000000719000000, 0x0000000719000000|100%| O|  |TAMS 0x0000000718e00000| PB 0x0000000718e00000| Untracked 
| 144|0x0000000719000000, 0x0000000719200000, 0x0000000719200000|100%| O|  |TAMS 0x0000000719000000| PB 0x0000000719000000| Untracked 
| 145|0x0000000719200000, 0x0000000719400000, 0x0000000719400000|100%| O|  |TAMS 0x0000000719200000| PB 0x0000000719200000| Untracked 
| 146|0x0000000719400000, 0x0000000719600000, 0x0000000719600000|100%| O|  |TAMS 0x0000000719400000| PB 0x0000000719400000| Untracked 
| 147|0x0000000719600000, 0x0000000719800000, 0x0000000719800000|100%| O|  |TAMS 0x0000000719600000| PB 0x0000000719600000| Untracked 
| 148|0x0000000719800000, 0x0000000719a00000, 0x0000000719a00000|100%| O|  |TAMS 0x0000000719800000| PB 0x0000000719800000| Untracked 
| 149|0x0000000719a00000, 0x0000000719c00000, 0x0000000719c00000|100%| O|  |TAMS 0x0000000719a00000| PB 0x0000000719a00000| Untracked 
| 150|0x0000000719c00000, 0x0000000719e00000, 0x0000000719e00000|100%| O|  |TAMS 0x0000000719c00000| PB 0x0000000719c00000| Untracked 
| 151|0x0000000719e00000, 0x000000071a000000, 0x000000071a000000|100%| O|Cm|TAMS 0x0000000719e00000| PB 0x0000000719e00000| Complete 
| 152|0x000000071a000000, 0x000000071a200000, 0x000000071a200000|100%| O|  |TAMS 0x000000071a000000| PB 0x000000071a000000| Untracked 
| 153|0x000000071a200000, 0x000000071a400000, 0x000000071a400000|100%| O|  |TAMS 0x000000071a200000| PB 0x000000071a200000| Untracked 
| 154|0x000000071a400000, 0x000000071a600000, 0x000000071a600000|100%| O|  |TAMS 0x000000071a400000| PB 0x000000071a400000| Untracked 
| 155|0x000000071a600000, 0x000000071a800000, 0x000000071a800000|100%| O|  |TAMS 0x000000071a600000| PB 0x000000071a600000| Untracked 
| 156|0x000000071a800000, 0x000000071aa00000, 0x000000071aa00000|100%| O|  |TAMS 0x000000071a800000| PB 0x000000071a800000| Untracked 
| 157|0x000000071aa00000, 0x000000071ac00000, 0x000000071ac00000|100%| O|  |TAMS 0x000000071aa00000| PB 0x000000071aa00000| Untracked 
| 158|0x000000071ac00000, 0x000000071ae00000, 0x000000071ae00000|100%| O|  |TAMS 0x000000071ac00000| PB 0x000000071ac00000| Untracked 
| 159|0x000000071ae00000, 0x000000071b000000, 0x000000071b000000|100%| O|  |TAMS 0x000000071ae00000| PB 0x000000071ae00000| Untracked 
| 160|0x000000071b000000, 0x000000071b200000, 0x000000071b200000|100%| O|  |TAMS 0x000000071b000000| PB 0x000000071b000000| Untracked 
| 161|0x000000071b200000, 0x000000071b400000, 0x000000071b400000|100%| O|  |TAMS 0x000000071b200000| PB 0x000000071b200000| Untracked 
| 162|0x000000071b400000, 0x000000071b600000, 0x000000071b600000|100%| O|  |TAMS 0x000000071b400000| PB 0x000000071b400000| Untracked 
| 163|0x000000071b600000, 0x000000071b800000, 0x000000071b800000|100%| O|  |TAMS 0x000000071b600000| PB 0x000000071b600000| Untracked 
| 164|0x000000071b800000, 0x000000071ba00000, 0x000000071ba00000|100%| O|  |TAMS 0x000000071b800000| PB 0x000000071b800000| Untracked 
| 165|0x000000071ba00000, 0x000000071bc00000, 0x000000071bc00000|100%| O|  |TAMS 0x000000071ba00000| PB 0x000000071ba00000| Untracked 
| 166|0x000000071bc00000, 0x000000071be00000, 0x000000071be00000|100%| O|  |TAMS 0x000000071bc00000| PB 0x000000071bc00000| Untracked 
| 167|0x000000071be00000, 0x000000071c000000, 0x000000071c000000|100%| O|  |TAMS 0x000000071be00000| PB 0x000000071be00000| Untracked 
| 168|0x000000071c000000, 0x000000071c200000, 0x000000071c200000|100%| O|  |TAMS 0x000000071c000000| PB 0x000000071c000000| Untracked 
| 169|0x000000071c200000, 0x000000071c400000, 0x000000071c400000|100%| O|  |TAMS 0x000000071c200000| PB 0x000000071c200000| Untracked 
| 170|0x000000071c400000, 0x000000071c600000, 0x000000071c600000|100%| O|  |TAMS 0x000000071c400000| PB 0x000000071c400000| Untracked 
| 171|0x000000071c600000, 0x000000071c800000, 0x000000071c800000|100%| O|  |TAMS 0x000000071c600000| PB 0x000000071c600000| Untracked 
| 172|0x000000071c800000, 0x000000071ca00000, 0x000000071ca00000|100%| O|  |TAMS 0x000000071c800000| PB 0x000000071c800000| Untracked 
| 173|0x000000071ca00000, 0x000000071cc00000, 0x000000071cc00000|100%| O|  |TAMS 0x000000071ca00000| PB 0x000000071ca00000| Untracked 
| 174|0x000000071cc00000, 0x000000071ce00000, 0x000000071ce00000|100%| O|  |TAMS 0x000000071cc00000| PB 0x000000071cc00000| Untracked 
| 175|0x000000071ce00000, 0x000000071d000000, 0x000000071d000000|100%| O|  |TAMS 0x000000071ce00000| PB 0x000000071ce00000| Untracked 
| 176|0x000000071d000000, 0x000000071d200000, 0x000000071d200000|100%| O|  |TAMS 0x000000071d000000| PB 0x000000071d000000| Untracked 
| 177|0x000000071d200000, 0x000000071d400000, 0x000000071d400000|100%| O|  |TAMS 0x000000071d200000| PB 0x000000071d200000| Untracked 
| 178|0x000000071d400000, 0x000000071d600000, 0x000000071d600000|100%| O|  |TAMS 0x000000071d400000| PB 0x000000071d400000| Untracked 
| 179|0x000000071d600000, 0x000000071d800000, 0x000000071d800000|100%| O|  |TAMS 0x000000071d600000| PB 0x000000071d600000| Untracked 
| 180|0x000000071d800000, 0x000000071da00000, 0x000000071da00000|100%| O|  |TAMS 0x000000071d800000| PB 0x000000071d800000| Untracked 
| 181|0x000000071da00000, 0x000000071dc00000, 0x000000071dc00000|100%| O|  |TAMS 0x000000071da00000| PB 0x000000071da00000| Untracked 
| 182|0x000000071dc00000, 0x000000071de00000, 0x000000071de00000|100%| O|  |TAMS 0x000000071dc00000| PB 0x000000071dc00000| Untracked 
| 183|0x000000071de00000, 0x000000071e000000, 0x000000071e000000|100%| O|  |TAMS 0x000000071de00000| PB 0x000000071de00000| Untracked 
| 184|0x000000071e000000, 0x000000071e200000, 0x000000071e200000|100%| O|  |TAMS 0x000000071e000000| PB 0x000000071e000000| Untracked 
| 185|0x000000071e200000, 0x000000071e400000, 0x000000071e400000|100%| O|  |TAMS 0x000000071e200000| PB 0x000000071e200000| Untracked 
| 186|0x000000071e400000, 0x000000071e600000, 0x000000071e600000|100%| O|  |TAMS 0x000000071e400000| PB 0x000000071e400000| Untracked 
| 187|0x000000071e600000, 0x000000071e800000, 0x000000071e800000|100%| O|  |TAMS 0x000000071e600000| PB 0x000000071e600000| Untracked 
| 188|0x000000071e800000, 0x000000071ea00000, 0x000000071ea00000|100%| O|  |TAMS 0x000000071e800000| PB 0x000000071e800000| Untracked 
| 189|0x000000071ea00000, 0x000000071ec00000, 0x000000071ec00000|100%| O|  |TAMS 0x000000071ea00000| PB 0x000000071ea00000| Untracked 
| 190|0x000000071ec00000, 0x000000071ee00000, 0x000000071ee00000|100%| O|  |TAMS 0x000000071ec00000| PB 0x000000071ec00000| Untracked 
| 191|0x000000071ee00000, 0x000000071f000000, 0x000000071f000000|100%| O|  |TAMS 0x000000071ee00000| PB 0x000000071ee00000| Untracked 
| 192|0x000000071f000000, 0x000000071f200000, 0x000000071f200000|100%| O|  |TAMS 0x000000071f000000| PB 0x000000071f000000| Untracked 
| 193|0x000000071f200000, 0x000000071f400000, 0x000000071f400000|100%| O|  |TAMS 0x000000071f200000| PB 0x000000071f200000| Untracked 
| 194|0x000000071f400000, 0x000000071f600000, 0x000000071f600000|100%| O|  |TAMS 0x000000071f400000| PB 0x000000071f400000| Untracked 
| 195|0x000000071f600000, 0x000000071f800000, 0x000000071f800000|100%| O|  |TAMS 0x000000071f600000| PB 0x000000071f600000| Untracked 
| 196|0x000000071f800000, 0x000000071fa00000, 0x000000071fa00000|100%| O|  |TAMS 0x000000071f800000| PB 0x000000071f800000| Untracked 
| 197|0x000000071fa00000, 0x000000071fc00000, 0x000000071fc00000|100%| O|  |TAMS 0x000000071fa00000| PB 0x000000071fa00000| Untracked 
| 198|0x000000071fc00000, 0x000000071fe00000, 0x000000071fe00000|100%| O|  |TAMS 0x000000071fc00000| PB 0x000000071fc00000| Untracked 
| 199|0x000000071fe00000, 0x0000000720000000, 0x0000000720000000|100%| O|  |TAMS 0x000000071fe00000| PB 0x000000071fe00000| Untracked 
| 200|0x0000000720000000, 0x0000000720200000, 0x0000000720200000|100%| O|  |TAMS 0x0000000720000000| PB 0x0000000720000000| Untracked 
| 201|0x0000000720200000, 0x0000000720400000, 0x0000000720400000|100%| O|  |TAMS 0x0000000720200000| PB 0x0000000720200000| Untracked 
| 202|0x0000000720400000, 0x0000000720600000, 0x0000000720600000|100%| O|  |TAMS 0x0000000720400000| PB 0x0000000720400000| Untracked 
| 203|0x0000000720600000, 0x0000000720800000, 0x0000000720800000|100%| O|  |TAMS 0x0000000720600000| PB 0x0000000720600000| Untracked 
| 204|0x0000000720800000, 0x0000000720a00000, 0x0000000720a00000|100%| O|  |TAMS 0x0000000720800000| PB 0x0000000720800000| Untracked 
| 205|0x0000000720a00000, 0x0000000720c00000, 0x0000000720c00000|100%| O|  |TAMS 0x0000000720a00000| PB 0x0000000720a00000| Untracked 
| 206|0x0000000720c00000, 0x0000000720e00000, 0x0000000720e00000|100%| O|  |TAMS 0x0000000720c00000| PB 0x0000000720c00000| Untracked 
| 207|0x0000000720e00000, 0x0000000721000000, 0x0000000721000000|100%| O|  |TAMS 0x0000000720e00000| PB 0x0000000720e00000| Untracked 
| 208|0x0000000721000000, 0x0000000721200000, 0x0000000721200000|100%| O|  |TAMS 0x0000000721000000| PB 0x0000000721000000| Untracked 
| 209|0x0000000721200000, 0x0000000721400000, 0x0000000721400000|100%| O|  |TAMS 0x0000000721200000| PB 0x0000000721200000| Untracked 
| 210|0x0000000721400000, 0x0000000721600000, 0x0000000721600000|100%| O|  |TAMS 0x0000000721400000| PB 0x0000000721400000| Untracked 
| 211|0x0000000721600000, 0x0000000721800000, 0x0000000721800000|100%| O|  |TAMS 0x0000000721600000| PB 0x0000000721600000| Untracked 
| 212|0x0000000721800000, 0x0000000721a00000, 0x0000000721a00000|100%| O|  |TAMS 0x0000000721800000| PB 0x0000000721800000| Untracked 
| 213|0x0000000721a00000, 0x0000000721c00000, 0x0000000721c00000|100%| O|  |TAMS 0x0000000721a00000| PB 0x0000000721a00000| Untracked 
| 214|0x0000000721c00000, 0x0000000721e00000, 0x0000000721e00000|100%| O|  |TAMS 0x0000000721c00000| PB 0x0000000721c00000| Untracked 
| 215|0x0000000721e00000, 0x0000000722000000, 0x0000000722000000|100%| O|  |TAMS 0x0000000721e00000| PB 0x0000000721e00000| Untracked 
| 216|0x0000000722000000, 0x0000000722200000, 0x0000000722200000|100%| O|  |TAMS 0x0000000722000000| PB 0x0000000722000000| Untracked 
| 217|0x0000000722200000, 0x0000000722400000, 0x0000000722400000|100%| O|  |TAMS 0x0000000722200000| PB 0x0000000722200000| Untracked 
| 218|0x0000000722400000, 0x0000000722600000, 0x0000000722600000|100%| O|  |TAMS 0x0000000722400000| PB 0x0000000722400000| Untracked 
| 219|0x0000000722600000, 0x0000000722800000, 0x0000000722800000|100%| O|  |TAMS 0x0000000722600000| PB 0x0000000722600000| Untracked 
| 220|0x0000000722800000, 0x0000000722a00000, 0x0000000722a00000|100%| O|  |TAMS 0x0000000722800000| PB 0x0000000722800000| Untracked 
| 221|0x0000000722a00000, 0x0000000722c00000, 0x0000000722c00000|100%| O|  |TAMS 0x0000000722a00000| PB 0x0000000722a00000| Untracked 
| 222|0x0000000722c00000, 0x0000000722e00000, 0x0000000722e00000|100%| O|  |TAMS 0x0000000722c00000| PB 0x0000000722c00000| Untracked 
| 223|0x0000000722e00000, 0x0000000723000000, 0x0000000723000000|100%| O|  |TAMS 0x0000000722e00000| PB 0x0000000722e00000| Untracked 
| 224|0x0000000723000000, 0x0000000723200000, 0x0000000723200000|100%| O|  |TAMS 0x0000000723000000| PB 0x0000000723000000| Untracked 
| 225|0x0000000723200000, 0x0000000723400000, 0x0000000723400000|100%| O|  |TAMS 0x0000000723200000| PB 0x0000000723200000| Untracked 
| 226|0x0000000723400000, 0x0000000723600000, 0x0000000723600000|100%| O|  |TAMS 0x0000000723400000| PB 0x0000000723400000| Untracked 
| 227|0x0000000723600000, 0x0000000723800000, 0x0000000723800000|100%| O|  |TAMS 0x0000000723600000| PB 0x0000000723600000| Untracked 
| 228|0x0000000723800000, 0x0000000723a00000, 0x0000000723a00000|100%| O|  |TAMS 0x0000000723800000| PB 0x0000000723800000| Untracked 
| 229|0x0000000723a00000, 0x0000000723c00000, 0x0000000723c00000|100%| O|  |TAMS 0x0000000723a00000| PB 0x0000000723a00000| Untracked 
| 230|0x0000000723c00000, 0x0000000723e00000, 0x0000000723e00000|100%| O|  |TAMS 0x0000000723c00000| PB 0x0000000723c00000| Untracked 
| 231|0x0000000723e00000, 0x0000000724000000, 0x0000000724000000|100%| O|  |TAMS 0x0000000723e00000| PB 0x0000000723e00000| Untracked 
| 232|0x0000000724000000, 0x0000000724200000, 0x0000000724200000|100%| O|  |TAMS 0x0000000724000000| PB 0x0000000724000000| Untracked 
| 233|0x0000000724200000, 0x0000000724400000, 0x0000000724400000|100%| O|  |TAMS 0x0000000724200000| PB 0x0000000724200000| Untracked 
| 234|0x0000000724400000, 0x0000000724600000, 0x0000000724600000|100%| O|  |TAMS 0x0000000724400000| PB 0x0000000724400000| Untracked 
| 235|0x0000000724600000, 0x0000000724800000, 0x0000000724800000|100%| O|  |TAMS 0x0000000724600000| PB 0x0000000724600000| Untracked 
| 236|0x0000000724800000, 0x0000000724a00000, 0x0000000724a00000|100%| O|  |TAMS 0x0000000724800000| PB 0x0000000724800000| Untracked 
| 237|0x0000000724a00000, 0x0000000724c00000, 0x0000000724c00000|100%| O|  |TAMS 0x0000000724a00000| PB 0x0000000724a00000| Untracked 
| 238|0x0000000724c00000, 0x0000000724e00000, 0x0000000724e00000|100%| O|  |TAMS 0x0000000724c00000| PB 0x0000000724c00000| Untracked 
| 239|0x0000000724e00000, 0x0000000725000000, 0x0000000725000000|100%| O|  |TAMS 0x0000000724e00000| PB 0x0000000724e00000| Untracked 
| 240|0x0000000725000000, 0x0000000725200000, 0x0000000725200000|100%| O|  |TAMS 0x0000000725000000| PB 0x0000000725000000| Untracked 
| 241|0x0000000725200000, 0x0000000725400000, 0x0000000725400000|100%| O|  |TAMS 0x0000000725200000| PB 0x0000000725200000| Untracked 
| 242|0x0000000725400000, 0x0000000725600000, 0x0000000725600000|100%| O|  |TAMS 0x0000000725400000| PB 0x0000000725400000| Untracked 
| 243|0x0000000725600000, 0x0000000725800000, 0x0000000725800000|100%| O|  |TAMS 0x0000000725600000| PB 0x0000000725600000| Untracked 
| 244|0x0000000725800000, 0x0000000725a00000, 0x0000000725a00000|100%| O|  |TAMS 0x0000000725800000| PB 0x0000000725800000| Untracked 
| 245|0x0000000725a00000, 0x0000000725c00000, 0x0000000725c00000|100%| O|  |TAMS 0x0000000725a00000| PB 0x0000000725a00000| Untracked 
| 246|0x0000000725c00000, 0x0000000725e00000, 0x0000000725e00000|100%| O|  |TAMS 0x0000000725c00000| PB 0x0000000725c00000| Untracked 
| 247|0x0000000725e00000, 0x0000000726000000, 0x0000000726000000|100%| O|  |TAMS 0x0000000725e00000| PB 0x0000000725e00000| Untracked 
| 248|0x0000000726000000, 0x0000000726200000, 0x0000000726200000|100%| O|  |TAMS 0x0000000726000000| PB 0x0000000726000000| Untracked 
| 249|0x0000000726200000, 0x0000000726400000, 0x0000000726400000|100%| O|  |TAMS 0x0000000726200000| PB 0x0000000726200000| Untracked 
| 250|0x0000000726400000, 0x0000000726600000, 0x0000000726600000|100%| O|  |TAMS 0x0000000726400000| PB 0x0000000726400000| Untracked 
| 251|0x0000000726600000, 0x0000000726800000, 0x0000000726800000|100%| O|  |TAMS 0x0000000726600000| PB 0x0000000726600000| Untracked 
| 252|0x0000000726800000, 0x0000000726a00000, 0x0000000726a00000|100%| O|  |TAMS 0x0000000726800000| PB 0x0000000726800000| Untracked 
| 253|0x0000000726a00000, 0x0000000726c00000, 0x0000000726c00000|100%| O|  |TAMS 0x0000000726a00000| PB 0x0000000726a00000| Untracked 
| 254|0x0000000726c00000, 0x0000000726e00000, 0x0000000726e00000|100%| O|  |TAMS 0x0000000726c00000| PB 0x0000000726c00000| Untracked 
| 255|0x0000000726e00000, 0x0000000727000000, 0x0000000727000000|100%| O|  |TAMS 0x0000000726e00000| PB 0x0000000726e00000| Untracked 
| 256|0x0000000727000000, 0x0000000727200000, 0x0000000727200000|100%| O|  |TAMS 0x0000000727000000| PB 0x0000000727000000| Untracked 
| 257|0x0000000727200000, 0x0000000727400000, 0x0000000727400000|100%| O|  |TAMS 0x0000000727200000| PB 0x0000000727200000| Untracked 
| 258|0x0000000727400000, 0x0000000727600000, 0x0000000727600000|100%| O|  |TAMS 0x0000000727400000| PB 0x0000000727400000| Untracked 
| 259|0x0000000727600000, 0x0000000727800000, 0x0000000727800000|100%| O|  |TAMS 0x0000000727600000| PB 0x0000000727600000| Untracked 
| 260|0x0000000727800000, 0x0000000727a00000, 0x0000000727a00000|100%| O|  |TAMS 0x0000000727800000| PB 0x0000000727800000| Untracked 
| 261|0x0000000727a00000, 0x0000000727c00000, 0x0000000727c00000|100%| O|  |TAMS 0x0000000727a00000| PB 0x0000000727a00000| Untracked 
| 262|0x0000000727c00000, 0x0000000727e00000, 0x0000000727e00000|100%| O|  |TAMS 0x0000000727c00000| PB 0x0000000727c00000| Untracked 
| 263|0x0000000727e00000, 0x0000000728000000, 0x0000000728000000|100%| O|  |TAMS 0x0000000727e00000| PB 0x0000000727e00000| Untracked 
| 264|0x0000000728000000, 0x0000000728200000, 0x0000000728200000|100%| O|  |TAMS 0x0000000728000000| PB 0x0000000728000000| Untracked 
| 265|0x0000000728200000, 0x0000000728400000, 0x0000000728400000|100%| O|  |TAMS 0x0000000728200000| PB 0x0000000728200000| Untracked 
| 266|0x0000000728400000, 0x0000000728600000, 0x0000000728600000|100%| O|  |TAMS 0x0000000728400000| PB 0x0000000728400000| Untracked 
| 267|0x0000000728600000, 0x0000000728800000, 0x0000000728800000|100%| O|  |TAMS 0x0000000728600000| PB 0x0000000728600000| Untracked 
| 268|0x0000000728800000, 0x0000000728a00000, 0x0000000728a00000|100%| O|  |TAMS 0x0000000728800000| PB 0x0000000728800000| Untracked 
| 269|0x0000000728a00000, 0x0000000728c00000, 0x0000000728c00000|100%| O|  |TAMS 0x0000000728a00000| PB 0x0000000728a00000| Untracked 
| 270|0x0000000728c00000, 0x0000000728e00000, 0x0000000728e00000|100%| O|  |TAMS 0x0000000728c00000| PB 0x0000000728c00000| Untracked 
| 271|0x0000000728e00000, 0x0000000729000000, 0x0000000729000000|100%| O|  |TAMS 0x0000000728e00000| PB 0x0000000728e00000| Untracked 
| 272|0x0000000729000000, 0x0000000729200000, 0x0000000729200000|100%| O|  |TAMS 0x0000000729000000| PB 0x0000000729000000| Untracked 
| 273|0x0000000729200000, 0x0000000729400000, 0x0000000729400000|100%| O|  |TAMS 0x0000000729200000| PB 0x0000000729200000| Untracked 
| 274|0x0000000729400000, 0x0000000729600000, 0x0000000729600000|100%| O|  |TAMS 0x0000000729400000| PB 0x0000000729400000| Untracked 
| 275|0x0000000729600000, 0x0000000729800000, 0x0000000729800000|100%| O|  |TAMS 0x0000000729600000| PB 0x0000000729600000| Untracked 
| 276|0x0000000729800000, 0x0000000729a00000, 0x0000000729a00000|100%| O|  |TAMS 0x0000000729800000| PB 0x0000000729800000| Untracked 
| 277|0x0000000729a00000, 0x0000000729c00000, 0x0000000729c00000|100%| O|  |TAMS 0x0000000729a00000| PB 0x0000000729a00000| Untracked 
| 278|0x0000000729c00000, 0x0000000729e00000, 0x0000000729e00000|100%| O|  |TAMS 0x0000000729c00000| PB 0x0000000729c00000| Untracked 
| 279|0x0000000729e00000, 0x000000072a000000, 0x000000072a000000|100%| O|  |TAMS 0x0000000729e00000| PB 0x0000000729e00000| Untracked 
| 280|0x000000072a000000, 0x000000072a200000, 0x000000072a200000|100%| O|  |TAMS 0x000000072a000000| PB 0x000000072a000000| Untracked 
| 281|0x000000072a200000, 0x000000072a400000, 0x000000072a400000|100%| O|  |TAMS 0x000000072a200000| PB 0x000000072a200000| Untracked 
| 282|0x000000072a400000, 0x000000072a600000, 0x000000072a600000|100%| O|  |TAMS 0x000000072a400000| PB 0x000000072a400000| Untracked 
| 283|0x000000072a600000, 0x000000072a800000, 0x000000072a800000|100%| O|  |TAMS 0x000000072a600000| PB 0x000000072a600000| Untracked 
| 284|0x000000072a800000, 0x000000072aa00000, 0x000000072aa00000|100%| O|  |TAMS 0x000000072a800000| PB 0x000000072a800000| Untracked 
| 285|0x000000072aa00000, 0x000000072ac00000, 0x000000072ac00000|100%| O|  |TAMS 0x000000072aa00000| PB 0x000000072aa00000| Untracked 
| 286|0x000000072ac00000, 0x000000072ae00000, 0x000000072ae00000|100%| O|  |TAMS 0x000000072ac00000| PB 0x000000072ac00000| Untracked 
| 287|0x000000072ae00000, 0x000000072b000000, 0x000000072b000000|100%| O|  |TAMS 0x000000072ae00000| PB 0x000000072ae00000| Untracked 
| 288|0x000000072b000000, 0x000000072b200000, 0x000000072b200000|100%| O|  |TAMS 0x000000072b000000| PB 0x000000072b000000| Untracked 
| 289|0x000000072b200000, 0x000000072b400000, 0x000000072b400000|100%| O|  |TAMS 0x000000072b200000| PB 0x000000072b200000| Untracked 
| 290|0x000000072b400000, 0x000000072b600000, 0x000000072b600000|100%| O|  |TAMS 0x000000072b400000| PB 0x000000072b400000| Untracked 
| 291|0x000000072b600000, 0x000000072b800000, 0x000000072b800000|100%| O|  |TAMS 0x000000072b600000| PB 0x000000072b600000| Untracked 
| 292|0x000000072b800000, 0x000000072b800000, 0x000000072ba00000|  0%| F|  |TAMS 0x000000072b800000| PB 0x000000072b800000| Untracked 
| 293|0x000000072ba00000, 0x000000072ba00000, 0x000000072bc00000|  0%| F|  |TAMS 0x000000072ba00000| PB 0x000000072ba00000| Untracked 
| 294|0x000000072bc00000, 0x000000072bc00000, 0x000000072be00000|  0%| F|  |TAMS 0x000000072bc00000| PB 0x000000072bc00000| Untracked 
| 295|0x000000072be00000, 0x000000072be00000, 0x000000072c000000|  0%| F|  |TAMS 0x000000072be00000| PB 0x000000072be00000| Untracked 
| 296|0x000000072c000000, 0x000000072c000000, 0x000000072c200000|  0%| F|  |TAMS 0x000000072c000000| PB 0x000000072c000000| Untracked 
| 297|0x000000072c200000, 0x000000072c200000, 0x000000072c400000|  0%| F|  |TAMS 0x000000072c200000| PB 0x000000072c200000| Untracked 
| 298|0x000000072c400000, 0x000000072c400000, 0x000000072c600000|  0%| F|  |TAMS 0x000000072c400000| PB 0x000000072c400000| Untracked 
| 299|0x000000072c600000, 0x000000072c600000, 0x000000072c800000|  0%| F|  |TAMS 0x000000072c600000| PB 0x000000072c600000| Untracked 
| 300|0x000000072c800000, 0x000000072c800000, 0x000000072ca00000|  0%| F|  |TAMS 0x000000072c800000| PB 0x000000072c800000| Untracked 
| 301|0x000000072ca00000, 0x000000072ca00000, 0x000000072cc00000|  0%| F|  |TAMS 0x000000072ca00000| PB 0x000000072ca00000| Untracked 
| 302|0x000000072cc00000, 0x000000072cc00000, 0x000000072ce00000|  0%| F|  |TAMS 0x000000072cc00000| PB 0x000000072cc00000| Untracked 
| 303|0x000000072ce00000, 0x000000072ce00000, 0x000000072d000000|  0%| F|  |TAMS 0x000000072ce00000| PB 0x000000072ce00000| Untracked 
| 304|0x000000072d000000, 0x000000072d000000, 0x000000072d200000|  0%| F|  |TAMS 0x000000072d000000| PB 0x000000072d000000| Untracked 
| 305|0x000000072d200000, 0x000000072d200000, 0x000000072d400000|  0%| F|  |TAMS 0x000000072d200000| PB 0x000000072d200000| Untracked 
| 306|0x000000072d400000, 0x000000072d400000, 0x000000072d600000|  0%| F|  |TAMS 0x000000072d400000| PB 0x000000072d400000| Untracked 
| 307|0x000000072d600000, 0x000000072d600000, 0x000000072d800000|  0%| F|  |TAMS 0x000000072d600000| PB 0x000000072d600000| Untracked 
| 308|0x000000072d800000, 0x000000072d800000, 0x000000072da00000|  0%| F|  |TAMS 0x000000072d800000| PB 0x000000072d800000| Untracked 
| 309|0x000000072da00000, 0x000000072da00000, 0x000000072dc00000|  0%| F|  |TAMS 0x000000072da00000| PB 0x000000072da00000| Untracked 
| 310|0x000000072dc00000, 0x000000072dc00000, 0x000000072de00000|  0%| F|  |TAMS 0x000000072dc00000| PB 0x000000072dc00000| Untracked 
| 311|0x000000072de00000, 0x000000072de00000, 0x000000072e000000|  0%| F|  |TAMS 0x000000072de00000| PB 0x000000072de00000| Untracked 
| 312|0x000000072e000000, 0x000000072e000000, 0x000000072e200000|  0%| F|  |TAMS 0x000000072e000000| PB 0x000000072e000000| Untracked 
| 313|0x000000072e200000, 0x000000072e200000, 0x000000072e400000|  0%| F|  |TAMS 0x000000072e200000| PB 0x000000072e200000| Untracked 
| 314|0x000000072e400000, 0x000000072e400000, 0x000000072e600000|  0%| F|  |TAMS 0x000000072e400000| PB 0x000000072e400000| Untracked 
| 315|0x000000072e600000, 0x000000072e600000, 0x000000072e800000|  0%| F|  |TAMS 0x000000072e600000| PB 0x000000072e600000| Untracked 
| 316|0x000000072e800000, 0x000000072e800000, 0x000000072ea00000|  0%| F|  |TAMS 0x000000072e800000| PB 0x000000072e800000| Untracked 
| 317|0x000000072ea00000, 0x000000072ea00000, 0x000000072ec00000|  0%| F|  |TAMS 0x000000072ea00000| PB 0x000000072ea00000| Untracked 
| 318|0x000000072ec00000, 0x000000072ec00000, 0x000000072ee00000|  0%| F|  |TAMS 0x000000072ec00000| PB 0x000000072ec00000| Untracked 
| 319|0x000000072ee00000, 0x000000072ee00000, 0x000000072f000000|  0%| F|  |TAMS 0x000000072ee00000| PB 0x000000072ee00000| Untracked 
| 320|0x000000072f000000, 0x000000072f000000, 0x000000072f200000|  0%| F|  |TAMS 0x000000072f000000| PB 0x000000072f000000| Untracked 
| 321|0x000000072f200000, 0x000000072f200000, 0x000000072f400000|  0%| F|  |TAMS 0x000000072f200000| PB 0x000000072f200000| Untracked 
| 322|0x000000072f400000, 0x000000072f400000, 0x000000072f600000|  0%| F|  |TAMS 0x000000072f400000| PB 0x000000072f400000| Untracked 
| 323|0x000000072f600000, 0x000000072f600000, 0x000000072f800000|  0%| F|  |TAMS 0x000000072f600000| PB 0x000000072f600000| Untracked 
| 324|0x000000072f800000, 0x000000072f800000, 0x000000072fa00000|  0%| F|  |TAMS 0x000000072f800000| PB 0x000000072f800000| Untracked 
| 325|0x000000072fa00000, 0x000000072fa00000, 0x000000072fc00000|  0%| F|  |TAMS 0x000000072fa00000| PB 0x000000072fa00000| Untracked 
| 326|0x000000072fc00000, 0x000000072fc00000, 0x000000072fe00000|  0%| F|  |TAMS 0x000000072fc00000| PB 0x000000072fc00000| Untracked 
| 327|0x000000072fe00000, 0x000000072fe00000, 0x0000000730000000|  0%| F|  |TAMS 0x000000072fe00000| PB 0x000000072fe00000| Untracked 
| 328|0x0000000730000000, 0x0000000730000000, 0x0000000730200000|  0%| F|  |TAMS 0x0000000730000000| PB 0x0000000730000000| Untracked 
| 329|0x0000000730200000, 0x0000000730200000, 0x0000000730400000|  0%| F|  |TAMS 0x0000000730200000| PB 0x0000000730200000| Untracked 
| 330|0x0000000730400000, 0x0000000730400000, 0x0000000730600000|  0%| F|  |TAMS 0x0000000730400000| PB 0x0000000730400000| Untracked 
| 331|0x0000000730600000, 0x0000000730600000, 0x0000000730800000|  0%| F|  |TAMS 0x0000000730600000| PB 0x0000000730600000| Untracked 
| 332|0x0000000730800000, 0x0000000730800000, 0x0000000730a00000|  0%| F|  |TAMS 0x0000000730800000| PB 0x0000000730800000| Untracked 
| 333|0x0000000730a00000, 0x0000000730a00000, 0x0000000730c00000|  0%| F|  |TAMS 0x0000000730a00000| PB 0x0000000730a00000| Untracked 
| 334|0x0000000730c00000, 0x0000000730c00000, 0x0000000730e00000|  0%| F|  |TAMS 0x0000000730c00000| PB 0x0000000730c00000| Untracked 
| 335|0x0000000730e00000, 0x0000000730e00000, 0x0000000731000000|  0%| F|  |TAMS 0x0000000730e00000| PB 0x0000000730e00000| Untracked 
| 336|0x0000000731000000, 0x0000000731000000, 0x0000000731200000|  0%| F|  |TAMS 0x0000000731000000| PB 0x0000000731000000| Untracked 
| 337|0x0000000731200000, 0x0000000731200000, 0x0000000731400000|  0%| F|  |TAMS 0x0000000731200000| PB 0x0000000731200000| Untracked 
| 338|0x0000000731400000, 0x0000000731400000, 0x0000000731600000|  0%| F|  |TAMS 0x0000000731400000| PB 0x0000000731400000| Untracked 
| 339|0x0000000731600000, 0x0000000731600000, 0x0000000731800000|  0%| F|  |TAMS 0x0000000731600000| PB 0x0000000731600000| Untracked 
| 340|0x0000000731800000, 0x0000000731800000, 0x0000000731a00000|  0%| F|  |TAMS 0x0000000731800000| PB 0x0000000731800000| Untracked 
| 341|0x0000000731a00000, 0x0000000731c00000, 0x0000000731c00000|100%| S|CS|TAMS 0x0000000731a00000| PB 0x0000000731a00000| Complete 
| 342|0x0000000731c00000, 0x0000000731e00000, 0x0000000731e00000|100%| S|CS|TAMS 0x0000000731c00000| PB 0x0000000731c00000| Complete 
| 343|0x0000000731e00000, 0x0000000732000000, 0x0000000732000000|100%| S|CS|TAMS 0x0000000731e00000| PB 0x0000000731e00000| Complete 
| 344|0x0000000732000000, 0x0000000732200000, 0x0000000732200000|100%| S|CS|TAMS 0x0000000732000000| PB 0x0000000732000000| Complete 
| 345|0x0000000732200000, 0x0000000732400000, 0x0000000732400000|100%| S|CS|TAMS 0x0000000732200000| PB 0x0000000732200000| Complete 
| 346|0x0000000732400000, 0x0000000732600000, 0x0000000732600000|100%| S|CS|TAMS 0x0000000732400000| PB 0x0000000732400000| Complete 
| 347|0x0000000732600000, 0x0000000732800000, 0x0000000732800000|100%| S|CS|TAMS 0x0000000732600000| PB 0x0000000732600000| Complete 
| 348|0x0000000732800000, 0x0000000732a00000, 0x0000000732a00000|100%| S|CS|TAMS 0x0000000732800000| PB 0x0000000732800000| Complete 
| 349|0x0000000732a00000, 0x0000000732a00000, 0x0000000732c00000|  0%| F|  |TAMS 0x0000000732a00000| PB 0x0000000732a00000| Untracked 
| 350|0x0000000732c00000, 0x0000000732c00000, 0x0000000732e00000|  0%| F|  |TAMS 0x0000000732c00000| PB 0x0000000732c00000| Untracked 
| 351|0x0000000732e00000, 0x0000000732e00000, 0x0000000733000000|  0%| F|  |TAMS 0x0000000732e00000| PB 0x0000000732e00000| Untracked 
| 352|0x0000000733000000, 0x0000000733000000, 0x0000000733200000|  0%| F|  |TAMS 0x0000000733000000| PB 0x0000000733000000| Untracked 
| 353|0x0000000733200000, 0x0000000733200000, 0x0000000733400000|  0%| F|  |TAMS 0x0000000733200000| PB 0x0000000733200000| Untracked 
| 354|0x0000000733400000, 0x0000000733400000, 0x0000000733600000|  0%| F|  |TAMS 0x0000000733400000| PB 0x0000000733400000| Untracked 
| 355|0x0000000733600000, 0x0000000733600000, 0x0000000733800000|  0%| F|  |TAMS 0x0000000733600000| PB 0x0000000733600000| Untracked 
| 356|0x0000000733800000, 0x0000000733800000, 0x0000000733a00000|  0%| F|  |TAMS 0x0000000733800000| PB 0x0000000733800000| Untracked 
| 357|0x0000000733a00000, 0x0000000733a00000, 0x0000000733c00000|  0%| F|  |TAMS 0x0000000733a00000| PB 0x0000000733a00000| Untracked 
| 358|0x0000000733c00000, 0x0000000733c00000, 0x0000000733e00000|  0%| F|  |TAMS 0x0000000733c00000| PB 0x0000000733c00000| Untracked 
| 359|0x0000000733e00000, 0x0000000733e00000, 0x0000000734000000|  0%| F|  |TAMS 0x0000000733e00000| PB 0x0000000733e00000| Untracked 
| 360|0x0000000734000000, 0x0000000734000000, 0x0000000734200000|  0%| F|  |TAMS 0x0000000734000000| PB 0x0000000734000000| Untracked 
| 361|0x0000000734200000, 0x0000000734200000, 0x0000000734400000|  0%| F|  |TAMS 0x0000000734200000| PB 0x0000000734200000| Untracked 
| 362|0x0000000734400000, 0x0000000734400000, 0x0000000734600000|  0%| F|  |TAMS 0x0000000734400000| PB 0x0000000734400000| Untracked 
| 363|0x0000000734600000, 0x0000000734600000, 0x0000000734800000|  0%| F|  |TAMS 0x0000000734600000| PB 0x0000000734600000| Untracked 
| 364|0x0000000734800000, 0x0000000734800000, 0x0000000734a00000|  0%| F|  |TAMS 0x0000000734800000| PB 0x0000000734800000| Untracked 
| 365|0x0000000734a00000, 0x0000000734a00000, 0x0000000734c00000|  0%| F|  |TAMS 0x0000000734a00000| PB 0x0000000734a00000| Untracked 
| 366|0x0000000734c00000, 0x0000000734c00000, 0x0000000734e00000|  0%| F|  |TAMS 0x0000000734c00000| PB 0x0000000734c00000| Untracked 
| 367|0x0000000734e00000, 0x0000000734e00000, 0x0000000735000000|  0%| F|  |TAMS 0x0000000734e00000| PB 0x0000000734e00000| Untracked 
| 368|0x0000000735000000, 0x0000000735000000, 0x0000000735200000|  0%| F|  |TAMS 0x0000000735000000| PB 0x0000000735000000| Untracked 
| 369|0x0000000735200000, 0x0000000735200000, 0x0000000735400000|  0%| F|  |TAMS 0x0000000735200000| PB 0x0000000735200000| Untracked 
| 370|0x0000000735400000, 0x0000000735400000, 0x0000000735600000|  0%| F|  |TAMS 0x0000000735400000| PB 0x0000000735400000| Untracked 
| 371|0x0000000735600000, 0x0000000735600000, 0x0000000735800000|  0%| F|  |TAMS 0x0000000735600000| PB 0x0000000735600000| Untracked 
| 372|0x0000000735800000, 0x0000000735800000, 0x0000000735a00000|  0%| F|  |TAMS 0x0000000735800000| PB 0x0000000735800000| Untracked 
| 373|0x0000000735a00000, 0x0000000735a00000, 0x0000000735c00000|  0%| F|  |TAMS 0x0000000735a00000| PB 0x0000000735a00000| Untracked 
| 374|0x0000000735c00000, 0x0000000735c00000, 0x0000000735e00000|  0%| F|  |TAMS 0x0000000735c00000| PB 0x0000000735c00000| Untracked 
| 375|0x0000000735e00000, 0x0000000735e00000, 0x0000000736000000|  0%| F|  |TAMS 0x0000000735e00000| PB 0x0000000735e00000| Untracked 
| 376|0x0000000736000000, 0x0000000736000000, 0x0000000736200000|  0%| F|  |TAMS 0x0000000736000000| PB 0x0000000736000000| Untracked 
| 377|0x0000000736200000, 0x0000000736200000, 0x0000000736400000|  0%| F|  |TAMS 0x0000000736200000| PB 0x0000000736200000| Untracked 
| 378|0x0000000736400000, 0x0000000736400000, 0x0000000736600000|  0%| F|  |TAMS 0x0000000736400000| PB 0x0000000736400000| Untracked 
| 379|0x0000000736600000, 0x0000000736600000, 0x0000000736800000|  0%| F|  |TAMS 0x0000000736600000| PB 0x0000000736600000| Untracked 
| 380|0x0000000736800000, 0x0000000736800000, 0x0000000736a00000|  0%| F|  |TAMS 0x0000000736800000| PB 0x0000000736800000| Untracked 
| 381|0x0000000736a00000, 0x0000000736a00000, 0x0000000736c00000|  0%| F|  |TAMS 0x0000000736a00000| PB 0x0000000736a00000| Untracked 
| 382|0x0000000736c00000, 0x0000000736c00000, 0x0000000736e00000|  0%| F|  |TAMS 0x0000000736c00000| PB 0x0000000736c00000| Untracked 
| 383|0x0000000736e00000, 0x0000000736e00000, 0x0000000737000000|  0%| F|  |TAMS 0x0000000736e00000| PB 0x0000000736e00000| Untracked 
| 384|0x0000000737000000, 0x0000000737000000, 0x0000000737200000|  0%| F|  |TAMS 0x0000000737000000| PB 0x0000000737000000| Untracked 
| 385|0x0000000737200000, 0x0000000737200000, 0x0000000737400000|  0%| F|  |TAMS 0x0000000737200000| PB 0x0000000737200000| Untracked 
| 386|0x0000000737400000, 0x0000000737400000, 0x0000000737600000|  0%| F|  |TAMS 0x0000000737400000| PB 0x0000000737400000| Untracked 
| 387|0x0000000737600000, 0x0000000737600000, 0x0000000737800000|  0%| F|  |TAMS 0x0000000737600000| PB 0x0000000737600000| Untracked 
| 388|0x0000000737800000, 0x0000000737800000, 0x0000000737a00000|  0%| F|  |TAMS 0x0000000737800000| PB 0x0000000737800000| Untracked 
| 389|0x0000000737a00000, 0x0000000737a00000, 0x0000000737c00000|  0%| F|  |TAMS 0x0000000737a00000| PB 0x0000000737a00000| Untracked 
| 390|0x0000000737c00000, 0x0000000737c00000, 0x0000000737e00000|  0%| F|  |TAMS 0x0000000737c00000| PB 0x0000000737c00000| Untracked 
| 391|0x0000000737e00000, 0x0000000737e00000, 0x0000000738000000|  0%| F|  |TAMS 0x0000000737e00000| PB 0x0000000737e00000| Untracked 
| 392|0x0000000738000000, 0x0000000738000000, 0x0000000738200000|  0%| F|  |TAMS 0x0000000738000000| PB 0x0000000738000000| Untracked 
| 393|0x0000000738200000, 0x0000000738200000, 0x0000000738400000|  0%| F|  |TAMS 0x0000000738200000| PB 0x0000000738200000| Untracked 
| 394|0x0000000738400000, 0x0000000738400000, 0x0000000738600000|  0%| F|  |TAMS 0x0000000738400000| PB 0x0000000738400000| Untracked 
| 395|0x0000000738600000, 0x0000000738600000, 0x0000000738800000|  0%| F|  |TAMS 0x0000000738600000| PB 0x0000000738600000| Untracked 
| 396|0x0000000738800000, 0x0000000738800000, 0x0000000738a00000|  0%| F|  |TAMS 0x0000000738800000| PB 0x0000000738800000| Untracked 
| 397|0x0000000738a00000, 0x0000000738a00000, 0x0000000738c00000|  0%| F|  |TAMS 0x0000000738a00000| PB 0x0000000738a00000| Untracked 
| 398|0x0000000738c00000, 0x0000000738c00000, 0x0000000738e00000|  0%| F|  |TAMS 0x0000000738c00000| PB 0x0000000738c00000| Untracked 
| 399|0x0000000738e00000, 0x0000000738e00000, 0x0000000739000000|  0%| F|  |TAMS 0x0000000738e00000| PB 0x0000000738e00000| Untracked 
| 400|0x0000000739000000, 0x0000000739000000, 0x0000000739200000|  0%| F|  |TAMS 0x0000000739000000| PB 0x0000000739000000| Untracked 
| 401|0x0000000739200000, 0x0000000739200000, 0x0000000739400000|  0%| F|  |TAMS 0x0000000739200000| PB 0x0000000739200000| Untracked 
| 402|0x0000000739400000, 0x0000000739400000, 0x0000000739600000|  0%| F|  |TAMS 0x0000000739400000| PB 0x0000000739400000| Untracked 
| 403|0x0000000739600000, 0x0000000739600000, 0x0000000739800000|  0%| F|  |TAMS 0x0000000739600000| PB 0x0000000739600000| Untracked 
| 404|0x0000000739800000, 0x0000000739800000, 0x0000000739a00000|  0%| F|  |TAMS 0x0000000739800000| PB 0x0000000739800000| Untracked 
| 405|0x0000000739a00000, 0x0000000739a00000, 0x0000000739c00000|  0%| F|  |TAMS 0x0000000739a00000| PB 0x0000000739a00000| Untracked 
| 406|0x0000000739c00000, 0x0000000739c00000, 0x0000000739e00000|  0%| F|  |TAMS 0x0000000739c00000| PB 0x0000000739c00000| Untracked 
| 407|0x0000000739e00000, 0x0000000739e00000, 0x000000073a000000|  0%| F|  |TAMS 0x0000000739e00000| PB 0x0000000739e00000| Untracked 
| 408|0x000000073a000000, 0x000000073a000000, 0x000000073a200000|  0%| F|  |TAMS 0x000000073a000000| PB 0x000000073a000000| Untracked 
| 409|0x000000073a200000, 0x000000073a200000, 0x000000073a400000|  0%| F|  |TAMS 0x000000073a200000| PB 0x000000073a200000| Untracked 
| 410|0x000000073a400000, 0x000000073a400000, 0x000000073a600000|  0%| F|  |TAMS 0x000000073a400000| PB 0x000000073a400000| Untracked 
| 411|0x000000073a600000, 0x000000073a600000, 0x000000073a800000|  0%| F|  |TAMS 0x000000073a600000| PB 0x000000073a600000| Untracked 
| 412|0x000000073a800000, 0x000000073a800000, 0x000000073aa00000|  0%| F|  |TAMS 0x000000073a800000| PB 0x000000073a800000| Untracked 
| 413|0x000000073aa00000, 0x000000073aa00000, 0x000000073ac00000|  0%| F|  |TAMS 0x000000073aa00000| PB 0x000000073aa00000| Untracked 
| 414|0x000000073ac00000, 0x000000073ac00000, 0x000000073ae00000|  0%| F|  |TAMS 0x000000073ac00000| PB 0x000000073ac00000| Untracked 
| 415|0x000000073ae00000, 0x000000073ae00000, 0x000000073b000000|  0%| F|  |TAMS 0x000000073ae00000| PB 0x000000073ae00000| Untracked 
| 416|0x000000073b000000, 0x000000073b000000, 0x000000073b200000|  0%| F|  |TAMS 0x000000073b000000| PB 0x000000073b000000| Untracked 
| 417|0x000000073b200000, 0x000000073b200000, 0x000000073b400000|  0%| F|  |TAMS 0x000000073b200000| PB 0x000000073b200000| Untracked 
| 418|0x000000073b400000, 0x000000073b400000, 0x000000073b600000|  0%| F|  |TAMS 0x000000073b400000| PB 0x000000073b400000| Untracked 
| 419|0x000000073b600000, 0x000000073b600000, 0x000000073b800000|  0%| F|  |TAMS 0x000000073b600000| PB 0x000000073b600000| Untracked 
| 420|0x000000073b800000, 0x000000073b800000, 0x000000073ba00000|  0%| F|  |TAMS 0x000000073b800000| PB 0x000000073b800000| Untracked 
| 421|0x000000073ba00000, 0x000000073ba00000, 0x000000073bc00000|  0%| F|  |TAMS 0x000000073ba00000| PB 0x000000073ba00000| Untracked 
| 422|0x000000073bc00000, 0x000000073bc00000, 0x000000073be00000|  0%| F|  |TAMS 0x000000073bc00000| PB 0x000000073bc00000| Untracked 
| 423|0x000000073be00000, 0x000000073be00000, 0x000000073c000000|  0%| F|  |TAMS 0x000000073be00000| PB 0x000000073be00000| Untracked 
| 424|0x000000073c000000, 0x000000073c000000, 0x000000073c200000|  0%| F|  |TAMS 0x000000073c000000| PB 0x000000073c000000| Untracked 
| 425|0x000000073c200000, 0x000000073c200000, 0x000000073c400000|  0%| F|  |TAMS 0x000000073c200000| PB 0x000000073c200000| Untracked 
| 426|0x000000073c400000, 0x000000073c400000, 0x000000073c600000|  0%| F|  |TAMS 0x000000073c400000| PB 0x000000073c400000| Untracked 
| 427|0x000000073c600000, 0x000000073c600000, 0x000000073c800000|  0%| F|  |TAMS 0x000000073c600000| PB 0x000000073c600000| Untracked 
| 428|0x000000073c800000, 0x000000073c800000, 0x000000073ca00000|  0%| F|  |TAMS 0x000000073c800000| PB 0x000000073c800000| Untracked 
| 429|0x000000073ca00000, 0x000000073ca00000, 0x000000073cc00000|  0%| F|  |TAMS 0x000000073ca00000| PB 0x000000073ca00000| Untracked 
| 430|0x000000073cc00000, 0x000000073cc00000, 0x000000073ce00000|  0%| F|  |TAMS 0x000000073cc00000| PB 0x000000073cc00000| Untracked 
| 431|0x000000073ce00000, 0x000000073ce00000, 0x000000073d000000|  0%| F|  |TAMS 0x000000073ce00000| PB 0x000000073ce00000| Untracked 
| 432|0x000000073d000000, 0x000000073d000000, 0x000000073d200000|  0%| F|  |TAMS 0x000000073d000000| PB 0x000000073d000000| Untracked 
| 433|0x000000073d200000, 0x000000073d200000, 0x000000073d400000|  0%| F|  |TAMS 0x000000073d200000| PB 0x000000073d200000| Untracked 
| 434|0x000000073d400000, 0x000000073d400000, 0x000000073d600000|  0%| F|  |TAMS 0x000000073d400000| PB 0x000000073d400000| Untracked 
| 435|0x000000073d600000, 0x000000073d600000, 0x000000073d800000|  0%| F|  |TAMS 0x000000073d600000| PB 0x000000073d600000| Untracked 
| 436|0x000000073d800000, 0x000000073d800000, 0x000000073da00000|  0%| F|  |TAMS 0x000000073d800000| PB 0x000000073d800000| Untracked 
| 437|0x000000073da00000, 0x000000073da00000, 0x000000073dc00000|  0%| F|  |TAMS 0x000000073da00000| PB 0x000000073da00000| Untracked 
| 438|0x000000073dc00000, 0x000000073dc00000, 0x000000073de00000|  0%| F|  |TAMS 0x000000073dc00000| PB 0x000000073dc00000| Untracked 
| 439|0x000000073de00000, 0x000000073de00000, 0x000000073e000000|  0%| F|  |TAMS 0x000000073de00000| PB 0x000000073de00000| Untracked 
| 440|0x000000073e000000, 0x000000073e000000, 0x000000073e200000|  0%| F|  |TAMS 0x000000073e000000| PB 0x000000073e000000| Untracked 
| 441|0x000000073e200000, 0x000000073e200000, 0x000000073e400000|  0%| F|  |TAMS 0x000000073e200000| PB 0x000000073e200000| Untracked 
| 442|0x000000073e400000, 0x000000073e400000, 0x000000073e600000|  0%| F|  |TAMS 0x000000073e400000| PB 0x000000073e400000| Untracked 
| 443|0x000000073e600000, 0x000000073e600000, 0x000000073e800000|  0%| F|  |TAMS 0x000000073e600000| PB 0x000000073e600000| Untracked 
| 444|0x000000073e800000, 0x000000073e800000, 0x000000073ea00000|  0%| F|  |TAMS 0x000000073e800000| PB 0x000000073e800000| Untracked 
| 445|0x000000073ea00000, 0x000000073ea00000, 0x000000073ec00000|  0%| F|  |TAMS 0x000000073ea00000| PB 0x000000073ea00000| Untracked 
| 446|0x000000073ec00000, 0x000000073ec00000, 0x000000073ee00000|  0%| F|  |TAMS 0x000000073ec00000| PB 0x000000073ec00000| Untracked 
| 447|0x000000073ee00000, 0x000000073ee00000, 0x000000073f000000|  0%| F|  |TAMS 0x000000073ee00000| PB 0x000000073ee00000| Untracked 
| 448|0x000000073f000000, 0x000000073f000000, 0x000000073f200000|  0%| F|  |TAMS 0x000000073f000000| PB 0x000000073f000000| Untracked 
| 449|0x000000073f200000, 0x000000073f200000, 0x000000073f400000|  0%| F|  |TAMS 0x000000073f200000| PB 0x000000073f200000| Untracked 
| 450|0x000000073f400000, 0x000000073f400000, 0x000000073f600000|  0%| F|  |TAMS 0x000000073f400000| PB 0x000000073f400000| Untracked 
| 451|0x000000073f600000, 0x000000073f600000, 0x000000073f800000|  0%| F|  |TAMS 0x000000073f600000| PB 0x000000073f600000| Untracked 
| 452|0x000000073f800000, 0x000000073f800000, 0x000000073fa00000|  0%| F|  |TAMS 0x000000073f800000| PB 0x000000073f800000| Untracked 
| 453|0x000000073fa00000, 0x000000073fa00000, 0x000000073fc00000|  0%| F|  |TAMS 0x000000073fa00000| PB 0x000000073fa00000| Untracked 
| 454|0x000000073fc00000, 0x000000073fc00000, 0x000000073fe00000|  0%| F|  |TAMS 0x000000073fc00000| PB 0x000000073fc00000| Untracked 
| 455|0x000000073fe00000, 0x000000073fe00000, 0x0000000740000000|  0%| F|  |TAMS 0x000000073fe00000| PB 0x000000073fe00000| Untracked 
| 456|0x0000000740000000, 0x0000000740000000, 0x0000000740200000|  0%| F|  |TAMS 0x0000000740000000| PB 0x0000000740000000| Untracked 
| 457|0x0000000740200000, 0x0000000740200000, 0x0000000740400000|  0%| F|  |TAMS 0x0000000740200000| PB 0x0000000740200000| Untracked 
| 458|0x0000000740400000, 0x0000000740400000, 0x0000000740600000|  0%| F|  |TAMS 0x0000000740400000| PB 0x0000000740400000| Untracked 
| 459|0x0000000740600000, 0x0000000740600000, 0x0000000740800000|  0%| F|  |TAMS 0x0000000740600000| PB 0x0000000740600000| Untracked 
| 460|0x0000000740800000, 0x0000000740800000, 0x0000000740a00000|  0%| F|  |TAMS 0x0000000740800000| PB 0x0000000740800000| Untracked 
| 461|0x0000000740a00000, 0x0000000740a00000, 0x0000000740c00000|  0%| F|  |TAMS 0x0000000740a00000| PB 0x0000000740a00000| Untracked 
| 462|0x0000000740c00000, 0x0000000740c00000, 0x0000000740e00000|  0%| F|  |TAMS 0x0000000740c00000| PB 0x0000000740c00000| Untracked 
| 463|0x0000000740e00000, 0x0000000740e00000, 0x0000000741000000|  0%| F|  |TAMS 0x0000000740e00000| PB 0x0000000740e00000| Untracked 
| 464|0x0000000741000000, 0x0000000741000000, 0x0000000741200000|  0%| F|  |TAMS 0x0000000741000000| PB 0x0000000741000000| Untracked 
| 465|0x0000000741200000, 0x0000000741200000, 0x0000000741400000|  0%| F|  |TAMS 0x0000000741200000| PB 0x0000000741200000| Untracked 
| 466|0x0000000741400000, 0x0000000741400000, 0x0000000741600000|  0%| F|  |TAMS 0x0000000741400000| PB 0x0000000741400000| Untracked 
| 467|0x0000000741600000, 0x0000000741600000, 0x0000000741800000|  0%| F|  |TAMS 0x0000000741600000| PB 0x0000000741600000| Untracked 
| 468|0x0000000741800000, 0x0000000741800000, 0x0000000741a00000|  0%| F|  |TAMS 0x0000000741800000| PB 0x0000000741800000| Untracked 
| 469|0x0000000741a00000, 0x0000000741a00000, 0x0000000741c00000|  0%| F|  |TAMS 0x0000000741a00000| PB 0x0000000741a00000| Untracked 
| 470|0x0000000741c00000, 0x0000000741c00000, 0x0000000741e00000|  0%| F|  |TAMS 0x0000000741c00000| PB 0x0000000741c00000| Untracked 
| 471|0x0000000741e00000, 0x0000000741e00000, 0x0000000742000000|  0%| F|  |TAMS 0x0000000741e00000| PB 0x0000000741e00000| Untracked 
| 472|0x0000000742000000, 0x0000000742000000, 0x0000000742200000|  0%| F|  |TAMS 0x0000000742000000| PB 0x0000000742000000| Untracked 
| 473|0x0000000742200000, 0x0000000742200000, 0x0000000742400000|  0%| F|  |TAMS 0x0000000742200000| PB 0x0000000742200000| Untracked 
| 474|0x0000000742400000, 0x0000000742400000, 0x0000000742600000|  0%| F|  |TAMS 0x0000000742400000| PB 0x0000000742400000| Untracked 
| 475|0x0000000742600000, 0x0000000742600000, 0x0000000742800000|  0%| F|  |TAMS 0x0000000742600000| PB 0x0000000742600000| Untracked 
| 476|0x0000000742800000, 0x0000000742800000, 0x0000000742a00000|  0%| F|  |TAMS 0x0000000742800000| PB 0x0000000742800000| Untracked 
| 477|0x0000000742a00000, 0x0000000742a00000, 0x0000000742c00000|  0%| F|  |TAMS 0x0000000742a00000| PB 0x0000000742a00000| Untracked 
| 478|0x0000000742c00000, 0x0000000742c00000, 0x0000000742e00000|  0%| F|  |TAMS 0x0000000742c00000| PB 0x0000000742c00000| Untracked 
| 479|0x0000000742e00000, 0x0000000742e00000, 0x0000000743000000|  0%| F|  |TAMS 0x0000000742e00000| PB 0x0000000742e00000| Untracked 
| 480|0x0000000743000000, 0x0000000743000000, 0x0000000743200000|  0%| F|  |TAMS 0x0000000743000000| PB 0x0000000743000000| Untracked 
| 481|0x0000000743200000, 0x0000000743200000, 0x0000000743400000|  0%| F|  |TAMS 0x0000000743200000| PB 0x0000000743200000| Untracked 
| 482|0x0000000743400000, 0x0000000743400000, 0x0000000743600000|  0%| F|  |TAMS 0x0000000743400000| PB 0x0000000743400000| Untracked 
| 483|0x0000000743600000, 0x0000000743600000, 0x0000000743800000|  0%| F|  |TAMS 0x0000000743600000| PB 0x0000000743600000| Untracked 
| 484|0x0000000743800000, 0x0000000743800000, 0x0000000743a00000|  0%| F|  |TAMS 0x0000000743800000| PB 0x0000000743800000| Untracked 
| 485|0x0000000743a00000, 0x0000000743a00000, 0x0000000743c00000|  0%| F|  |TAMS 0x0000000743a00000| PB 0x0000000743a00000| Untracked 
| 486|0x0000000743c00000, 0x0000000743c00000, 0x0000000743e00000|  0%| F|  |TAMS 0x0000000743c00000| PB 0x0000000743c00000| Untracked 
| 487|0x0000000743e00000, 0x0000000743e00000, 0x0000000744000000|  0%| F|  |TAMS 0x0000000743e00000| PB 0x0000000743e00000| Untracked 
| 488|0x0000000744000000, 0x0000000744000000, 0x0000000744200000|  0%| F|  |TAMS 0x0000000744000000| PB 0x0000000744000000| Untracked 
| 489|0x0000000744200000, 0x0000000744200000, 0x0000000744400000|  0%| F|  |TAMS 0x0000000744200000| PB 0x0000000744200000| Untracked 
| 490|0x0000000744400000, 0x0000000744400000, 0x0000000744600000|  0%| F|  |TAMS 0x0000000744400000| PB 0x0000000744400000| Untracked 
| 491|0x0000000744600000, 0x0000000744600000, 0x0000000744800000|  0%| F|  |TAMS 0x0000000744600000| PB 0x0000000744600000| Untracked 
| 492|0x0000000744800000, 0x0000000744800000, 0x0000000744a00000|  0%| F|  |TAMS 0x0000000744800000| PB 0x0000000744800000| Untracked 
| 493|0x0000000744a00000, 0x0000000744a00000, 0x0000000744c00000|  0%| F|  |TAMS 0x0000000744a00000| PB 0x0000000744a00000| Untracked 
| 494|0x0000000744c00000, 0x0000000744c00000, 0x0000000744e00000|  0%| F|  |TAMS 0x0000000744c00000| PB 0x0000000744c00000| Untracked 
| 495|0x0000000744e00000, 0x0000000744e00000, 0x0000000745000000|  0%| F|  |TAMS 0x0000000744e00000| PB 0x0000000744e00000| Untracked 
| 496|0x0000000745000000, 0x0000000745000000, 0x0000000745200000|  0%| F|  |TAMS 0x0000000745000000| PB 0x0000000745000000| Untracked 
| 497|0x0000000745200000, 0x0000000745200000, 0x0000000745400000|  0%| F|  |TAMS 0x0000000745200000| PB 0x0000000745200000| Untracked 
| 498|0x0000000745400000, 0x0000000745400000, 0x0000000745600000|  0%| F|  |TAMS 0x0000000745400000| PB 0x0000000745400000| Untracked 
| 499|0x0000000745600000, 0x0000000745600000, 0x0000000745800000|  0%| F|  |TAMS 0x0000000745600000| PB 0x0000000745600000| Untracked 
| 500|0x0000000745800000, 0x0000000745800000, 0x0000000745a00000|  0%| F|  |TAMS 0x0000000745800000| PB 0x0000000745800000| Untracked 
| 501|0x0000000745a00000, 0x0000000745a00000, 0x0000000745c00000|  0%| F|  |TAMS 0x0000000745a00000| PB 0x0000000745a00000| Untracked 
| 502|0x0000000745c00000, 0x0000000745c00000, 0x0000000745e00000|  0%| F|  |TAMS 0x0000000745c00000| PB 0x0000000745c00000| Untracked 
| 503|0x0000000745e00000, 0x0000000745e00000, 0x0000000746000000|  0%| F|  |TAMS 0x0000000745e00000| PB 0x0000000745e00000| Untracked 
| 504|0x0000000746000000, 0x0000000746000000, 0x0000000746200000|  0%| F|  |TAMS 0x0000000746000000| PB 0x0000000746000000| Untracked 
| 505|0x0000000746200000, 0x0000000746200000, 0x0000000746400000|  0%| F|  |TAMS 0x0000000746200000| PB 0x0000000746200000| Untracked 
| 506|0x0000000746400000, 0x0000000746400000, 0x0000000746600000|  0%| F|  |TAMS 0x0000000746400000| PB 0x0000000746400000| Untracked 
| 507|0x0000000746600000, 0x0000000746600000, 0x0000000746800000|  0%| F|  |TAMS 0x0000000746600000| PB 0x0000000746600000| Untracked 
| 508|0x0000000746800000, 0x0000000746800000, 0x0000000746a00000|  0%| F|  |TAMS 0x0000000746800000| PB 0x0000000746800000| Untracked 
| 509|0x0000000746a00000, 0x0000000746a00000, 0x0000000746c00000|  0%| F|  |TAMS 0x0000000746a00000| PB 0x0000000746a00000| Untracked 
| 510|0x0000000746c00000, 0x0000000746c00000, 0x0000000746e00000|  0%| F|  |TAMS 0x0000000746c00000| PB 0x0000000746c00000| Untracked 
| 511|0x0000000746e00000, 0x0000000746e00000, 0x0000000747000000|  0%| F|  |TAMS 0x0000000746e00000| PB 0x0000000746e00000| Untracked 
| 512|0x0000000747000000, 0x0000000747000000, 0x0000000747200000|  0%| F|  |TAMS 0x0000000747000000| PB 0x0000000747000000| Untracked 
| 513|0x0000000747200000, 0x0000000747200000, 0x0000000747400000|  0%| F|  |TAMS 0x0000000747200000| PB 0x0000000747200000| Untracked 
| 514|0x0000000747400000, 0x0000000747400000, 0x0000000747600000|  0%| F|  |TAMS 0x0000000747400000| PB 0x0000000747400000| Untracked 
| 515|0x0000000747600000, 0x0000000747600000, 0x0000000747800000|  0%| F|  |TAMS 0x0000000747600000| PB 0x0000000747600000| Untracked 
| 516|0x0000000747800000, 0x0000000747800000, 0x0000000747a00000|  0%| F|  |TAMS 0x0000000747800000| PB 0x0000000747800000| Untracked 
| 517|0x0000000747a00000, 0x0000000747a00000, 0x0000000747c00000|  0%| F|  |TAMS 0x0000000747a00000| PB 0x0000000747a00000| Untracked 
| 518|0x0000000747c00000, 0x0000000747c00000, 0x0000000747e00000|  0%| F|  |TAMS 0x0000000747c00000| PB 0x0000000747c00000| Untracked 
| 519|0x0000000747e00000, 0x0000000747e00000, 0x0000000748000000|  0%| F|  |TAMS 0x0000000747e00000| PB 0x0000000747e00000| Untracked 
| 520|0x0000000748000000, 0x0000000748000000, 0x0000000748200000|  0%| F|  |TAMS 0x0000000748000000| PB 0x0000000748000000| Untracked 
| 521|0x0000000748200000, 0x0000000748200000, 0x0000000748400000|  0%| F|  |TAMS 0x0000000748200000| PB 0x0000000748200000| Untracked 
| 522|0x0000000748400000, 0x0000000748400000, 0x0000000748600000|  0%| F|  |TAMS 0x0000000748400000| PB 0x0000000748400000| Untracked 
| 523|0x0000000748600000, 0x0000000748600000, 0x0000000748800000|  0%| F|  |TAMS 0x0000000748600000| PB 0x0000000748600000| Untracked 
| 524|0x0000000748800000, 0x0000000748800000, 0x0000000748a00000|  0%| F|  |TAMS 0x0000000748800000| PB 0x0000000748800000| Untracked 
| 525|0x0000000748a00000, 0x0000000748a00000, 0x0000000748c00000|  0%| F|  |TAMS 0x0000000748a00000| PB 0x0000000748a00000| Untracked 
| 526|0x0000000748c00000, 0x0000000748c00000, 0x0000000748e00000|  0%| F|  |TAMS 0x0000000748c00000| PB 0x0000000748c00000| Untracked 
| 527|0x0000000748e00000, 0x0000000748e00000, 0x0000000749000000|  0%| F|  |TAMS 0x0000000748e00000| PB 0x0000000748e00000| Untracked 
| 528|0x0000000749000000, 0x0000000749000000, 0x0000000749200000|  0%| F|  |TAMS 0x0000000749000000| PB 0x0000000749000000| Untracked 
| 529|0x0000000749200000, 0x0000000749200000, 0x0000000749400000|  0%| F|  |TAMS 0x0000000749200000| PB 0x0000000749200000| Untracked 
| 530|0x0000000749400000, 0x0000000749400000, 0x0000000749600000|  0%| F|  |TAMS 0x0000000749400000| PB 0x0000000749400000| Untracked 
| 531|0x0000000749600000, 0x0000000749600000, 0x0000000749800000|  0%| F|  |TAMS 0x0000000749600000| PB 0x0000000749600000| Untracked 
| 532|0x0000000749800000, 0x0000000749800000, 0x0000000749a00000|  0%| F|  |TAMS 0x0000000749800000| PB 0x0000000749800000| Untracked 
| 533|0x0000000749a00000, 0x0000000749a00000, 0x0000000749c00000|  0%| F|  |TAMS 0x0000000749a00000| PB 0x0000000749a00000| Untracked 
| 534|0x0000000749c00000, 0x0000000749c00000, 0x0000000749e00000|  0%| F|  |TAMS 0x0000000749c00000| PB 0x0000000749c00000| Untracked 
| 535|0x0000000749e00000, 0x0000000749e00000, 0x000000074a000000|  0%| F|  |TAMS 0x0000000749e00000| PB 0x0000000749e00000| Untracked 
| 536|0x000000074a000000, 0x000000074a000000, 0x000000074a200000|  0%| F|  |TAMS 0x000000074a000000| PB 0x000000074a000000| Untracked 
| 537|0x000000074a200000, 0x000000074a200000, 0x000000074a400000|  0%| F|  |TAMS 0x000000074a200000| PB 0x000000074a200000| Untracked 
| 538|0x000000074a400000, 0x000000074a400000, 0x000000074a600000|  0%| F|  |TAMS 0x000000074a400000| PB 0x000000074a400000| Untracked 
| 539|0x000000074a600000, 0x000000074a600000, 0x000000074a800000|  0%| F|  |TAMS 0x000000074a600000| PB 0x000000074a600000| Untracked 
| 540|0x000000074a800000, 0x000000074a800000, 0x000000074aa00000|  0%| F|  |TAMS 0x000000074a800000| PB 0x000000074a800000| Untracked 
| 541|0x000000074aa00000, 0x000000074aa00000, 0x000000074ac00000|  0%| F|  |TAMS 0x000000074aa00000| PB 0x000000074aa00000| Untracked 
| 542|0x000000074ac00000, 0x000000074ac00000, 0x000000074ae00000|  0%| F|  |TAMS 0x000000074ac00000| PB 0x000000074ac00000| Untracked 
| 543|0x000000074ae00000, 0x000000074ae00000, 0x000000074b000000|  0%| F|  |TAMS 0x000000074ae00000| PB 0x000000074ae00000| Untracked 
| 544|0x000000074b000000, 0x000000074b000000, 0x000000074b200000|  0%| F|  |TAMS 0x000000074b000000| PB 0x000000074b000000| Untracked 
| 545|0x000000074b200000, 0x000000074b200000, 0x000000074b400000|  0%| F|  |TAMS 0x000000074b200000| PB 0x000000074b200000| Untracked 
| 546|0x000000074b400000, 0x000000074b400000, 0x000000074b600000|  0%| F|  |TAMS 0x000000074b400000| PB 0x000000074b400000| Untracked 
| 547|0x000000074b600000, 0x000000074b600000, 0x000000074b800000|  0%| F|  |TAMS 0x000000074b600000| PB 0x000000074b600000| Untracked 
| 548|0x000000074b800000, 0x000000074b800000, 0x000000074ba00000|  0%| F|  |TAMS 0x000000074b800000| PB 0x000000074b800000| Untracked 
| 549|0x000000074ba00000, 0x000000074ba00000, 0x000000074bc00000|  0%| F|  |TAMS 0x000000074ba00000| PB 0x000000074ba00000| Untracked 
| 550|0x000000074bc00000, 0x000000074bc00000, 0x000000074be00000|  0%| F|  |TAMS 0x000000074bc00000| PB 0x000000074bc00000| Untracked 
| 551|0x000000074be00000, 0x000000074be00000, 0x000000074c000000|  0%| F|  |TAMS 0x000000074be00000| PB 0x000000074be00000| Untracked 
| 552|0x000000074c000000, 0x000000074c000000, 0x000000074c200000|  0%| F|  |TAMS 0x000000074c000000| PB 0x000000074c000000| Untracked 
| 553|0x000000074c200000, 0x000000074c200000, 0x000000074c400000|  0%| F|  |TAMS 0x000000074c200000| PB 0x000000074c200000| Untracked 
| 554|0x000000074c400000, 0x000000074c400000, 0x000000074c600000|  0%| F|  |TAMS 0x000000074c400000| PB 0x000000074c400000| Untracked 
| 555|0x000000074c600000, 0x000000074c600000, 0x000000074c800000|  0%| F|  |TAMS 0x000000074c600000| PB 0x000000074c600000| Untracked 
| 556|0x000000074c800000, 0x000000074c800000, 0x000000074ca00000|  0%| F|  |TAMS 0x000000074c800000| PB 0x000000074c800000| Untracked 
| 557|0x000000074ca00000, 0x000000074ca00000, 0x000000074cc00000|  0%| F|  |TAMS 0x000000074ca00000| PB 0x000000074ca00000| Untracked 
| 558|0x000000074cc00000, 0x000000074cc00000, 0x000000074ce00000|  0%| F|  |TAMS 0x000000074cc00000| PB 0x000000074cc00000| Untracked 
| 559|0x000000074ce00000, 0x000000074ce00000, 0x000000074d000000|  0%| F|  |TAMS 0x000000074ce00000| PB 0x000000074ce00000| Untracked 
| 560|0x000000074d000000, 0x000000074d000000, 0x000000074d200000|  0%| F|  |TAMS 0x000000074d000000| PB 0x000000074d000000| Untracked 
| 561|0x000000074d200000, 0x000000074d200000, 0x000000074d400000|  0%| F|  |TAMS 0x000000074d200000| PB 0x000000074d200000| Untracked 
| 562|0x000000074d400000, 0x000000074d400000, 0x000000074d600000|  0%| F|  |TAMS 0x000000074d400000| PB 0x000000074d400000| Untracked 
| 563|0x000000074d600000, 0x000000074d600000, 0x000000074d800000|  0%| F|  |TAMS 0x000000074d600000| PB 0x000000074d600000| Untracked 
| 564|0x000000074d800000, 0x000000074d800000, 0x000000074da00000|  0%| F|  |TAMS 0x000000074d800000| PB 0x000000074d800000| Untracked 
| 565|0x000000074da00000, 0x000000074da00000, 0x000000074dc00000|  0%| F|  |TAMS 0x000000074da00000| PB 0x000000074da00000| Untracked 
| 566|0x000000074dc00000, 0x000000074dc00000, 0x000000074de00000|  0%| F|  |TAMS 0x000000074dc00000| PB 0x000000074dc00000| Untracked 
| 567|0x000000074de00000, 0x000000074de00000, 0x000000074e000000|  0%| F|  |TAMS 0x000000074de00000| PB 0x000000074de00000| Untracked 
| 568|0x000000074e000000, 0x000000074e000000, 0x000000074e200000|  0%| F|  |TAMS 0x000000074e000000| PB 0x000000074e000000| Untracked 
| 569|0x000000074e200000, 0x000000074e200000, 0x000000074e400000|  0%| F|  |TAMS 0x000000074e200000| PB 0x000000074e200000| Untracked 
| 570|0x000000074e400000, 0x000000074e400000, 0x000000074e600000|  0%| F|  |TAMS 0x000000074e400000| PB 0x000000074e400000| Untracked 
| 571|0x000000074e600000, 0x000000074e600000, 0x000000074e800000|  0%| F|  |TAMS 0x000000074e600000| PB 0x000000074e600000| Untracked 
| 572|0x000000074e800000, 0x000000074e800000, 0x000000074ea00000|  0%| F|  |TAMS 0x000000074e800000| PB 0x000000074e800000| Untracked 
| 573|0x000000074ea00000, 0x000000074ea00000, 0x000000074ec00000|  0%| F|  |TAMS 0x000000074ea00000| PB 0x000000074ea00000| Untracked 
| 574|0x000000074ec00000, 0x000000074ec00000, 0x000000074ee00000|  0%| F|  |TAMS 0x000000074ec00000| PB 0x000000074ec00000| Untracked 
| 575|0x000000074ee00000, 0x000000074ee00000, 0x000000074f000000|  0%| F|  |TAMS 0x000000074ee00000| PB 0x000000074ee00000| Untracked 
| 576|0x000000074f000000, 0x000000074f000000, 0x000000074f200000|  0%| F|  |TAMS 0x000000074f000000| PB 0x000000074f000000| Untracked 
| 577|0x000000074f200000, 0x000000074f200000, 0x000000074f400000|  0%| F|  |TAMS 0x000000074f200000| PB 0x000000074f200000| Untracked 
| 578|0x000000074f400000, 0x000000074f400000, 0x000000074f600000|  0%| F|  |TAMS 0x000000074f400000| PB 0x000000074f400000| Untracked 
| 579|0x000000074f600000, 0x000000074f600000, 0x000000074f800000|  0%| F|  |TAMS 0x000000074f600000| PB 0x000000074f600000| Untracked 
| 580|0x000000074f800000, 0x000000074f800000, 0x000000074fa00000|  0%| F|  |TAMS 0x000000074f800000| PB 0x000000074f800000| Untracked 
| 581|0x000000074fa00000, 0x000000074fa00000, 0x000000074fc00000|  0%| F|  |TAMS 0x000000074fa00000| PB 0x000000074fa00000| Untracked 
| 582|0x000000074fc00000, 0x000000074fc00000, 0x000000074fe00000|  0%| F|  |TAMS 0x000000074fc00000| PB 0x000000074fc00000| Untracked 
| 583|0x000000074fe00000, 0x000000074fe10018, 0x0000000750000000|  3%| E|  |TAMS 0x000000074fe00000| PB 0x000000074fe00000| Complete 
| 584|0x0000000750000000, 0x0000000750200000, 0x0000000750200000|100%| E|  |TAMS 0x0000000750000000| PB 0x0000000750000000| Complete 
| 585|0x0000000750200000, 0x0000000750400000, 0x0000000750400000|100%| E|CS|TAMS 0x0000000750200000| PB 0x0000000750200000| Complete 
| 586|0x0000000750400000, 0x0000000750600000, 0x0000000750600000|100%| E|CS|TAMS 0x0000000750400000| PB 0x0000000750400000| Complete 
| 587|0x0000000750600000, 0x0000000750800000, 0x0000000750800000|100%| E|CS|TAMS 0x0000000750600000| PB 0x0000000750600000| Complete 
| 588|0x0000000750800000, 0x0000000750a00000, 0x0000000750a00000|100%| E|CS|TAMS 0x0000000750800000| PB 0x0000000750800000| Complete 
| 589|0x0000000750a00000, 0x0000000750c00000, 0x0000000750c00000|100%| E|CS|TAMS 0x0000000750a00000| PB 0x0000000750a00000| Complete 
| 590|0x0000000750c00000, 0x0000000750e00000, 0x0000000750e00000|100%| E|CS|TAMS 0x0000000750c00000| PB 0x0000000750c00000| Complete 
| 591|0x0000000750e00000, 0x0000000751000000, 0x0000000751000000|100%| E|CS|TAMS 0x0000000750e00000| PB 0x0000000750e00000| Complete 
| 592|0x0000000751000000, 0x0000000751200000, 0x0000000751200000|100%| E|CS|TAMS 0x0000000751000000| PB 0x0000000751000000| Complete 
| 593|0x0000000751200000, 0x0000000751400000, 0x0000000751400000|100%| E|CS|TAMS 0x0000000751200000| PB 0x0000000751200000| Complete 
| 594|0x0000000751400000, 0x0000000751600000, 0x0000000751600000|100%| E|CS|TAMS 0x0000000751400000| PB 0x0000000751400000| Complete 
| 595|0x0000000751600000, 0x0000000751800000, 0x0000000751800000|100%| E|CS|TAMS 0x0000000751600000| PB 0x0000000751600000| Complete 
| 596|0x0000000751800000, 0x0000000751a00000, 0x0000000751a00000|100%| E|CS|TAMS 0x0000000751800000| PB 0x0000000751800000| Complete 
| 597|0x0000000751a00000, 0x0000000751c00000, 0x0000000751c00000|100%| E|CS|TAMS 0x0000000751a00000| PB 0x0000000751a00000| Complete 
| 598|0x0000000751c00000, 0x0000000751e00000, 0x0000000751e00000|100%| E|CS|TAMS 0x0000000751c00000| PB 0x0000000751c00000| Complete 
| 599|0x0000000751e00000, 0x0000000752000000, 0x0000000752000000|100%| E|CS|TAMS 0x0000000751e00000| PB 0x0000000751e00000| Complete 
| 600|0x0000000752000000, 0x0000000752200000, 0x0000000752200000|100%| E|CS|TAMS 0x0000000752000000| PB 0x0000000752000000| Complete 
| 601|0x0000000752200000, 0x0000000752400000, 0x0000000752400000|100%| E|CS|TAMS 0x0000000752200000| PB 0x0000000752200000| Complete 
| 602|0x0000000752400000, 0x0000000752600000, 0x0000000752600000|100%| E|CS|TAMS 0x0000000752400000| PB 0x0000000752400000| Complete 
| 603|0x0000000752600000, 0x0000000752800000, 0x0000000752800000|100%| E|CS|TAMS 0x0000000752600000| PB 0x0000000752600000| Complete 
| 604|0x0000000752800000, 0x0000000752a00000, 0x0000000752a00000|100%| E|CS|TAMS 0x0000000752800000| PB 0x0000000752800000| Complete 
| 605|0x0000000752a00000, 0x0000000752c00000, 0x0000000752c00000|100%| E|CS|TAMS 0x0000000752a00000| PB 0x0000000752a00000| Complete 
| 606|0x0000000752c00000, 0x0000000752e00000, 0x0000000752e00000|100%| E|CS|TAMS 0x0000000752c00000| PB 0x0000000752c00000| Complete 
| 607|0x0000000752e00000, 0x0000000753000000, 0x0000000753000000|100%| E|CS|TAMS 0x0000000752e00000| PB 0x0000000752e00000| Complete 
| 608|0x0000000753000000, 0x0000000753200000, 0x0000000753200000|100%| E|CS|TAMS 0x0000000753000000| PB 0x0000000753000000| Complete 
| 609|0x0000000753200000, 0x0000000753400000, 0x0000000753400000|100%| E|CS|TAMS 0x0000000753200000| PB 0x0000000753200000| Complete 
| 610|0x0000000753400000, 0x0000000753600000, 0x0000000753600000|100%| E|CS|TAMS 0x0000000753400000| PB 0x0000000753400000| Complete 
| 611|0x0000000753600000, 0x0000000753800000, 0x0000000753800000|100%| E|CS|TAMS 0x0000000753600000| PB 0x0000000753600000| Complete 
| 612|0x0000000753800000, 0x0000000753a00000, 0x0000000753a00000|100%| E|CS|TAMS 0x0000000753800000| PB 0x0000000753800000| Complete 
| 613|0x0000000753a00000, 0x0000000753c00000, 0x0000000753c00000|100%| E|CS|TAMS 0x0000000753a00000| PB 0x0000000753a00000| Complete 
| 614|0x0000000753c00000, 0x0000000753e00000, 0x0000000753e00000|100%| E|CS|TAMS 0x0000000753c00000| PB 0x0000000753c00000| Complete 
| 615|0x0000000753e00000, 0x0000000754000000, 0x0000000754000000|100%| E|CS|TAMS 0x0000000753e00000| PB 0x0000000753e00000| Complete 
| 616|0x0000000754000000, 0x0000000754200000, 0x0000000754200000|100%| E|CS|TAMS 0x0000000754000000| PB 0x0000000754000000| Complete 
| 617|0x0000000754200000, 0x0000000754400000, 0x0000000754400000|100%| E|CS|TAMS 0x0000000754200000| PB 0x0000000754200000| Complete 
| 618|0x0000000754400000, 0x0000000754600000, 0x0000000754600000|100%| E|CS|TAMS 0x0000000754400000| PB 0x0000000754400000| Complete 
| 619|0x0000000754600000, 0x0000000754800000, 0x0000000754800000|100%| E|CS|TAMS 0x0000000754600000| PB 0x0000000754600000| Complete 
| 620|0x0000000754800000, 0x0000000754a00000, 0x0000000754a00000|100%| E|CS|TAMS 0x0000000754800000| PB 0x0000000754800000| Complete 
| 621|0x0000000754a00000, 0x0000000754c00000, 0x0000000754c00000|100%| E|CS|TAMS 0x0000000754a00000| PB 0x0000000754a00000| Complete 
| 622|0x0000000754c00000, 0x0000000754e00000, 0x0000000754e00000|100%| E|CS|TAMS 0x0000000754c00000| PB 0x0000000754c00000| Complete 
| 623|0x0000000754e00000, 0x0000000755000000, 0x0000000755000000|100%| E|CS|TAMS 0x0000000754e00000| PB 0x0000000754e00000| Complete 
| 624|0x0000000755000000, 0x0000000755200000, 0x0000000755200000|100%| E|CS|TAMS 0x0000000755000000| PB 0x0000000755000000| Complete 
| 625|0x0000000755200000, 0x0000000755400000, 0x0000000755400000|100%| E|CS|TAMS 0x0000000755200000| PB 0x0000000755200000| Complete 
| 626|0x0000000755400000, 0x0000000755600000, 0x0000000755600000|100%| E|CS|TAMS 0x0000000755400000| PB 0x0000000755400000| Complete 
| 627|0x0000000755600000, 0x0000000755800000, 0x0000000755800000|100%| E|CS|TAMS 0x0000000755600000| PB 0x0000000755600000| Complete 
| 628|0x0000000755800000, 0x0000000755a00000, 0x0000000755a00000|100%| E|CS|TAMS 0x0000000755800000| PB 0x0000000755800000| Complete 
| 629|0x0000000755a00000, 0x0000000755c00000, 0x0000000755c00000|100%| E|CS|TAMS 0x0000000755a00000| PB 0x0000000755a00000| Complete 
| 630|0x0000000755c00000, 0x0000000755e00000, 0x0000000755e00000|100%| E|CS|TAMS 0x0000000755c00000| PB 0x0000000755c00000| Complete 
| 631|0x0000000755e00000, 0x0000000756000000, 0x0000000756000000|100%| E|CS|TAMS 0x0000000755e00000| PB 0x0000000755e00000| Complete 
| 632|0x0000000756000000, 0x0000000756200000, 0x0000000756200000|100%| E|CS|TAMS 0x0000000756000000| PB 0x0000000756000000| Complete 
| 633|0x0000000756200000, 0x0000000756400000, 0x0000000756400000|100%| E|CS|TAMS 0x0000000756200000| PB 0x0000000756200000| Complete 
| 634|0x0000000756400000, 0x0000000756600000, 0x0000000756600000|100%| E|CS|TAMS 0x0000000756400000| PB 0x0000000756400000| Complete 
| 635|0x0000000756600000, 0x0000000756800000, 0x0000000756800000|100%| E|CS|TAMS 0x0000000756600000| PB 0x0000000756600000| Complete 
| 636|0x0000000756800000, 0x0000000756a00000, 0x0000000756a00000|100%| E|CS|TAMS 0x0000000756800000| PB 0x0000000756800000| Complete 
| 637|0x0000000756a00000, 0x0000000756c00000, 0x0000000756c00000|100%| E|CS|TAMS 0x0000000756a00000| PB 0x0000000756a00000| Complete 
| 638|0x0000000756c00000, 0x0000000756e00000, 0x0000000756e00000|100%| E|CS|TAMS 0x0000000756c00000| PB 0x0000000756c00000| Complete 
| 639|0x0000000756e00000, 0x0000000757000000, 0x0000000757000000|100%| E|CS|TAMS 0x0000000756e00000| PB 0x0000000756e00000| Complete 
| 640|0x0000000757000000, 0x0000000757200000, 0x0000000757200000|100%| E|CS|TAMS 0x0000000757000000| PB 0x0000000757000000| Complete 
| 641|0x0000000757200000, 0x0000000757400000, 0x0000000757400000|100%| E|CS|TAMS 0x0000000757200000| PB 0x0000000757200000| Complete 
| 642|0x0000000757400000, 0x0000000757600000, 0x0000000757600000|100%| E|CS|TAMS 0x0000000757400000| PB 0x0000000757400000| Complete 
| 643|0x0000000757600000, 0x0000000757800000, 0x0000000757800000|100%| E|CS|TAMS 0x0000000757600000| PB 0x0000000757600000| Complete 
| 644|0x0000000757800000, 0x0000000757a00000, 0x0000000757a00000|100%| E|CS|TAMS 0x0000000757800000| PB 0x0000000757800000| Complete 
| 645|0x0000000757a00000, 0x0000000757c00000, 0x0000000757c00000|100%| E|CS|TAMS 0x0000000757a00000| PB 0x0000000757a00000| Complete 
| 646|0x0000000757c00000, 0x0000000757e00000, 0x0000000757e00000|100%| E|CS|TAMS 0x0000000757c00000| PB 0x0000000757c00000| Complete 
| 647|0x0000000757e00000, 0x0000000758000000, 0x0000000758000000|100%| E|CS|TAMS 0x0000000757e00000| PB 0x0000000757e00000| Complete 
| 648|0x0000000758000000, 0x0000000758200000, 0x0000000758200000|100%| E|CS|TAMS 0x0000000758000000| PB 0x0000000758000000| Complete 
| 649|0x0000000758200000, 0x0000000758400000, 0x0000000758400000|100%| E|CS|TAMS 0x0000000758200000| PB 0x0000000758200000| Complete 
| 650|0x0000000758400000, 0x0000000758600000, 0x0000000758600000|100%| E|CS|TAMS 0x0000000758400000| PB 0x0000000758400000| Complete 
| 651|0x0000000758600000, 0x0000000758800000, 0x0000000758800000|100%| E|CS|TAMS 0x0000000758600000| PB 0x0000000758600000| Complete 
| 652|0x0000000758800000, 0x0000000758a00000, 0x0000000758a00000|100%| E|CS|TAMS 0x0000000758800000| PB 0x0000000758800000| Complete 
| 653|0x0000000758a00000, 0x0000000758c00000, 0x0000000758c00000|100%| E|CS|TAMS 0x0000000758a00000| PB 0x0000000758a00000| Complete 
| 654|0x0000000758c00000, 0x0000000758e00000, 0x0000000758e00000|100%| E|CS|TAMS 0x0000000758c00000| PB 0x0000000758c00000| Complete 
| 655|0x0000000758e00000, 0x0000000759000000, 0x0000000759000000|100%| E|CS|TAMS 0x0000000758e00000| PB 0x0000000758e00000| Complete 
| 656|0x0000000759000000, 0x0000000759200000, 0x0000000759200000|100%| E|CS|TAMS 0x0000000759000000| PB 0x0000000759000000| Complete 
| 657|0x0000000759200000, 0x0000000759400000, 0x0000000759400000|100%| E|CS|TAMS 0x0000000759200000| PB 0x0000000759200000| Complete 
| 658|0x0000000759400000, 0x0000000759600000, 0x0000000759600000|100%| E|CS|TAMS 0x0000000759400000| PB 0x0000000759400000| Complete 
| 659|0x0000000759600000, 0x0000000759800000, 0x0000000759800000|100%| E|CS|TAMS 0x0000000759600000| PB 0x0000000759600000| Complete 
| 660|0x0000000759800000, 0x0000000759a00000, 0x0000000759a00000|100%| E|CS|TAMS 0x0000000759800000| PB 0x0000000759800000| Complete 
| 661|0x0000000759a00000, 0x0000000759c00000, 0x0000000759c00000|100%| E|CS|TAMS 0x0000000759a00000| PB 0x0000000759a00000| Complete 
| 662|0x0000000759c00000, 0x0000000759e00000, 0x0000000759e00000|100%| E|CS|TAMS 0x0000000759c00000| PB 0x0000000759c00000| Complete 
| 663|0x0000000759e00000, 0x000000075a000000, 0x000000075a000000|100%| E|CS|TAMS 0x0000000759e00000| PB 0x0000000759e00000| Complete 
| 664|0x000000075a000000, 0x000000075a200000, 0x000000075a200000|100%| E|CS|TAMS 0x000000075a000000| PB 0x000000075a000000| Complete 
| 665|0x000000075a200000, 0x000000075a400000, 0x000000075a400000|100%| E|CS|TAMS 0x000000075a200000| PB 0x000000075a200000| Complete 
| 666|0x000000075a400000, 0x000000075a600000, 0x000000075a600000|100%| E|CS|TAMS 0x000000075a400000| PB 0x000000075a400000| Complete 
| 667|0x000000075a600000, 0x000000075a800000, 0x000000075a800000|100%| E|CS|TAMS 0x000000075a600000| PB 0x000000075a600000| Complete 
| 668|0x000000075a800000, 0x000000075aa00000, 0x000000075aa00000|100%| E|CS|TAMS 0x000000075a800000| PB 0x000000075a800000| Complete 
| 669|0x000000075aa00000, 0x000000075ac00000, 0x000000075ac00000|100%| E|CS|TAMS 0x000000075aa00000| PB 0x000000075aa00000| Complete 
| 670|0x000000075ac00000, 0x000000075ae00000, 0x000000075ae00000|100%| E|CS|TAMS 0x000000075ac00000| PB 0x000000075ac00000| Complete 
| 671|0x000000075ae00000, 0x000000075b000000, 0x000000075b000000|100%| E|CS|TAMS 0x000000075ae00000| PB 0x000000075ae00000| Complete 
| 672|0x000000075b000000, 0x000000075b200000, 0x000000075b200000|100%| E|CS|TAMS 0x000000075b000000| PB 0x000000075b000000| Complete 
| 673|0x000000075b200000, 0x000000075b400000, 0x000000075b400000|100%| E|CS|TAMS 0x000000075b200000| PB 0x000000075b200000| Complete 
| 674|0x000000075b400000, 0x000000075b600000, 0x000000075b600000|100%| E|CS|TAMS 0x000000075b400000| PB 0x000000075b400000| Complete 
| 675|0x000000075b600000, 0x000000075b800000, 0x000000075b800000|100%| E|CS|TAMS 0x000000075b600000| PB 0x000000075b600000| Complete 
| 676|0x000000075b800000, 0x000000075ba00000, 0x000000075ba00000|100%| E|CS|TAMS 0x000000075b800000| PB 0x000000075b800000| Complete 
| 677|0x000000075ba00000, 0x000000075bc00000, 0x000000075bc00000|100%| E|CS|TAMS 0x000000075ba00000| PB 0x000000075ba00000| Complete 
| 678|0x000000075bc00000, 0x000000075be00000, 0x000000075be00000|100%| E|CS|TAMS 0x000000075bc00000| PB 0x000000075bc00000| Complete 
| 679|0x000000075be00000, 0x000000075c000000, 0x000000075c000000|100%| E|CS|TAMS 0x000000075be00000| PB 0x000000075be00000| Complete 
| 680|0x000000075c000000, 0x000000075c200000, 0x000000075c200000|100%| E|CS|TAMS 0x000000075c000000| PB 0x000000075c000000| Complete 
| 681|0x000000075c200000, 0x000000075c400000, 0x000000075c400000|100%| E|CS|TAMS 0x000000075c200000| PB 0x000000075c200000| Complete 
| 682|0x000000075c400000, 0x000000075c600000, 0x000000075c600000|100%| E|CS|TAMS 0x000000075c400000| PB 0x000000075c400000| Complete 
| 683|0x000000075c600000, 0x000000075c800000, 0x000000075c800000|100%| E|CS|TAMS 0x000000075c600000| PB 0x000000075c600000| Complete 
| 684|0x000000075c800000, 0x000000075ca00000, 0x000000075ca00000|100%| E|CS|TAMS 0x000000075c800000| PB 0x000000075c800000| Complete 
| 685|0x000000075ca00000, 0x000000075cc00000, 0x000000075cc00000|100%| E|CS|TAMS 0x000000075ca00000| PB 0x000000075ca00000| Complete 
| 686|0x000000075cc00000, 0x000000075ce00000, 0x000000075ce00000|100%| E|CS|TAMS 0x000000075cc00000| PB 0x000000075cc00000| Complete 
| 687|0x000000075ce00000, 0x000000075d000000, 0x000000075d000000|100%| E|CS|TAMS 0x000000075ce00000| PB 0x000000075ce00000| Complete 
| 688|0x000000075d000000, 0x000000075d200000, 0x000000075d200000|100%| E|CS|TAMS 0x000000075d000000| PB 0x000000075d000000| Complete 
| 689|0x000000075d200000, 0x000000075d400000, 0x000000075d400000|100%| E|CS|TAMS 0x000000075d200000| PB 0x000000075d200000| Complete 
| 690|0x000000075d400000, 0x000000075d600000, 0x000000075d600000|100%| E|CS|TAMS 0x000000075d400000| PB 0x000000075d400000| Complete 
| 691|0x000000075d600000, 0x000000075d800000, 0x000000075d800000|100%| E|CS|TAMS 0x000000075d600000| PB 0x000000075d600000| Complete 
| 692|0x000000075d800000, 0x000000075da00000, 0x000000075da00000|100%| E|CS|TAMS 0x000000075d800000| PB 0x000000075d800000| Complete 
| 693|0x000000075da00000, 0x000000075dc00000, 0x000000075dc00000|100%| E|CS|TAMS 0x000000075da00000| PB 0x000000075da00000| Complete 
| 694|0x000000075dc00000, 0x000000075de00000, 0x000000075de00000|100%| E|CS|TAMS 0x000000075dc00000| PB 0x000000075dc00000| Complete 
| 695|0x000000075de00000, 0x000000075e000000, 0x000000075e000000|100%| E|CS|TAMS 0x000000075de00000| PB 0x000000075de00000| Complete 
| 696|0x000000075e000000, 0x000000075e200000, 0x000000075e200000|100%| E|CS|TAMS 0x000000075e000000| PB 0x000000075e000000| Complete 
| 697|0x000000075e200000, 0x000000075e400000, 0x000000075e400000|100%| E|CS|TAMS 0x000000075e200000| PB 0x000000075e200000| Complete 
| 698|0x000000075e400000, 0x000000075e600000, 0x000000075e600000|100%| E|CS|TAMS 0x000000075e400000| PB 0x000000075e400000| Complete 
| 699|0x000000075e600000, 0x000000075e800000, 0x000000075e800000|100%| E|CS|TAMS 0x000000075e600000| PB 0x000000075e600000| Complete 
| 700|0x000000075e800000, 0x000000075ea00000, 0x000000075ea00000|100%| E|CS|TAMS 0x000000075e800000| PB 0x000000075e800000| Complete 
| 701|0x000000075ea00000, 0x000000075ec00000, 0x000000075ec00000|100%| E|CS|TAMS 0x000000075ea00000| PB 0x000000075ea00000| Complete 
| 702|0x000000075ec00000, 0x000000075ee00000, 0x000000075ee00000|100%| E|CS|TAMS 0x000000075ec00000| PB 0x000000075ec00000| Complete 
| 703|0x000000075ee00000, 0x000000075f000000, 0x000000075f000000|100%| E|CS|TAMS 0x000000075ee00000| PB 0x000000075ee00000| Complete 
| 704|0x000000075f000000, 0x000000075f200000, 0x000000075f200000|100%| E|CS|TAMS 0x000000075f000000| PB 0x000000075f000000| Complete 
| 705|0x000000075f200000, 0x000000075f400000, 0x000000075f400000|100%| E|CS|TAMS 0x000000075f200000| PB 0x000000075f200000| Complete 
| 706|0x000000075f400000, 0x000000075f600000, 0x000000075f600000|100%| E|CS|TAMS 0x000000075f400000| PB 0x000000075f400000| Complete 
| 707|0x000000075f600000, 0x000000075f800000, 0x000000075f800000|100%| E|CS|TAMS 0x000000075f600000| PB 0x000000075f600000| Complete 
| 708|0x000000075f800000, 0x000000075fa00000, 0x000000075fa00000|100%| E|CS|TAMS 0x000000075f800000| PB 0x000000075f800000| Complete 
| 709|0x000000075fa00000, 0x000000075fc00000, 0x000000075fc00000|100%| E|CS|TAMS 0x000000075fa00000| PB 0x000000075fa00000| Complete 
| 710|0x000000075fc00000, 0x000000075fe00000, 0x000000075fe00000|100%| E|CS|TAMS 0x000000075fc00000| PB 0x000000075fc00000| Complete 
| 711|0x000000075fe00000, 0x0000000760000000, 0x0000000760000000|100%| E|CS|TAMS 0x000000075fe00000| PB 0x000000075fe00000| Complete 
| 712|0x0000000760000000, 0x0000000760200000, 0x0000000760200000|100%| E|CS|TAMS 0x0000000760000000| PB 0x0000000760000000| Complete 
| 713|0x0000000760200000, 0x0000000760400000, 0x0000000760400000|100%| E|CS|TAMS 0x0000000760200000| PB 0x0000000760200000| Complete 
| 714|0x0000000760400000, 0x0000000760600000, 0x0000000760600000|100%| E|CS|TAMS 0x0000000760400000| PB 0x0000000760400000| Complete 
| 715|0x0000000760600000, 0x0000000760800000, 0x0000000760800000|100%| E|CS|TAMS 0x0000000760600000| PB 0x0000000760600000| Complete 
| 716|0x0000000760800000, 0x0000000760a00000, 0x0000000760a00000|100%| E|CS|TAMS 0x0000000760800000| PB 0x0000000760800000| Complete 
| 717|0x0000000760a00000, 0x0000000760c00000, 0x0000000760c00000|100%| E|CS|TAMS 0x0000000760a00000| PB 0x0000000760a00000| Complete 
| 718|0x0000000760c00000, 0x0000000760e00000, 0x0000000760e00000|100%| E|CS|TAMS 0x0000000760c00000| PB 0x0000000760c00000| Complete 
| 719|0x0000000760e00000, 0x0000000761000000, 0x0000000761000000|100%| E|CS|TAMS 0x0000000760e00000| PB 0x0000000760e00000| Complete 
| 720|0x0000000761000000, 0x0000000761200000, 0x0000000761200000|100%| E|CS|TAMS 0x0000000761000000| PB 0x0000000761000000| Complete 
| 721|0x0000000761200000, 0x0000000761400000, 0x0000000761400000|100%| E|CS|TAMS 0x0000000761200000| PB 0x0000000761200000| Complete 
| 722|0x0000000761400000, 0x0000000761600000, 0x0000000761600000|100%| E|CS|TAMS 0x0000000761400000| PB 0x0000000761400000| Complete 
| 723|0x0000000761600000, 0x0000000761800000, 0x0000000761800000|100%| E|CS|TAMS 0x0000000761600000| PB 0x0000000761600000| Complete 
| 724|0x0000000761800000, 0x0000000761a00000, 0x0000000761a00000|100%| E|CS|TAMS 0x0000000761800000| PB 0x0000000761800000| Complete 
| 725|0x0000000761a00000, 0x0000000761c00000, 0x0000000761c00000|100%| E|CS|TAMS 0x0000000761a00000| PB 0x0000000761a00000| Complete 
| 726|0x0000000761c00000, 0x0000000761e00000, 0x0000000761e00000|100%| E|CS|TAMS 0x0000000761c00000| PB 0x0000000761c00000| Complete 
| 727|0x0000000761e00000, 0x0000000762000000, 0x0000000762000000|100%| E|CS|TAMS 0x0000000761e00000| PB 0x0000000761e00000| Complete 
| 728|0x0000000762000000, 0x0000000762200000, 0x0000000762200000|100%| E|CS|TAMS 0x0000000762000000| PB 0x0000000762000000| Complete 
| 729|0x0000000762200000, 0x0000000762400000, 0x0000000762400000|100%| E|CS|TAMS 0x0000000762200000| PB 0x0000000762200000| Complete 
| 730|0x0000000762400000, 0x0000000762600000, 0x0000000762600000|100%| E|CS|TAMS 0x0000000762400000| PB 0x0000000762400000| Complete 
| 731|0x0000000762600000, 0x0000000762800000, 0x0000000762800000|100%| E|CS|TAMS 0x0000000762600000| PB 0x0000000762600000| Complete 
| 732|0x0000000762800000, 0x0000000762a00000, 0x0000000762a00000|100%| E|CS|TAMS 0x0000000762800000| PB 0x0000000762800000| Complete 
| 733|0x0000000762a00000, 0x0000000762c00000, 0x0000000762c00000|100%| E|CS|TAMS 0x0000000762a00000| PB 0x0000000762a00000| Complete 
| 734|0x0000000762c00000, 0x0000000762e00000, 0x0000000762e00000|100%| E|CS|TAMS 0x0000000762c00000| PB 0x0000000762c00000| Complete 
| 735|0x0000000762e00000, 0x0000000763000000, 0x0000000763000000|100%| E|CS|TAMS 0x0000000762e00000| PB 0x0000000762e00000| Complete 
| 736|0x0000000763000000, 0x0000000763200000, 0x0000000763200000|100%| E|CS|TAMS 0x0000000763000000| PB 0x0000000763000000| Complete 
| 737|0x0000000763200000, 0x0000000763400000, 0x0000000763400000|100%| E|CS|TAMS 0x0000000763200000| PB 0x0000000763200000| Complete 
| 738|0x0000000763400000, 0x0000000763600000, 0x0000000763600000|100%| E|CS|TAMS 0x0000000763400000| PB 0x0000000763400000| Complete 
| 739|0x0000000763600000, 0x0000000763800000, 0x0000000763800000|100%| E|CS|TAMS 0x0000000763600000| PB 0x0000000763600000| Complete 
| 740|0x0000000763800000, 0x0000000763a00000, 0x0000000763a00000|100%| E|CS|TAMS 0x0000000763800000| PB 0x0000000763800000| Complete 
| 741|0x0000000763a00000, 0x0000000763c00000, 0x0000000763c00000|100%| E|CS|TAMS 0x0000000763a00000| PB 0x0000000763a00000| Complete 
| 742|0x0000000763c00000, 0x0000000763e00000, 0x0000000763e00000|100%| E|CS|TAMS 0x0000000763c00000| PB 0x0000000763c00000| Complete 
| 743|0x0000000763e00000, 0x0000000764000000, 0x0000000764000000|100%| E|CS|TAMS 0x0000000763e00000| PB 0x0000000763e00000| Complete 
| 744|0x0000000764000000, 0x0000000764200000, 0x0000000764200000|100%| E|CS|TAMS 0x0000000764000000| PB 0x0000000764000000| Complete 
| 745|0x0000000764200000, 0x0000000764400000, 0x0000000764400000|100%| E|CS|TAMS 0x0000000764200000| PB 0x0000000764200000| Complete 
| 746|0x0000000764400000, 0x0000000764600000, 0x0000000764600000|100%| E|CS|TAMS 0x0000000764400000| PB 0x0000000764400000| Complete 
| 747|0x0000000764600000, 0x0000000764800000, 0x0000000764800000|100%| E|CS|TAMS 0x0000000764600000| PB 0x0000000764600000| Complete 
| 748|0x0000000764800000, 0x0000000764a00000, 0x0000000764a00000|100%| E|CS|TAMS 0x0000000764800000| PB 0x0000000764800000| Complete 
| 749|0x0000000764a00000, 0x0000000764c00000, 0x0000000764c00000|100%| E|CS|TAMS 0x0000000764a00000| PB 0x0000000764a00000| Complete 
| 750|0x0000000764c00000, 0x0000000764e00000, 0x0000000764e00000|100%| E|CS|TAMS 0x0000000764c00000| PB 0x0000000764c00000| Complete 
| 751|0x0000000764e00000, 0x0000000765000000, 0x0000000765000000|100%| E|CS|TAMS 0x0000000764e00000| PB 0x0000000764e00000| Complete 
| 752|0x0000000765000000, 0x0000000765200000, 0x0000000765200000|100%| E|CS|TAMS 0x0000000765000000| PB 0x0000000765000000| Complete 
| 753|0x0000000765200000, 0x0000000765400000, 0x0000000765400000|100%| E|CS|TAMS 0x0000000765200000| PB 0x0000000765200000| Complete 
| 754|0x0000000765400000, 0x0000000765600000, 0x0000000765600000|100%| E|CS|TAMS 0x0000000765400000| PB 0x0000000765400000| Complete 
| 755|0x0000000765600000, 0x0000000765800000, 0x0000000765800000|100%| E|CS|TAMS 0x0000000765600000| PB 0x0000000765600000| Complete 
| 756|0x0000000765800000, 0x0000000765a00000, 0x0000000765a00000|100%| E|CS|TAMS 0x0000000765800000| PB 0x0000000765800000| Complete 
| 757|0x0000000765a00000, 0x0000000765c00000, 0x0000000765c00000|100%| E|CS|TAMS 0x0000000765a00000| PB 0x0000000765a00000| Complete 
| 758|0x0000000765c00000, 0x0000000765e00000, 0x0000000765e00000|100%| E|CS|TAMS 0x0000000765c00000| PB 0x0000000765c00000| Complete 
| 759|0x0000000765e00000, 0x0000000766000000, 0x0000000766000000|100%| E|CS|TAMS 0x0000000765e00000| PB 0x0000000765e00000| Complete 
| 760|0x0000000766000000, 0x0000000766200000, 0x0000000766200000|100%| E|CS|TAMS 0x0000000766000000| PB 0x0000000766000000| Complete 
| 761|0x0000000766200000, 0x0000000766400000, 0x0000000766400000|100%| E|CS|TAMS 0x0000000766200000| PB 0x0000000766200000| Complete 
| 762|0x0000000766400000, 0x0000000766600000, 0x0000000766600000|100%| E|CS|TAMS 0x0000000766400000| PB 0x0000000766400000| Complete 
| 763|0x0000000766600000, 0x0000000766800000, 0x0000000766800000|100%| E|CS|TAMS 0x0000000766600000| PB 0x0000000766600000| Complete 
| 764|0x0000000766800000, 0x0000000766a00000, 0x0000000766a00000|100%| E|CS|TAMS 0x0000000766800000| PB 0x0000000766800000| Complete 
| 765|0x0000000766a00000, 0x0000000766c00000, 0x0000000766c00000|100%| E|CS|TAMS 0x0000000766a00000| PB 0x0000000766a00000| Complete 
| 766|0x0000000766c00000, 0x0000000766e00000, 0x0000000766e00000|100%| E|CS|TAMS 0x0000000766c00000| PB 0x0000000766c00000| Complete 
| 767|0x0000000766e00000, 0x0000000767000000, 0x0000000767000000|100%| E|CS|TAMS 0x0000000766e00000| PB 0x0000000766e00000| Complete 
| 768|0x0000000767000000, 0x0000000767200000, 0x0000000767200000|100%| E|CS|TAMS 0x0000000767000000| PB 0x0000000767000000| Complete 
| 769|0x0000000767200000, 0x0000000767400000, 0x0000000767400000|100%| E|CS|TAMS 0x0000000767200000| PB 0x0000000767200000| Complete 
| 770|0x0000000767400000, 0x0000000767600000, 0x0000000767600000|100%| E|CS|TAMS 0x0000000767400000| PB 0x0000000767400000| Complete 
| 771|0x0000000767600000, 0x0000000767800000, 0x0000000767800000|100%| E|CS|TAMS 0x0000000767600000| PB 0x0000000767600000| Complete 
| 772|0x0000000767800000, 0x0000000767a00000, 0x0000000767a00000|100%| E|CS|TAMS 0x0000000767800000| PB 0x0000000767800000| Complete 
| 773|0x0000000767a00000, 0x0000000767c00000, 0x0000000767c00000|100%| E|CS|TAMS 0x0000000767a00000| PB 0x0000000767a00000| Complete 
| 774|0x0000000767c00000, 0x0000000767e00000, 0x0000000767e00000|100%| E|CS|TAMS 0x0000000767c00000| PB 0x0000000767c00000| Complete 
| 775|0x0000000767e00000, 0x0000000768000000, 0x0000000768000000|100%| E|CS|TAMS 0x0000000767e00000| PB 0x0000000767e00000| Complete 
| 776|0x0000000768000000, 0x0000000768200000, 0x0000000768200000|100%| E|CS|TAMS 0x0000000768000000| PB 0x0000000768000000| Complete 
| 777|0x0000000768200000, 0x0000000768400000, 0x0000000768400000|100%| E|CS|TAMS 0x0000000768200000| PB 0x0000000768200000| Complete 
| 778|0x0000000768400000, 0x0000000768600000, 0x0000000768600000|100%| E|CS|TAMS 0x0000000768400000| PB 0x0000000768400000| Complete 
| 779|0x0000000768600000, 0x0000000768800000, 0x0000000768800000|100%| E|CS|TAMS 0x0000000768600000| PB 0x0000000768600000| Complete 
| 780|0x0000000768800000, 0x0000000768a00000, 0x0000000768a00000|100%| E|CS|TAMS 0x0000000768800000| PB 0x0000000768800000| Complete 
| 781|0x0000000768a00000, 0x0000000768c00000, 0x0000000768c00000|100%| E|CS|TAMS 0x0000000768a00000| PB 0x0000000768a00000| Complete 
| 782|0x0000000768c00000, 0x0000000768e00000, 0x0000000768e00000|100%| E|CS|TAMS 0x0000000768c00000| PB 0x0000000768c00000| Complete 
| 783|0x0000000768e00000, 0x0000000769000000, 0x0000000769000000|100%| E|CS|TAMS 0x0000000768e00000| PB 0x0000000768e00000| Complete 
| 784|0x0000000769000000, 0x0000000769200000, 0x0000000769200000|100%| E|CS|TAMS 0x0000000769000000| PB 0x0000000769000000| Complete 
| 785|0x0000000769200000, 0x0000000769400000, 0x0000000769400000|100%| E|CS|TAMS 0x0000000769200000| PB 0x0000000769200000| Complete 
| 786|0x0000000769400000, 0x0000000769600000, 0x0000000769600000|100%| E|CS|TAMS 0x0000000769400000| PB 0x0000000769400000| Complete 
| 787|0x0000000769600000, 0x0000000769800000, 0x0000000769800000|100%| E|CS|TAMS 0x0000000769600000| PB 0x0000000769600000| Complete 
| 788|0x0000000769800000, 0x0000000769a00000, 0x0000000769a00000|100%| E|CS|TAMS 0x0000000769800000| PB 0x0000000769800000| Complete 
| 789|0x0000000769a00000, 0x0000000769c00000, 0x0000000769c00000|100%| E|CS|TAMS 0x0000000769a00000| PB 0x0000000769a00000| Complete 
| 790|0x0000000769c00000, 0x0000000769e00000, 0x0000000769e00000|100%| E|CS|TAMS 0x0000000769c00000| PB 0x0000000769c00000| Complete 
| 791|0x0000000769e00000, 0x000000076a000000, 0x000000076a000000|100%| E|CS|TAMS 0x0000000769e00000| PB 0x0000000769e00000| Complete 
| 792|0x000000076a000000, 0x000000076a200000, 0x000000076a200000|100%| E|CS|TAMS 0x000000076a000000| PB 0x000000076a000000| Complete 
| 793|0x000000076a200000, 0x000000076a400000, 0x000000076a400000|100%| E|CS|TAMS 0x000000076a200000| PB 0x000000076a200000| Complete 
| 794|0x000000076a400000, 0x000000076a600000, 0x000000076a600000|100%| E|CS|TAMS 0x000000076a400000| PB 0x000000076a400000| Complete 
| 795|0x000000076a600000, 0x000000076a800000, 0x000000076a800000|100%| E|CS|TAMS 0x000000076a600000| PB 0x000000076a600000| Complete 
| 796|0x000000076a800000, 0x000000076aa00000, 0x000000076aa00000|100%| E|CS|TAMS 0x000000076a800000| PB 0x000000076a800000| Complete 
| 797|0x000000076aa00000, 0x000000076ac00000, 0x000000076ac00000|100%| E|CS|TAMS 0x000000076aa00000| PB 0x000000076aa00000| Complete 
| 798|0x000000076ac00000, 0x000000076ae00000, 0x000000076ae00000|100%| E|CS|TAMS 0x000000076ac00000| PB 0x000000076ac00000| Complete 
| 799|0x000000076ae00000, 0x000000076b000000, 0x000000076b000000|100%| E|CS|TAMS 0x000000076ae00000| PB 0x000000076ae00000| Complete 
| 800|0x000000076b000000, 0x000000076b200000, 0x000000076b200000|100%| E|CS|TAMS 0x000000076b000000| PB 0x000000076b000000| Complete 
| 801|0x000000076b200000, 0x000000076b400000, 0x000000076b400000|100%| E|CS|TAMS 0x000000076b200000| PB 0x000000076b200000| Complete 
| 802|0x000000076b400000, 0x000000076b600000, 0x000000076b600000|100%| E|CS|TAMS 0x000000076b400000| PB 0x000000076b400000| Complete 
| 803|0x000000076b600000, 0x000000076b800000, 0x000000076b800000|100%| E|CS|TAMS 0x000000076b600000| PB 0x000000076b600000| Complete 
| 804|0x000000076b800000, 0x000000076ba00000, 0x000000076ba00000|100%| E|CS|TAMS 0x000000076b800000| PB 0x000000076b800000| Complete 
| 805|0x000000076ba00000, 0x000000076bc00000, 0x000000076bc00000|100%| E|CS|TAMS 0x000000076ba00000| PB 0x000000076ba00000| Complete 
| 806|0x000000076bc00000, 0x000000076be00000, 0x000000076be00000|100%| E|CS|TAMS 0x000000076bc00000| PB 0x000000076bc00000| Complete 
| 807|0x000000076be00000, 0x000000076c000000, 0x000000076c000000|100%| E|CS|TAMS 0x000000076be00000| PB 0x000000076be00000| Complete 
| 808|0x000000076c000000, 0x000000076c200000, 0x000000076c200000|100%| E|CS|TAMS 0x000000076c000000| PB 0x000000076c000000| Complete 
| 809|0x000000076c200000, 0x000000076c400000, 0x000000076c400000|100%| E|CS|TAMS 0x000000076c200000| PB 0x000000076c200000| Complete 
| 810|0x000000076c400000, 0x000000076c600000, 0x000000076c600000|100%| E|CS|TAMS 0x000000076c400000| PB 0x000000076c400000| Complete 
| 811|0x000000076c600000, 0x000000076c800000, 0x000000076c800000|100%| E|CS|TAMS 0x000000076c600000| PB 0x000000076c600000| Complete 
| 812|0x000000076c800000, 0x000000076ca00000, 0x000000076ca00000|100%| E|CS|TAMS 0x000000076c800000| PB 0x000000076c800000| Complete 
| 813|0x000000076ca00000, 0x000000076cc00000, 0x000000076cc00000|100%| E|CS|TAMS 0x000000076ca00000| PB 0x000000076ca00000| Complete 
| 814|0x000000076cc00000, 0x000000076ce00000, 0x000000076ce00000|100%| E|CS|TAMS 0x000000076cc00000| PB 0x000000076cc00000| Complete 
| 815|0x000000076ce00000, 0x000000076d000000, 0x000000076d000000|100%| E|CS|TAMS 0x000000076ce00000| PB 0x000000076ce00000| Complete 
| 816|0x000000076d000000, 0x000000076d200000, 0x000000076d200000|100%| E|CS|TAMS 0x000000076d000000| PB 0x000000076d000000| Complete 
|1908|0x00000007f5800000, 0x00000007f5a00000, 0x00000007f5a00000|100%| O|Cm|TAMS 0x00000007f5800000| PB 0x00000007f5800000| Complete 
|1909|0x00000007f5a00000, 0x00000007f5c00000, 0x00000007f5c00000|100%| O|  |TAMS 0x00000007f5a00000| PB 0x00000007f5a00000| Untracked 
|1910|0x00000007f5c00000, 0x00000007f5e00000, 0x00000007f5e00000|100%| O|  |TAMS 0x00000007f5c00000| PB 0x00000007f5c00000| Untracked 
|1911|0x00000007f5e00000, 0x00000007f6000000, 0x00000007f6000000|100%| O|  |TAMS 0x00000007f5e00000| PB 0x00000007f5e00000| Untracked 
|1912|0x00000007f6000000, 0x00000007f6200000, 0x00000007f6200000|100%| O|  |TAMS 0x00000007f6000000| PB 0x00000007f6000000| Untracked 
|1913|0x00000007f6200000, 0x00000007f6400000, 0x00000007f6400000|100%| O|  |TAMS 0x00000007f6200000| PB 0x00000007f6200000| Untracked 
|1914|0x00000007f6400000, 0x00000007f6600000, 0x00000007f6600000|100%| O|  |TAMS 0x00000007f6400000| PB 0x00000007f6400000| Untracked 
|1915|0x00000007f6600000, 0x00000007f6800000, 0x00000007f6800000|100%| O|  |TAMS 0x00000007f6600000| PB 0x00000007f6600000| Untracked 
|1916|0x00000007f6800000, 0x00000007f6a00000, 0x00000007f6a00000|100%| O|  |TAMS 0x00000007f6800000| PB 0x00000007f6800000| Untracked 
|1917|0x00000007f6a00000, 0x00000007f6c00000, 0x00000007f6c00000|100%| O|  |TAMS 0x00000007f6a00000| PB 0x00000007f6a00000| Untracked 
|1918|0x00000007f6c00000, 0x00000007f6e00000, 0x00000007f6e00000|100%| O|  |TAMS 0x00000007f6c00000| PB 0x00000007f6c00000| Untracked 
|1919|0x00000007f6e00000, 0x00000007f7000000, 0x00000007f7000000|100%| O|  |TAMS 0x00000007f6e00000| PB 0x00000007f6e00000| Untracked 
|1920|0x00000007f7000000, 0x00000007f7200000, 0x00000007f7200000|100%| O|  |TAMS 0x00000007f7000000| PB 0x00000007f7000000| Untracked 
|1921|0x00000007f7200000, 0x00000007f7400000, 0x00000007f7400000|100%| O|  |TAMS 0x00000007f7200000| PB 0x00000007f7200000| Untracked 
|1922|0x00000007f7400000, 0x00000007f7600000, 0x00000007f7600000|100%| O|  |TAMS 0x00000007f7400000| PB 0x00000007f7400000| Untracked 
|1923|0x00000007f7600000, 0x00000007f7800000, 0x00000007f7800000|100%| O|  |TAMS 0x00000007f7600000| PB 0x00000007f7600000| Untracked 
|1924|0x00000007f7800000, 0x00000007f7a00000, 0x00000007f7a00000|100%| O|  |TAMS 0x00000007f7800000| PB 0x00000007f7800000| Untracked 
|1925|0x00000007f7a00000, 0x00000007f7c00000, 0x00000007f7c00000|100%| O|  |TAMS 0x00000007f7a00000| PB 0x00000007f7a00000| Untracked 
|1926|0x00000007f7c00000, 0x00000007f7e00000, 0x00000007f7e00000|100%| O|  |TAMS 0x00000007f7c00000| PB 0x00000007f7c00000| Untracked 
|1927|0x00000007f7e00000, 0x00000007f8000000, 0x00000007f8000000|100%| O|  |TAMS 0x00000007f7e00000| PB 0x00000007f7e00000| Untracked 
|1928|0x00000007f8000000, 0x00000007f8200000, 0x00000007f8200000|100%| O|  |TAMS 0x00000007f8000000| PB 0x00000007f8000000| Untracked 
|1929|0x00000007f8200000, 0x00000007f8400000, 0x00000007f8400000|100%| O|  |TAMS 0x00000007f8200000| PB 0x00000007f8200000| Untracked 
|1930|0x00000007f8400000, 0x00000007f8600000, 0x00000007f8600000|100%| O|  |TAMS 0x00000007f8400000| PB 0x00000007f8400000| Untracked 
|1931|0x00000007f8600000, 0x00000007f8800000, 0x00000007f8800000|100%| O|  |TAMS 0x00000007f8600000| PB 0x00000007f8600000| Untracked 
|1932|0x00000007f8800000, 0x00000007f8a00000, 0x00000007f8a00000|100%| O|  |TAMS 0x00000007f8800000| PB 0x00000007f8800000| Untracked 
|1933|0x00000007f8a00000, 0x00000007f8c00000, 0x00000007f8c00000|100%| O|  |TAMS 0x00000007f8a00000| PB 0x00000007f8a00000| Untracked 
|1934|0x00000007f8c00000, 0x00000007f8e00000, 0x00000007f8e00000|100%| O|  |TAMS 0x00000007f8c00000| PB 0x00000007f8c00000| Untracked 
|1935|0x00000007f8e00000, 0x00000007f9000000, 0x00000007f9000000|100%| O|  |TAMS 0x00000007f8e00000| PB 0x00000007f8e00000| Untracked 
|1936|0x00000007f9000000, 0x00000007f9200000, 0x00000007f9200000|100%| O|  |TAMS 0x00000007f9000000| PB 0x00000007f9000000| Untracked 
|1937|0x00000007f9200000, 0x00000007f9400000, 0x00000007f9400000|100%| O|  |TAMS 0x00000007f9200000| PB 0x00000007f9200000| Untracked 
|1938|0x00000007f9400000, 0x00000007f9600000, 0x00000007f9600000|100%| O|  |TAMS 0x00000007f9400000| PB 0x00000007f9400000| Untracked 
|1939|0x00000007f9600000, 0x00000007f9800000, 0x00000007f9800000|100%| O|  |TAMS 0x00000007f9600000| PB 0x00000007f9600000| Untracked 
|1940|0x00000007f9800000, 0x00000007f9a00000, 0x00000007f9a00000|100%| O|  |TAMS 0x00000007f9800000| PB 0x00000007f9800000| Untracked 
|1941|0x00000007f9a00000, 0x00000007f9c00000, 0x00000007f9c00000|100%| O|  |TAMS 0x00000007f9a00000| PB 0x00000007f9a00000| Untracked 
|1942|0x00000007f9c00000, 0x00000007f9e00000, 0x00000007f9e00000|100%| O|  |TAMS 0x00000007f9c00000| PB 0x00000007f9c00000| Untracked 
|1943|0x00000007f9e00000, 0x00000007fa000000, 0x00000007fa000000|100%| O|  |TAMS 0x00000007f9e00000| PB 0x00000007f9e00000| Untracked 
|1944|0x00000007fa000000, 0x00000007fa200000, 0x00000007fa200000|100%| O|  |TAMS 0x00000007fa000000| PB 0x00000007fa000000| Untracked 
|1945|0x00000007fa200000, 0x00000007fa400000, 0x00000007fa400000|100%| O|  |TAMS 0x00000007fa200000| PB 0x00000007fa200000| Untracked 
|1946|0x00000007fa400000, 0x00000007fa600000, 0x00000007fa600000|100%| O|  |TAMS 0x00000007fa400000| PB 0x00000007fa400000| Untracked 
|1947|0x00000007fa600000, 0x00000007fa800000, 0x00000007fa800000|100%| O|  |TAMS 0x00000007fa600000| PB 0x00000007fa600000| Untracked 
|1948|0x00000007fa800000, 0x00000007faa00000, 0x00000007faa00000|100%| O|  |TAMS 0x00000007fa800000| PB 0x00000007fa800000| Untracked 
|1949|0x00000007faa00000, 0x00000007fac00000, 0x00000007fac00000|100%| O|  |TAMS 0x00000007faa00000| PB 0x00000007faa00000| Untracked 
|1950|0x00000007fac00000, 0x00000007fae00000, 0x00000007fae00000|100%| O|  |TAMS 0x00000007fac00000| PB 0x00000007fac00000| Untracked 
|1951|0x00000007fae00000, 0x00000007fb000000, 0x00000007fb000000|100%| O|Cm|TAMS 0x00000007fae00000| PB 0x00000007fae00000| Complete 
|1952|0x00000007fb000000, 0x00000007fb200000, 0x00000007fb200000|100%| O|Cm|TAMS 0x00000007fb000000| PB 0x00000007fb000000| Complete 
|1953|0x00000007fb200000, 0x00000007fb400000, 0x00000007fb400000|100%| O|  |TAMS 0x00000007fb200000| PB 0x00000007fb200000| Untracked 
|1954|0x00000007fb400000, 0x00000007fb600000, 0x00000007fb600000|100%| O|  |TAMS 0x00000007fb400000| PB 0x00000007fb400000| Untracked 
|1955|0x00000007fb600000, 0x00000007fb800000, 0x00000007fb800000|100%| O|  |TAMS 0x00000007fb600000| PB 0x00000007fb600000| Untracked 
|1956|0x00000007fb800000, 0x00000007fba00000, 0x00000007fba00000|100%| O|  |TAMS 0x00000007fb800000| PB 0x00000007fb800000| Untracked 
|1957|0x00000007fba00000, 0x00000007fbc00000, 0x00000007fbc00000|100%| O|  |TAMS 0x00000007fba00000| PB 0x00000007fba00000| Untracked 
|1958|0x00000007fbc00000, 0x00000007fbe00000, 0x00000007fbe00000|100%| O|  |TAMS 0x00000007fbc00000| PB 0x00000007fbc00000| Untracked 
|1959|0x00000007fbe00000, 0x00000007fc000000, 0x00000007fc000000|100%| O|  |TAMS 0x00000007fbe00000| PB 0x00000007fbe00000| Untracked 
|1960|0x00000007fc000000, 0x00000007fc200000, 0x00000007fc200000|100%| O|  |TAMS 0x00000007fc000000| PB 0x00000007fc000000| Untracked 
|1961|0x00000007fc200000, 0x00000007fc400000, 0x00000007fc400000|100%| O|  |TAMS 0x00000007fc200000| PB 0x00000007fc200000| Untracked 
|1962|0x00000007fc400000, 0x00000007fc600000, 0x00000007fc600000|100%| O|  |TAMS 0x00000007fc400000| PB 0x00000007fc400000| Untracked 
|1963|0x00000007fc600000, 0x00000007fc800000, 0x00000007fc800000|100%| O|  |TAMS 0x00000007fc600000| PB 0x00000007fc600000| Untracked 
|1964|0x00000007fc800000, 0x00000007fca00000, 0x00000007fca00000|100%| O|  |TAMS 0x00000007fc800000| PB 0x00000007fc800000| Untracked 
|1965|0x00000007fca00000, 0x00000007fcc00000, 0x00000007fcc00000|100%| O|  |TAMS 0x00000007fca00000| PB 0x00000007fca00000| Untracked 
|1966|0x00000007fcc00000, 0x00000007fce00000, 0x00000007fce00000|100%| O|  |TAMS 0x00000007fcc00000| PB 0x00000007fcc00000| Untracked 
|1967|0x00000007fce00000, 0x00000007fd000000, 0x00000007fd000000|100%| O|  |TAMS 0x00000007fce00000| PB 0x00000007fce00000| Untracked 
|1968|0x00000007fd000000, 0x00000007fd200000, 0x00000007fd200000|100%| O|  |TAMS 0x00000007fd000000| PB 0x00000007fd000000| Untracked 
|1969|0x00000007fd200000, 0x00000007fd400000, 0x00000007fd400000|100%| O|  |TAMS 0x00000007fd200000| PB 0x00000007fd200000| Untracked 
|1970|0x00000007fd400000, 0x00000007fd600000, 0x00000007fd600000|100%| O|  |TAMS 0x00000007fd400000| PB 0x00000007fd400000| Untracked 
|1971|0x00000007fd600000, 0x00000007fd800000, 0x00000007fd800000|100%| O|  |TAMS 0x00000007fd600000| PB 0x00000007fd600000| Untracked 
|1972|0x00000007fd800000, 0x00000007fda00000, 0x00000007fda00000|100%| O|  |TAMS 0x00000007fd800000| PB 0x00000007fd800000| Untracked 
|1973|0x00000007fda00000, 0x00000007fdc00000, 0x00000007fdc00000|100%| O|  |TAMS 0x00000007fda00000| PB 0x00000007fda00000| Untracked 
|1974|0x00000007fdc00000, 0x00000007fde00000, 0x00000007fde00000|100%| O|  |TAMS 0x00000007fdc00000| PB 0x00000007fdc00000| Untracked 
|1975|0x00000007fde00000, 0x00000007fe000000, 0x00000007fe000000|100%| O|  |TAMS 0x00000007fde00000| PB 0x00000007fde00000| Untracked 
|1976|0x00000007fe000000, 0x00000007fe200000, 0x00000007fe200000|100%| O|  |TAMS 0x00000007fe000000| PB 0x00000007fe000000| Untracked 
|1977|0x00000007fe200000, 0x00000007fe400000, 0x00000007fe400000|100%| O|  |TAMS 0x00000007fe200000| PB 0x00000007fe200000| Untracked 
|1978|0x00000007fe400000, 0x00000007fe600000, 0x00000007fe600000|100%| O|  |TAMS 0x00000007fe400000| PB 0x00000007fe400000| Untracked 
|1979|0x00000007fe600000, 0x00000007fe800000, 0x00000007fe800000|100%| O|  |TAMS 0x00000007fe600000| PB 0x00000007fe600000| Untracked 
|1980|0x00000007fe800000, 0x00000007fea00000, 0x00000007fea00000|100%| O|  |TAMS 0x00000007fe800000| PB 0x00000007fe800000| Untracked 
|1981|0x00000007fea00000, 0x00000007fec00000, 0x00000007fec00000|100%| O|  |TAMS 0x00000007fea00000| PB 0x00000007fea00000| Untracked 
|1982|0x00000007fec00000, 0x00000007fee00000, 0x00000007fee00000|100%| O|  |TAMS 0x00000007fec00000| PB 0x00000007fec00000| Untracked 
|1983|0x00000007fee00000, 0x00000007ff000000, 0x00000007ff000000|100%| O|  |TAMS 0x00000007fee00000| PB 0x00000007fee00000| Untracked 
|1984|0x00000007ff000000, 0x00000007ff200000, 0x00000007ff200000|100%| O|  |TAMS 0x00000007ff000000| PB 0x00000007ff000000| Untracked 
|1985|0x00000007ff200000, 0x00000007ff400000, 0x00000007ff400000|100%| O|  |TAMS 0x00000007ff200000| PB 0x00000007ff200000| Untracked 
|1986|0x00000007ff400000, 0x00000007ff600000, 0x00000007ff600000|100%| O|  |TAMS 0x00000007ff400000| PB 0x00000007ff400000| Untracked 
|1987|0x00000007ff600000, 0x00000007ff800000, 0x00000007ff800000|100%| O|  |TAMS 0x00000007ff600000| PB 0x00000007ff600000| Untracked 
|1988|0x00000007ff800000, 0x00000007ffa00000, 0x00000007ffa00000|100%| O|  |TAMS 0x00000007ff800000| PB 0x00000007ff800000| Untracked 
|1989|0x00000007ffa00000, 0x00000007ffc00000, 0x00000007ffc00000|100%| O|Cm|TAMS 0x00000007ffa00000| PB 0x00000007ffa00000| Complete 
|1990|0x00000007ffc00000, 0x00000007ffe00000, 0x00000007ffe00000|100%| O|  |TAMS 0x00000007ffc00000| PB 0x00000007ffc00000| Untracked 
|1991|0x00000007ffe00000, 0x00000007fff0bb78, 0x0000000800000000| 52%| O|  |TAMS 0x00000007ffe00000| PB 0x00000007ffe00000| Untracked 

Card table byte_map: [0x00007c1c4bb6d000,0x00007c1c4c335000] _byte_map_base: 0x00007c1c48335000

Marking Bits: (CMBitMap*) 0x00007c1c600a3850
 Bits: [0x00007c1c47d2d000, 0x00007c1c4bb6d000)

Polling page: 0x00007c1c65f40000

Metaspace:

Usage:
  Non-class:     98.79 MB used.
      Class:     15.96 MB used.
       Both:    114.75 MB used.

Virtual space:
  Non-class space:      128.00 MB reserved,      99.50 MB ( 78%) committed,  2 nodes.
      Class space:        1.00 GB reserved,      16.50 MB (  2%) committed,  1 nodes.
             Both:        1.12 GB reserved,     116.00 MB ( 10%) committed. 

Chunk freelists:
   Non-Class:  12.12 MB
       Class:  15.41 MB
        Both:  27.53 MB

MaxMetaspaceSize: unlimited
CompressedClassSpaceSize: 1.00 GB
Initial GC threshold: 21.00 MB
Current GC threshold: 191.19 MB
CDS: on
 - commit_granule_bytes: 65536.
 - commit_granule_words: 8192.
 - virtual_space_node_default_size: 8388608.
 - enlarge_chunks_in_place: 1.
 - use_allocation_guard: 0.


Internal statistics:

num_allocs_failed_limit: 9.
num_arena_births: 2040.
num_arena_deaths: 2.
num_vsnodes_births: 3.
num_vsnodes_deaths: 0.
num_space_committed: 1852.
num_space_uncommitted: 0.
num_chunks_returned_to_freelist: 11.
num_chunks_taken_from_freelist: 6478.
num_chunk_merges: 9.
num_chunk_splits: 4302.
num_chunks_enlarged: 3145.
num_inconsistent_stats: 0.

CodeHeap 'non-profiled nmethods': size=120032Kb used=14200Kb max_used=14200Kb free=105831Kb
 bounds [0x00007c1c548c8000, 0x00007c1c556a8000, 0x00007c1c5be00000]
CodeHeap 'profiled nmethods': size=120028Kb used=24863Kb max_used=26032Kb free=95164Kb
 bounds [0x00007c1c4ce00000, 0x00007c1c4e770000, 0x00007c1c54337000]
CodeHeap 'non-nmethods': size=5700Kb used=3270Kb max_used=3327Kb free=2429Kb
 bounds [0x00007c1c54337000, 0x00007c1c54687000, 0x00007c1c548c8000]
 total_blobs=16832 nmethods=14801 adapters=1936
 compilation: enabled
              stopped_count=0, restarted_count=0
 full_count=0

Compilation events (20 events):
Event: 37.363 Thread 0x00007c1c6016bc70 nmethod 20721 0x00007c1c55697a10 code [0x00007c1c55697c80, 0x00007c1c55698dd8]
Event: 37.363 Thread 0x00007c1c6016bc70 20718       4       net.minecraft.util.math.BlockPos$Mutable::set (17 bytes)
Event: 37.363 Thread 0x00007c1c6016bc70 nmethod 20718 0x00007c1c54c7a910 code [0x00007c1c54c7aa80, 0x00007c1c54c7ab40]
Event: 37.363 Thread 0x00007c1c6016bc70 20719       4       net.minecraft.util.math.BlockPos$Mutable::move (7 bytes)
Event: 37.364 Thread 0x00007c1c6016bc70 nmethod 20719 0x00007c1c54c7a490 code [0x00007c1c54c7a620, 0x00007c1c54c7a728]
Event: 37.364 Thread 0x00007c1c6016bc70 20720       4       net.minecraft.util.math.ChunkSectionPos::getBlockCoord (4 bytes)
Event: 37.364 Thread 0x00007c1c6016bc70 nmethod 20720 0x00007c1c54c7a190 code [0x00007c1c54c7a300, 0x00007c1c54c7a370]
Event: 37.364 Thread 0x00007c1c6016bc70 20693       4       net.minecraft.world.HeightLimitView::sectionIndexToCoord (9 bytes)
Event: 37.364 Thread 0x00007c1c6016bc70 nmethod 20693 0x00007c1c54c79e90 code [0x00007c1c54c7a020, 0x00007c1c54c7a0d8]
Event: 37.364 Thread 0x00007c1c6016bc70 20666       4       net.minecraft.server.world.ChunkTaskPrioritySystem$$Lambda/0x00007c1bf1056ab0::apply (12 bytes)
Event: 37.370 Thread 0x00007c1c6016bc70 nmethod 20666 0x00007c1c55699c10 code [0x00007c1c55699e20, 0x00007c1c5569a620]
Event: 37.370 Thread 0x00007c1c6016bc70 20724       4       it.unimi.dsi.fastutil.longs.LongOpenHashSet::remove (101 bytes)
Event: 37.372 Thread 0x00007c1c6016bc70 nmethod 20724 0x00007c1c54c79810 code [0x00007c1c54c799c0, 0x00007c1c54c79c48]
Event: 37.372 Thread 0x00007c1c6016bc70 20664       4       net.minecraft.server.world.ChunkTaskPrioritySystem$$Lambda/0x00007c1bf1057898::run (12 bytes)
Event: 37.373 Thread 0x00007c1c6016bc70 nmethod 20664 0x00007c1c54c79210 code [0x00007c1c54c793a0, 0x00007c1c54c794f0]
Event: 37.373 Thread 0x00007c1c6016bc70 20667       4       net.minecraft.server.world.ChunkTaskPrioritySystem$$Lambda/0x00007c1bf10573e0::apply (14 bytes)
Event: 37.377 Thread 0x00007c1c6016bc70 nmethod 20667 0x00007c1c5569ae90 code [0x00007c1c5569b0a0, 0x00007c1c5569b670]
Event: 37.377 Thread 0x00007c1c6016bc70 20690       4       net.minecraft.server.world.ChunkTaskPrioritySystem::method_17620 (65 bytes)
Event: 37.379 Thread 0x00007c1c6016d320 20725       3       net.minecraft.world.storage.EntityChunkDataAccess::emptyDataList (12 bytes)
Event: 37.379 Thread 0x00007c1c6016d320 nmethod 20725 0x00007c1c4e3a1810 code [0x00007c1c4e3a19c0, 0x00007c1c4e3a1cf0]

GC Heap History (20 events):
Event: 20.931 GC heap before
{Heap before GC invocations=35 (full 0):
 garbage-first heap   total 544768K, used 447157K [0x0000000707000000, 0x0000000800000000)
  region size 2048K, 101 young (206848K), 16 survivors (32768K)
 Metaspace       used 100080K, committed 101184K, reserved 1179648K
  class space    used 13779K, committed 14272K, reserved 1048576K
}
Event: 21.012 GC heap after
{Heap after GC invocations=36 (full 0):
 garbage-first heap   total 872448K, used 317365K [0x0000000707000000, 0x0000000800000000)
  region size 2048K, 15 young (30720K), 15 survivors (30720K)
 Metaspace       used 100080K, committed 101184K, reserved 1179648K
  class space    used 13779K, committed 14272K, reserved 1048576K
}
Event: 21.018 GC heap before
{Heap before GC invocations=36 (full 0):
 garbage-first heap   total 872448K, used 319413K [0x0000000707000000, 0x0000000800000000)
  region size 2048K, 16 young (32768K), 15 survivors (30720K)
 Metaspace       used 100080K, committed 101184K, reserved 1179648K
  class space    used 13779K, committed 14272K, reserved 1048576K
}
Event: 21.047 GC heap after
{Heap after GC invocations=37 (full 0):
 garbage-first heap   total 872448K, used 321582K [0x0000000707000000, 0x0000000800000000)
  region size 2048K, 1 young (2048K), 1 survivors (2048K)
 Metaspace       used 100080K, committed 101184K, reserved 1179648K
  class space    used 13779K, committed 14272K, reserved 1048576K
}
Event: 27.468 GC heap before
{Heap before GC invocations=38 (full 0):
 garbage-first heap   total 872448K, used 782382K [0x0000000707000000, 0x0000000800000000)
  region size 2048K, 222 young (454656K), 1 survivors (2048K)
 Metaspace       used 109418K, committed 110656K, reserved 1179648K
  class space    used 15309K, committed 15872K, reserved 1048576K
}
Event: 27.484 GC heap after
{Heap after GC invocations=39 (full 0):
 garbage-first heap   total 872448K, used 341766K [0x0000000707000000, 0x0000000800000000)
  region size 2048K, 10 young (20480K), 10 survivors (20480K)
 Metaspace       used 109418K, committed 110656K, reserved 1179648K
  class space    used 15309K, committed 15872K, reserved 1048576K
}
Event: 28.435 GC heap before
{Heap before GC invocations=39 (full 0):
 garbage-first heap   total 872448K, used 771846K [0x0000000707000000, 0x0000000800000000)
  region size 2048K, 221 young (452608K), 10 survivors (20480K)
 Metaspace       used 111170K, committed 112320K, reserved 1179648K
  class space    used 15591K, committed 16128K, reserved 1048576K
}
Event: 28.454 GC heap after
{Heap after GC invocations=40 (full 0):
 garbage-first heap   total 872448K, used 349230K [0x0000000707000000, 0x0000000800000000)
  region size 2048K, 15 young (30720K), 15 survivors (30720K)
 Metaspace       used 111170K, committed 112320K, reserved 1179648K
  class space    used 15591K, committed 16128K, reserved 1048576K
}
Event: 29.128 GC heap before
{Heap before GC invocations=40 (full 0):
 garbage-first heap   total 872448K, used 791598K [0x0000000707000000, 0x0000000800000000)
  region size 2048K, 231 young (473088K), 15 survivors (30720K)
 Metaspace       used 111171K, committed 112320K, reserved 1179648K
  class space    used 15591K, committed 16128K, reserved 1048576K
}
Event: 29.151 GC heap after
{Heap after GC invocations=41 (full 0):
 garbage-first heap   total 872448K, used 348206K [0x0000000707000000, 0x0000000800000000)
  region size 2048K, 15 young (30720K), 15 survivors (30720K)
 Metaspace       used 111171K, committed 112320K, reserved 1179648K
  class space    used 15591K, committed 16128K, reserved 1048576K
}
Event: 33.309 GC heap before
{Heap before GC invocations=42 (full 0):
 garbage-first heap   total 872448K, used 788526K [0x0000000707000000, 0x0000000800000000)
  region size 2048K, 233 young (477184K), 15 survivors (30720K)
 Metaspace       used 114917K, committed 116160K, reserved 1179648K
  class space    used 16033K, committed 16576K, reserved 1048576K
}
Event: 33.438 GC heap after
{Heap after GC invocations=43 (full 0):
 garbage-first heap   total 954368K, used 476206K [0x0000000707000000, 0x0000000800000000)
  region size 2048K, 30 young (61440K), 30 survivors (61440K)
 Metaspace       used 114917K, committed 116160K, reserved 1179648K
  class space    used 16033K, committed 16576K, reserved 1048576K
}
Event: 33.690 GC heap before
{Heap before GC invocations=43 (full 0):
 garbage-first heap   total 954368K, used 785454K [0x0000000707000000, 0x0000000800000000)
  region size 2048K, 181 young (370688K), 30 survivors (61440K)
 Metaspace       used 114927K, committed 116160K, reserved 1179648K
  class space    used 16033K, committed 16576K, reserved 1048576K
}
Event: 33.865 GC heap after
{Heap after GC invocations=44 (full 0):
 garbage-first heap   total 1042432K, used 658478K [0x0000000707000000, 0x0000000800000000)
  region size 2048K, 23 young (47104K), 23 survivors (47104K)
 Metaspace       used 114927K, committed 116160K, reserved 1179648K
  class space    used 16033K, committed 16576K, reserved 1048576K
}
Event: 34.183 GC heap before
{Heap before GC invocations=44 (full 0):
 garbage-first heap   total 1042432K, used 842798K [0x0000000707000000, 0x0000000800000000)
  region size 2048K, 113 young (231424K), 23 survivors (47104K)
 Metaspace       used 115844K, committed 117120K, reserved 1179648K
  class space    used 16136K, committed 16704K, reserved 1048576K
}
Event: 34.282 GC heap after
{Heap after GC invocations=45 (full 0):
 garbage-first heap   total 1042432K, used 749614K [0x0000000707000000, 0x0000000800000000)
  region size 2048K, 15 young (30720K), 15 survivors (30720K)
 Metaspace       used 115844K, committed 117120K, reserved 1179648K
  class space    used 16136K, committed 16704K, reserved 1048576K
}
Event: 34.952 GC heap before
{Heap before GC invocations=45 (full 0):
 garbage-first heap   total 1042432K, used 884782K [0x0000000707000000, 0x0000000800000000)
  region size 2048K, 81 young (165888K), 15 survivors (30720K)
 Metaspace       used 116221K, committed 117440K, reserved 1179648K
  class space    used 16159K, committed 16704K, reserved 1048576K
}
Event: 34.981 GC heap after
{Heap after GC invocations=46 (full 0):
 garbage-first heap   total 1042432K, used 770094K [0x0000000707000000, 0x0000000800000000)
  region size 2048K, 9 young (18432K), 9 survivors (18432K)
 Metaspace       used 116221K, committed 117440K, reserved 1179648K
  class space    used 16159K, committed 16704K, reserved 1048576K
}
Event: 35.379 GC heap before
{Heap before GC invocations=46 (full 0):
 garbage-first heap   total 1042432K, used 907310K [0x0000000707000000, 0x0000000800000000)
  region size 2048K, 76 young (155648K), 9 survivors (18432K)
 Metaspace       used 116255K, committed 117440K, reserved 1179648K
  class space    used 16159K, committed 16704K, reserved 1048576K
}
Event: 35.400 GC heap after
{Heap after GC invocations=47 (full 0):
 garbage-first heap   total 1845248K, used 785454K [0x0000000707000000, 0x0000000800000000)
  region size 2048K, 8 young (16384K), 8 survivors (16384K)
 Metaspace       used 116255K, committed 117440K, reserved 1179648K
  class space    used 16159K, committed 16704K, reserved 1048576K
}

Dll operation events (15 events):
Event: 0.007 Loaded shared library /app/extra/idea-IC/jbr/lib/libjava.so
Event: 0.007 Loaded shared library /app/extra/idea-IC/jbr/lib/libzip.so
Event: 0.102 Loaded shared library /app/extra/idea-IC/jbr/lib/libinstrument.so
Event: 0.151 Loaded shared library /app/extra/idea-IC/jbr/lib/libnio.so
Event: 0.160 Loaded shared library /app/extra/idea-IC/jbr/lib/libzip.so
Event: 0.259 Loaded shared library /app/extra/idea-IC/jbr/lib/libjimage.so
Event: 0.364 Loaded shared library /app/extra/idea-IC/jbr/lib/libnet.so
Event: 0.960 Loaded shared library /app/extra/idea-IC/jbr/lib/libmanagement.so
Event: 0.962 Loaded shared library /app/extra/idea-IC/jbr/lib/libmanagement_ext.so
Event: 1.643 Loaded shared library /app/extra/idea-IC/jbr/lib/libverify.so
Event: 4.114 Loaded shared library /home/addie/.var/app/com.jetbrains.IntelliJ-IDEA-Community/cache/JNA/temp/jna16807988401469974946.tmp
Event: 12.584 Loaded shared library /tmp/lwjgl_addie/3.3.2-snapshot/x64/liblwjgl.so
Event: 13.235 Loaded shared library /app/extra/idea-IC/jbr/lib/libextnet.so
Event: 16.124 Loaded shared library /tmp/lwjgl_addie/3.3.2-snapshot/x64/liblwjgl_opengl.so
Event: 16.314 Loaded shared library /tmp/lwjgl_addie/3.3.2-snapshot/x64/liblwjgl_stb.so

Deoptimization events (20 events):
Event: 37.330 Thread 0x00007c1b7f4c7260 DEOPT PACKING pc=0x00007c1c54c7caf8 sp=0x00007c1beeaa0320
Event: 37.330 Thread 0x00007c1b7f4c7260 DEOPT UNPACKING pc=0x00007c1c5438af99 sp=0x00007c1beeaa0210 mode 2
Event: 37.331 Thread 0x00007c1b7f4c7260 Uncommon trap: trap_request=0xffffffde fr.pc=0x00007c1c54c7caf8 relative=0x0000000000000af8
Event: 37.331 Thread 0x00007c1b7f4c7260 Uncommon trap: reason=class_check action=maybe_recompile pc=0x00007c1c54c7caf8 method=net.minecraft.server.world.ChunkHolder.markForLightUpdate(Lnet/minecraft/world/LightType;I)V @ 28 c2
Event: 37.331 Thread 0x00007c1b7f4c7260 DEOPT PACKING pc=0x00007c1c54c7caf8 sp=0x00007c1beeaa0320
Event: 37.331 Thread 0x00007c1b7f4c7260 DEOPT UNPACKING pc=0x00007c1c5438af99 sp=0x00007c1beeaa0210 mode 2
Event: 37.331 Thread 0x00007c1b7f4c7260 Uncommon trap: trap_request=0xffffffde fr.pc=0x00007c1c54c7caf8 relative=0x0000000000000af8
Event: 37.331 Thread 0x00007c1b7f4c7260 Uncommon trap: reason=class_check action=maybe_recompile pc=0x00007c1c54c7caf8 method=net.minecraft.server.world.ChunkHolder.markForLightUpdate(Lnet/minecraft/world/LightType;I)V @ 28 c2
Event: 37.331 Thread 0x00007c1b7f4c7260 DEOPT PACKING pc=0x00007c1c54c7caf8 sp=0x00007c1beeaa0320
Event: 37.331 Thread 0x00007c1b7f4c7260 DEOPT UNPACKING pc=0x00007c1c5438af99 sp=0x00007c1beeaa0210 mode 2
Event: 37.331 Thread 0x00007c1b7f4c7260 Uncommon trap: trap_request=0xffffffde fr.pc=0x00007c1c54c7caf8 relative=0x0000000000000af8
Event: 37.331 Thread 0x00007c1b7f4c7260 Uncommon trap: reason=class_check action=maybe_recompile pc=0x00007c1c54c7caf8 method=net.minecraft.server.world.ChunkHolder.markForLightUpdate(Lnet/minecraft/world/LightType;I)V @ 28 c2
Event: 37.331 Thread 0x00007c1b7f4c7260 DEOPT PACKING pc=0x00007c1c54c7caf8 sp=0x00007c1beeaa0320
Event: 37.331 Thread 0x00007c1b7f4c7260 DEOPT UNPACKING pc=0x00007c1c5438af99 sp=0x00007c1beeaa0210 mode 2
Event: 37.331 Thread 0x00007c1b7f4c7260 Uncommon trap: trap_request=0xffffffde fr.pc=0x00007c1c54c7b3bc relative=0x000000000000051c
Event: 37.331 Thread 0x00007c1b7f4c7260 Uncommon trap: reason=class_check action=maybe_recompile pc=0x00007c1c54c7b3bc method=net.minecraft.server.world.ChunkHolder.markForLightUpdate(Lnet/minecraft/world/LightType;I)V @ 28 c2
Event: 37.331 Thread 0x00007c1b7f4c7260 DEOPT PACKING pc=0x00007c1c54c7b3bc sp=0x00007c1beeaa01f0
Event: 37.331 Thread 0x00007c1b7f4c7260 DEOPT UNPACKING pc=0x00007c1c5438af99 sp=0x00007c1beeaa01a8 mode 2
Event: 37.390 Thread 0x00007c1c6003a800 DEOPT PACKING pc=0x00007c1c4d8e02f4 sp=0x00007c1c645fbb80
Event: 37.390 Thread 0x00007c1c6003a800 DEOPT UNPACKING pc=0x00007c1c5438b72f sp=0x00007c1c645fb090 mode 0

Classes loaded (20 events):
Event: 36.922 Loading class net/minecraft/util/math/BlockPos
Event: 36.922 Loading class net/minecraft/util/math/BlockPos done
Event: 36.922 Loading class net/minecraft/util/math/BlockPos
Event: 36.922 Loading class net/minecraft/util/math/BlockPos done
Event: 36.923 Loading class org/slf4j/Logger
Event: 36.923 Loading class org/slf4j/Logger done
Event: 36.923 Loading class net/minecraft/block/entity/BlockEntityTicker
Event: 36.923 Loading class net/minecraft/block/entity/BlockEntityTicker done
Event: 36.923 Loading class net/minecraft/world/World
Event: 36.923 Loading class net/minecraft/world/World done
Event: 36.923 Loading class net/minecraft/world/World
Event: 36.923 Loading class net/minecraft/world/World done
Event: 36.923 Loading class net/minecraft/world/World
Event: 36.923 Loading class net/minecraft/world/World done
Event: 36.942 Loading class net/minecraft/entity/ai/goal/TemptGoal
Event: 36.942 Loading class net/minecraft/entity/ai/goal/TemptGoal done
Event: 36.942 Loading class net/minecraft/entity/LivingEntity
Event: 36.942 Loading class net/minecraft/entity/LivingEntity done
Event: 36.942 Loading class net/minecraft/entity/LivingEntity
Event: 36.942 Loading class net/minecraft/entity/LivingEntity done

Classes unloaded (1 events):
Event: 35.434 Thread 0x00007c1c6015c210 Unloading class 0x00007c1bf1030800 'java/lang/invoke/LambdaForm$DMH+0x00007c1bf1030800'

Classes redefined (1 events):
Event: 0.136 Thread 0x00007c1c6015c210 redefined class name=java.lang.Throwable, count=1

Internal exceptions (20 events):
Event: 33.941 Thread 0x00007c1ba0015b50 Implicit null exception at 0x00007c1c55587d04 to 0x00007c1c55587f96
Event: 33.986 Thread 0x00007c1b7f4c7260 Exception <a 'java/lang/NoSuchMethodError'{0x0000000732977f30}: 'java.lang.Object java.lang.invoke.DirectMethodHandle$Holder.invokeStaticInit(java.lang.Object, int, java.lang.Object, java.lang.Object, java.lang.Object)'> (0x0000000732977f30) 
thrown [src/hotspot/share/interpreter/linkResolver.cpp, line 783]
Event: 34.008 Thread 0x00007c1bbc00bd60 Exception <a 'sun/nio/fs/UnixException'{0x0000000733b1acc8}> (0x0000000733b1acc8) 
thrown [src/hotspot/share/prims/jni.cpp, line 535]
Event: 34.012 Thread 0x00007c1b94009380 Exception <a 'java/lang/NoSuchMethodError'{0x000000073b883380}: 'java.lang.Object java.lang.invoke.DirectMethodHandle$Holder.invokeSpecial(java.lang.Object, java.lang.Object, long, java.lang.Object)'> (0x000000073b883380) 
thrown [src/hotspot/share/interpreter/linkResolver.cpp, line 783]
Event: 34.014 Thread 0x00007c1b94009380 Exception <a 'java/lang/IncompatibleClassChangeError'{0x000000073b892f40}: Found class java.lang.Object, but interface was expected> (0x000000073b892f40) 
thrown [src/hotspot/share/interpreter/linkResolver.cpp, line 851]
Event: 34.020 Thread 0x00007c1b7f4c7260 Exception <a 'java/lang/NoSuchMethodError'{0x00000007324d92d8}: 'java.lang.Object java.lang.invoke.DirectMethodHandle$Holder.newInvokeSpecial(java.lang.Object, long, java.lang.Object)'> (0x00000007324d92d8) 
thrown [src/hotspot/share/interpreter/linkResolver.cpp, line 783]
Event: 34.063 Thread 0x00007c1bd0002360 Exception <a 'sun/nio/fs/UnixException'{0x0000000734884400}> (0x0000000734884400) 
thrown [src/hotspot/share/prims/jni.cpp, line 535]
Event: 35.024 Thread 0x00007c1bb0053a20 Exception <a 'sun/nio/fs/UnixException'{0x000000073c19e2b8}> (0x000000073c19e2b8) 
thrown [src/hotspot/share/prims/jni.cpp, line 535]
Event: 35.043 Thread 0x00007c1bb0053a20 Exception <a 'sun/nio/fs/UnixException'{0x000000073c19f2a8}> (0x000000073c19f2a8) 
thrown [src/hotspot/share/prims/jni.cpp, line 535]
Event: 36.129 Thread 0x00007c1b7f4c7260 Exception <a 'java/lang/NoSuchMethodError'{0x000000075e117248}: 'java.lang.Object java.lang.invoke.DirectMethodHandle$Holder.newInvokeSpecial(java.lang.Object, java.lang.Object, float, java.lang.Object)'> (0x000000075e117248) 
thrown [src/hotspot/share/interpreter/linkResolver.cpp, line 783]
Event: 36.130 Thread 0x00007c1b7f4c7260 Exception <a 'java/lang/NoSuchMethodError'{0x000000075e11e730}: 'java.lang.Object java.lang.invoke.Invokers$Holder.linkToTargetMethod(java.lang.Object, float, java.lang.Object, java.lang.Object)'> (0x000000075e11e730) 
thrown [src/hotspot/share/interpreter/linkResolver.cpp, line 783]
Event: 36.232 Thread 0x00007c1b7f4c7260 Exception <a 'java/lang/NoSuchMethodError'{0x000000075c28aeb8}: 'void java.lang.invoke.DirectMethodHandle$Holder.invokeStatic(java.lang.Object, long, java.lang.Object)'> (0x000000075c28aeb8) 
thrown [src/hotspot/share/interpreter/linkResolver.cpp, line 783]
Event: 36.509 Thread 0x00007c1b7f4c7260 Exception <a 'java/lang/NoSuchMethodError'{0x000000075b3a1d50}: 'int java.lang.invoke.DirectMethodHandle$Holder.invokeSpecial(java.lang.Object, java.lang.Object, long, long)'> (0x000000075b3a1d50) 
thrown [src/hotspot/share/interpreter/linkResolver.cpp, line 783]
Event: 36.509 Thread 0x00007c1b7f4c7260 Exception <a 'java/lang/NoSuchMethodError'{0x000000075b3a5100}: 'int java.lang.invoke.DelegatingMethodHandle$Holder.reinvoke_L(java.lang.Object, long, long)'> (0x000000075b3a5100) 
thrown [src/hotspot/share/interpreter/linkResolver.cpp, line 783]
Event: 36.538 Thread 0x00007c1bbc00bd60 Exception <a 'sun/nio/fs/UnixException'{0x000000076d119d20}> (0x000000076d119d20) 
thrown [src/hotspot/share/prims/jni.cpp, line 535]
Event: 36.548 Thread 0x00007c1b7f4c7260 Exception <a 'java/lang/NoSuchMethodError'{0x000000075af098b0}: 'java.lang.Object java.lang.invoke.DirectMethodHandle$Holder.invokeInterface(java.lang.Object, java.lang.Object, long)'> (0x000000075af098b0) 
thrown [src/hotspot/share/interpreter/linkResolver.cpp, line 783]
Event: 36.702 Thread 0x00007c1bb0053a20 Exception <a 'sun/nio/fs/UnixException'{0x000000075d302640}> (0x000000075d302640) 
thrown [src/hotspot/share/prims/jni.cpp, line 535]
Event: 36.702 Thread 0x00007c1bbc00bd60 Exception <a 'sun/nio/fs/UnixException'{0x000000076d11fad8}> (0x000000076d11fad8) 
thrown [src/hotspot/share/prims/jni.cpp, line 535]
Event: 36.707 Thread 0x00007c1bb0053a20 Exception <a 'sun/nio/fs/UnixException'{0x000000075d3032e8}> (0x000000075d3032e8) 
thrown [src/hotspot/share/prims/jni.cpp, line 535]
Event: 36.797 Thread 0x00007c1b7f057d90 Implicit null exception at 0x00007c1c555a8946 to 0x00007c1c555a8bcd

ZGC Phase Switch (0 events):
No events

VM Operations (20 events):
Event: 34.727 Executing VM operation: ICBufferFull
Event: 34.727 Executing VM operation: ICBufferFull done
Event: 34.952 Executing VM operation: G1CollectForAllocation (G1 Evacuation Pause)
Event: 34.982 Executing VM operation: G1CollectForAllocation (G1 Evacuation Pause) done
Event: 35.379 Executing VM operation: G1CollectForAllocation (G1 Evacuation Pause)
Event: 35.401 Executing VM operation: G1CollectForAllocation (G1 Evacuation Pause) done
Event: 35.409 Executing VM operation: G1PauseRemark
Event: 35.453 Executing VM operation: G1PauseRemark done
Event: 35.906 Executing VM operation: G1PauseCleanup
Event: 35.908 Executing VM operation: G1PauseCleanup done
Event: 36.230 Executing VM operation: HandshakeAllThreads (Deoptimize)
Event: 36.231 Executing VM operation: HandshakeAllThreads (Deoptimize) done
Event: 36.452 Executing VM operation: ICBufferFull
Event: 36.452 Executing VM operation: ICBufferFull done
Event: 36.545 Executing VM operation: HandshakeAllThreads (Deoptimize)
Event: 36.545 Executing VM operation: HandshakeAllThreads (Deoptimize) done
Event: 36.655 Executing VM operation: HandshakeAllThreads (Deoptimize)
Event: 36.656 Executing VM operation: HandshakeAllThreads (Deoptimize) done
Event: 37.155 Executing VM operation: ICBufferFull
Event: 37.155 Executing VM operation: ICBufferFull done

Memory protections (20 events):
Event: 13.565 Protecting memory [0x00007c1bee9a2000,0x00007c1bee9a6000] with protection modes 0
Event: 13.602 Protecting memory [0x00007c1bee9a2000,0x00007c1bee9a6000] with protection modes 0
Event: 16.343 Protecting memory [0x00007c1beeca2000,0x00007c1beeca6000] with protection modes 0
Event: 16.517 Protecting memory [0x00007c1bee281000,0x00007c1bee285000] with protection modes 0
Event: 17.343 Protecting memory [0x00007c1b71616000,0x00007c1b7161a000] with protection modes 0
Event: 17.499 Protecting memory [0x00007c1b6fe80000,0x00007c1b6fe84000] with protection modes 0
Event: 17.500 Protecting memory [0x00007c1b6de80000,0x00007c1b6de84000] with protection modes 0
Event: 17.886 Protecting memory [0x00007c1b6cc00000,0x00007c1b6cc04000] with protection modes 0
Event: 18.050 Protecting memory [0x00007c1b6b000000,0x00007c1b6b004000] with protection modes 0
Event: 18.342 Protecting memory [0x00007c1b6cc00000,0x00007c1b6cc04000] with protection modes 0
Event: 23.681 Protecting memory [0x00007c1beeca2000,0x00007c1beeca6000] with protection modes 0
Event: 29.331 Protecting memory [0x00007c1beeca2000,0x00007c1beeca6000] with protection modes 0
Event: 29.750 Protecting memory [0x00007c1bee281000,0x00007c1bee285000] with protection modes 0
Event: 29.769 Protecting memory [0x00007c1bee9a2000,0x00007c1bee9a6000] with protection modes 0
Event: 32.974 Protecting memory [0x00007c1bee281000,0x00007c1bee285000] with protection modes 0
Event: 33.074 Protecting memory [0x00007c1b6b000000,0x00007c1b6b004000] with protection modes 0
Event: 33.076 Protecting memory [0x00007c1b69600000,0x00007c1b69604000] with protection modes 0
Event: 33.082 Protecting memory [0x00007c1b646fc000,0x00007c1b64700000] with protection modes 0
Event: 33.219 Protecting memory [0x00007c1b63800000,0x00007c1b63804000] with protection modes 0
Event: 33.471 Protecting memory [0x00007c1b62100000,0x00007c1b62104000] with protection modes 0

Nmethod flushes (20 events):
Event: 35.450 Thread 0x00007c1c6015c210 flushing  nmethod 0x00007c1c4cf91e90
Event: 35.450 Thread 0x00007c1c6015c210 flushing  nmethod 0x00007c1c4cf94590
Event: 35.450 Thread 0x00007c1c6015c210 flushing  nmethod 0x00007c1c4cfa8990
Event: 35.450 Thread 0x00007c1c6015c210 flushing  nmethod 0x00007c1c4cfaa590
Event: 35.450 Thread 0x00007c1c6015c210 flushing  nmethod 0x00007c1c4cfbb210
Event: 35.450 Thread 0x00007c1c6015c210 flushing  nmethod 0x00007c1c4d002f90
Event: 35.450 Thread 0x00007c1c6015c210 flushing  nmethod 0x00007c1c4d007910
Event: 35.450 Thread 0x00007c1c6015c210 flushing  nmethod 0x00007c1c4d02b510
Event: 35.450 Thread 0x00007c1c6015c210 flushing  nmethod 0x00007c1c4d042290
Event: 35.450 Thread 0x00007c1c6015c210 flushing  nmethod 0x00007c1c4d06e410
Event: 35.450 Thread 0x00007c1c6015c210 flushing  nmethod 0x00007c1c4d082110
Event: 35.450 Thread 0x00007c1c6015c210 flushing  nmethod 0x00007c1c4d0fcb90
Event: 35.450 Thread 0x00007c1c6015c210 flushing  nmethod 0x00007c1c4d0fcf10
Event: 35.450 Thread 0x00007c1c6015c210 flushing  nmethod 0x00007c1c4d0fea90
Event: 35.450 Thread 0x00007c1c6015c210 flushing  nmethod 0x00007c1c4d0fff10
Event: 35.450 Thread 0x00007c1c6015c210 flushing  nmethod 0x00007c1c4d106a90
Event: 35.450 Thread 0x00007c1c6015c210 flushing  nmethod 0x00007c1c4d11f610
Event: 35.450 Thread 0x00007c1c6015c210 flushing  nmethod 0x00007c1c4d154210
Event: 35.450 Thread 0x00007c1c6015c210 flushing  nmethod 0x00007c1c4d1ba190
Event: 35.450 Thread 0x00007c1c6015c210 flushing  nmethod 0x00007c1c4d202010

Events (20 events):
Event: 17.886 Thread 0x00007c1c6003a800 Thread added: 0x00007c1b7f2a64a0
Event: 18.050 Thread 0x00007c1b7f2a64a0 Thread added: 0x00007c1ba8036fd0
Event: 18.052 Thread 0x00007c1ba8036fd0 Thread exited: 0x00007c1ba8036fd0
Event: 18.188 Thread 0x00007c1b7f2a64a0 Thread exited: 0x00007c1b7f2a64a0
Event: 18.342 Thread 0x00007c1c6003a800 Thread added: 0x00007c1b7f433f50
Event: 23.312 Thread 0x00007c1bc81a86a0 Thread exited: 0x00007c1bc81a86a0
Event: 23.681 Thread 0x00007c1c6016d320 Thread added: 0x00007c1bc81a86a0
Event: 28.610 Thread 0x00007c1b842a3da0 Thread exited: 0x00007c1b842a3da0
Event: 28.780 Thread 0x00007c1bc81a86a0 Thread exited: 0x00007c1bc81a86a0
Event: 29.330 Thread 0x00007c1b7ec1d6d0 Thread exited: 0x00007c1b7ec1d6d0
Event: 29.331 Thread 0x00007c1c6003a800 Thread added: 0x00007c1b5412aff0
Event: 29.750 Thread 0x00007c1c6016d320 Thread added: 0x00007c1bc87b70c0
Event: 29.769 Thread 0x00007c1c6003a800 Thread added: 0x00007c1b7f4c7260
Event: 30.506 Thread 0x00007c1bc87b70c0 Thread exited: 0x00007c1bc87b70c0
Event: 32.974 Thread 0x00007c1c6016d320 Thread added: 0x00007c1bc87b70c0
Event: 33.074 Thread 0x00007c1b7f433f50 Thread added: 0x00007c1bb00b6eb0
Event: 33.076 Thread 0x00007c1bb00b6eb0 Thread added: 0x00007c1bbc00bd60
Event: 33.082 Thread 0x00007c1bbc00bd60 Thread added: 0x00007c1bc84d51c0
Event: 33.219 Thread 0x00007c1b7f433f50 Thread added: 0x00007c1bb0053a20
Event: 33.471 Thread 0x00007c1bb0053a20 Thread added: 0x00007c1bd0002360


Dynamic libraries:
40ddd000-40e8c000 rw-p 00000000 00:00 0 
41cd2000-41cd4000 r-xs 00000000 00:01 36099                              /memfd:/.glXXXXXX (deleted)
707000000-76d200000 rw-p 00000000 00:00 0 
76d200000-7f5800000 ---p 00000000 00:00 0 
7f5800000-7ffe00000 rw-p 00000000 00:00 0 
7ffe00000-7fff0c000 rw-p 00d70000 fc:01 4463260                          /app/extra/idea-IC/jbr/lib/server/classes.jsa
7fff0c000-800000000 rw-p 00000000 00:00 0 
5a9de7d0f000-5a9de7d10000 r--p 00000000 fc:01 4463551                    /app/extra/idea-IC/jbr/bin/java
5a9de7d10000-5a9de7d11000 r-xp 00001000 fc:01 4463551                    /app/extra/idea-IC/jbr/bin/java
5a9de7d11000-5a9de7d12000 r--p 00002000 fc:01 4463551                    /app/extra/idea-IC/jbr/bin/java
5a9de7d12000-5a9de7d13000 r--p 00002000 fc:01 4463551                    /app/extra/idea-IC/jbr/bin/java
5a9de7d13000-5a9de7d14000 rw-p 00003000 fc:01 4463551                    /app/extra/idea-IC/jbr/bin/java
5a9e0cf86000-5a9e0cfd7000 rw-p 00000000 00:00 0                          [heap]
7c1b54000000-7c1b54135000 rw-p 00000000 00:00 0 
7c1b54135000-7c1b58000000 ---p 00000000 00:00 0 
7c1b5c000000-7c1b5da02000 rw-p 00000000 00:00 0 
7c1b5da02000-7c1b60000000 ---p 00000000 00:00 0 
7c1b62100000-7c1b62104000 ---p 00000000 00:00 0 
7c1b62104000-7c1b62200000 rw-p 00000000 00:00 0 
7c1b62200000-7c1b62400000 rw-s 00000000 00:06 948                        /dev/nvidiactl
7c1b62400000-7c1b62800000 rw-p 00000000 00:00 0 
7c1b62800000-7c1b62c00000 rw-s 00000000 00:06 948                        /dev/nvidiactl
7c1b62c00000-7c1b63000000 rw-s 00000000 00:06 948                        /dev/nvidiactl
7c1b63000000-7c1b63400000 rw-s 00000000 00:06 948                        /dev/nvidiactl
7c1b63400000-7c1b63800000 rw-s 00000000 00:06 948                        /dev/nvidiactl
7c1b63800000-7c1b63804000 ---p 00000000 00:00 0 
7c1b63804000-7c1b63900000 rw-p 00000000 00:00 0 
7c1b63900000-7c1b64600000 rw-p 00000000 00:00 0 
7c1b646fc000-7c1b64700000 ---p 00000000 00:00 0 
7c1b64700000-7c1b647fc000 rw-p 00000000 00:00 0 
7c1b647fc000-7c1b657fd000 rw-p 00000000 00:00 0 
7c1b657fd000-7c1b657fe000 ---p 00000000 00:00 0 
7c1b657fe000-7c1b65ffe000 rw-p 00000000 00:00 0 
7c1b65ffe000-7c1b65fff000 ---p 00000000 00:00 0 
7c1b65fff000-7c1b667ff000 rw-p 00000000 00:00 0 
7c1b667ff000-7c1b66800000 ---p 00000000 00:00 0 
7c1b66800000-7c1b67000000 rw-p 00000000 00:00 0 
7c1b67000000-7c1b67a00000 rw-p 00000000 00:00 0 
7c1b67aff000-7c1b681ff000 rw-p 00000000 00:00 0 
7c1b681ff000-7c1b68200000 ---p 00000000 00:00 0 
7c1b68200000-7c1b68a00000 rw-p 00000000 00:00 0 
7c1b68a00000-7c1b69200000 rw-p 00000000 00:00 0 
7c1b69200000-7c1b69400000 rw-s 00000000 00:06 948                        /dev/nvidiactl
7c1b69400000-7c1b69600000 rw-s 00000000 00:06 948                        /dev/nvidiactl
7c1b69600000-7c1b69604000 ---p 00000000 00:00 0 
7c1b69604000-7c1b69700000 rw-p 00000000 00:00 0 
7c1b69700000-7c1b6b000000 rw-p 00000000 00:00 0 
7c1b6b000000-7c1b6b004000 ---p 00000000 00:00 0 
7c1b6b004000-7c1b6b100000 rw-p 00000000 00:00 0 
7c1b6b100000-7c1b6cc00000 rw-p 00000000 00:00 0 
7c1b6cc00000-7c1b6cc04000 ---p 00000000 00:00 0 
7c1b6cc04000-7c1b6cd00000 rw-p 00000000 00:00 0 
7c1b6cd00000-7c1b6de00000 rw-p 00000000 00:00 0 
7c1b6de80000-7c1b6de84000 ---p 00000000 00:00 0 
7c1b6de84000-7c1b6df80000 rw-p 00000000 00:00 0 
7c1b6df80000-7c1b6fe00000 rw-p 00000000 00:00 0 
7c1b6fe80000-7c1b6fe84000 ---p 00000000 00:00 0 
7c1b6fe84000-7c1b6ff80000 rw-p 00000000 00:00 0 
7c1b6ff80000-7c1b71600000 rw-p 00000000 00:00 0 
7c1b71616000-7c1b7161a000 ---p 00000000 00:00 0 
7c1b7161a000-7c1b71716000 rw-p 00000000 00:00 0 
7c1b71716000-7c1b71796000 rw-s 00000000 00:06 948                        /dev/nvidiactl
7c1b71796000-7c1b71797000 ---p 00000000 00:00 0 
7c1b71797000-7c1b71f97000 rw-p 00000000 00:00 0 
7c1b71f97000-7c1b71f9b000 r--p 00000000 fc:01 5153377                    /usr/lib/x86_64-linux-gnu/pipewire-0.3/libpipewire-module-session-manager.so
7c1b71f9b000-7c1b71fb8000 r-xp 00004000 fc:01 5153377                    /usr/lib/x86_64-linux-gnu/pipewire-0.3/libpipewire-module-session-manager.so
7c1b71fb8000-7c1b71fbd000 r--p 00021000 fc:01 5153377                    /usr/lib/x86_64-linux-gnu/pipewire-0.3/libpipewire-module-session-manager.so
7c1b71fbd000-7c1b71fbf000 r--p 00025000 fc:01 5153377                    /usr/lib/x86_64-linux-gnu/pipewire-0.3/libpipewire-module-session-manager.so
7c1b71fbf000-7c1b71fc0000 rw-p 00027000 fc:01 5153377                    /usr/lib/x86_64-linux-gnu/pipewire-0.3/libpipewire-module-session-manager.so
7c1b71fc0000-7c1b71fc3000 r--p 00000000 fc:01 5153449                    /usr/lib/x86_64-linux-gnu/pipewire-0.3/libpipewire-module-metadata.so
7c1b71fc3000-7c1b71fcb000 r-xp 00003000 fc:01 5153449                    /usr/lib/x86_64-linux-gnu/pipewire-0.3/libpipewire-module-metadata.so
7c1b71fcb000-7c1b71fcd000 r--p 0000b000 fc:01 5153449                    /usr/lib/x86_64-linux-gnu/pipewire-0.3/libpipewire-module-metadata.so
7c1b71fcd000-7c1b71fce000 r--p 0000c000 fc:01 5153449                    /usr/lib/x86_64-linux-gnu/pipewire-0.3/libpipewire-module-metadata.so
7c1b71fce000-7c1b71fcf000 rw-p 0000d000 fc:01 5153449                    /usr/lib/x86_64-linux-gnu/pipewire-0.3/libpipewire-module-metadata.so
7c1b71fcf000-7c1b71fd4000 r--p 00000000 fc:01 5152000                    /usr/lib/x86_64-linux-gnu/pipewire-0.3/libpipewire-module-client-node.so
7c1b71fd4000-7c1b71ff6000 r-xp 00005000 fc:01 5152000                    /usr/lib/x86_64-linux-gnu/pipewire-0.3/libpipewire-module-client-node.so
7c1b71ff6000-7c1b71ffc000 r--p 00027000 fc:01 5152000                    /usr/lib/x86_64-linux-gnu/pipewire-0.3/libpipewire-module-client-node.so
7c1b71ffc000-7c1b71ffe000 r--p 0002d000 fc:01 5152000                    /usr/lib/x86_64-linux-gnu/pipewire-0.3/libpipewire-module-client-node.so
7c1b71ffe000-7c1b71fff000 rw-p 0002f000 fc:01 5152000                    /usr/lib/x86_64-linux-gnu/pipewire-0.3/libpipewire-module-client-node.so
7c1b71fff000-7c1b72000000 ---p 00000000 00:00 0 
7c1b72000000-7c1b72800000 rw-p 00000000 00:00 0 
7c1b72800000-7c1b728a5000 r--p 00000000 fc:01 5152406                    /usr/lib/x86_64-linux-gnu/libstdc++.so.6.0.33
7c1b728a5000-7c1b729f5000 r-xp 000a5000 fc:01 5152406                    /usr/lib/x86_64-linux-gnu/libstdc++.so.6.0.33
7c1b729f5000-7c1b72a84000 r--p 001f5000 fc:01 5152406                    /usr/lib/x86_64-linux-gnu/libstdc++.so.6.0.33
7c1b72a84000-7c1b72a8f000 r--p 00284000 fc:01 5152406                    /usr/lib/x86_64-linux-gnu/libstdc++.so.6.0.33
7c1b72a8f000-7c1b72a92000 rw-p 0028f000 fc:01 5152406                    /usr/lib/x86_64-linux-gnu/libstdc++.so.6.0.33
7c1b72a92000-7c1b72a96000 rw-p 00000000 00:00 0 
7c1b72a9a000-7c1b72a9d000 r--p 00000000 fc:01 5152812                    /usr/lib/x86_64-linux-gnu/libpcre2-8.so.0.13.0
7c1b72a9d000-7c1b72b10000 r-xp 00003000 fc:01 5152812                    /usr/lib/x86_64-linux-gnu/libpcre2-8.so.0.13.0
7c1b72b10000-7c1b72b39000 r--p 00076000 fc:01 5152812                    /usr/lib/x86_64-linux-gnu/libpcre2-8.so.0.13.0
7c1b72b39000-7c1b72b3a000 r--p 0009e000 fc:01 5152812                    /usr/lib/x86_64-linux-gnu/libpcre2-8.so.0.13.0
7c1b72b3a000-7c1b72b3b000 rw-p 0009f000 fc:01 5152812                    /usr/lib/x86_64-linux-gnu/libpcre2-8.so.0.13.0
7c1b72b3b000-7c1b72b4f000 r--p 00000000 fc:01 5151695                    /usr/lib/x86_64-linux-gnu/pipewire-0.3/libpipewire-module-protocol-native.so
7c1b72b4f000-7c1b72b71000 r-xp 00014000 fc:01 5151695                    /usr/lib/x86_64-linux-gnu/pipewire-0.3/libpipewire-module-protocol-native.so
7c1b72b71000-7c1b72b7d000 r--p 00036000 fc:01 5151695                    /usr/lib/x86_64-linux-gnu/pipewire-0.3/libpipewire-module-protocol-native.so
7c1b72b7d000-7c1b72b8d000 r--p 00041000 fc:01 5151695                    /usr/lib/x86_64-linux-gnu/pipewire-0.3/libpipewire-module-protocol-native.so
7c1b72b8d000-7c1b72b8e000 rw-p 00051000 fc:01 5151695                    /usr/lib/x86_64-linux-gnu/pipewire-0.3/libpipewire-module-protocol-native.so
7c1b72b8e000-7c1b72bb1000 r--p 00000000 fc:01 5152199                    /usr/lib/x86_64-linux-gnu/libpipewire-0.3.so.0.1204.0
7c1b72bb1000-7c1b72c26000 r-xp 00023000 fc:01 5152199                    /usr/lib/x86_64-linux-gnu/libpipewire-0.3.so.0.1204.0
7c1b72c26000-7c1b72c41000 r--p 00098000 fc:01 5152199                    /usr/lib/x86_64-linux-gnu/libpipewire-0.3.so.0.1204.0
7c1b72c41000-7c1b72c5a000 r--p 000b2000 fc:01 5152199                    /usr/lib/x86_64-linux-gnu/libpipewire-0.3.so.0.1204.0
7c1b72c5a000-7c1b72c5b000 rw-p 000cb000 fc:01 5152199                    /usr/lib/x86_64-linux-gnu/libpipewire-0.3.so.0.1204.0
7c1b72c5b000-7c1b72c5c000 rw-p 00000000 00:00 0 
7c1b72c5c000-7c1b72c79000 r--p 00000000 00:35 474                        /tmp/lwjgl_addie/3.3.2-snapshot/x64/libopenal.so
7c1b72c79000-7c1b72d18000 r-xp 0001d000 00:35 474                        /tmp/lwjgl_addie/3.3.2-snapshot/x64/libopenal.so
7c1b72d18000-7c1b72d79000 r--p 000bc000 00:35 474                        /tmp/lwjgl_addie/3.3.2-snapshot/x64/libopenal.so
7c1b72d79000-7c1b72d7a000 ---p 0011d000 00:35 474                        /tmp/lwjgl_addie/3.3.2-snapshot/x64/libopenal.so
7c1b72d7a000-7c1b72d7f000 r--p 0011d000 00:35 474                        /tmp/lwjgl_addie/3.3.2-snapshot/x64/libopenal.so
7c1b72d7f000-7c1b72d80000 rw-p 00122000 00:35 474                        /tmp/lwjgl_addie/3.3.2-snapshot/x64/libopenal.so
7c1b72d80000-7c1b72dfb000 rw-p 00000000 00:00 0 
7c1b72dfb000-7c1b72e02000 r--p 00000000 00:35 473                        /tmp/lwjgl_addie/3.3.2-snapshot/x64/liblwjgl_stb.so
7c1b72e02000-7c1b72e65000 r-xp 00007000 00:35 473                        /tmp/lwjgl_addie/3.3.2-snapshot/x64/liblwjgl_stb.so
7c1b72e65000-7c1b72e71000 r--p 0006a000 00:35 473                        /tmp/lwjgl_addie/3.3.2-snapshot/x64/liblwjgl_stb.so
7c1b72e71000-7c1b72e72000 r--p 00075000 00:35 473                        /tmp/lwjgl_addie/3.3.2-snapshot/x64/liblwjgl_stb.so
7c1b72e72000-7c1b72e73000 rw-p 00076000 00:35 473                        /tmp/lwjgl_addie/3.3.2-snapshot/x64/liblwjgl_stb.so
7c1b72e73000-7c1b72ebc000 r--p 00000000 fc:01 5152640                    /usr/lib/x86_64-linux-gnu/libGL.so.1.7.0
7c1b72ebc000-7c1b72edc000 r-xp 00049000 fc:01 5152640                    /usr/lib/x86_64-linux-gnu/libGL.so.1.7.0
7c1b72edc000-7c1b72ef0000 r--p 00069000 fc:01 5152640                    /usr/lib/x86_64-linux-gnu/libGL.so.1.7.0
7c1b72ef0000-7c1b72efe000 r--p 0007d000 fc:01 5152640                    /usr/lib/x86_64-linux-gnu/libGL.so.1.7.0
7c1b72efe000-7c1b72eff000 rw-p 0008b000 fc:01 5152640                    /usr/lib/x86_64-linux-gnu/libGL.so.1.7.0
7c1b72eff000-7c1b72f00000 rw-p 00000000 00:00 0 
7c1b72f7f000-7c1b72f90000 r--p 00000000 fc:01 5152069                    /usr/lib/x86_64-linux-gnu/spa-0.2/audioconvert/libspa-audioconvert.so
7c1b72f90000-7c1b72fdc000 r-xp 00011000 fc:01 5152069                    /usr/lib/x86_64-linux-gnu/spa-0.2/audioconvert/libspa-audioconvert.so
7c1b72fdc000-7c1b72ff0000 r--p 0005d000 fc:01 5152069                    /usr/lib/x86_64-linux-gnu/spa-0.2/audioconvert/libspa-audioconvert.so
7c1b72ff0000-7c1b72ffe000 r--p 00071000 fc:01 5152069                    /usr/lib/x86_64-linux-gnu/spa-0.2/audioconvert/libspa-audioconvert.so
7c1b72ffe000-7c1b73000000 rw-p 0007f000 fc:01 5152069                    /usr/lib/x86_64-linux-gnu/spa-0.2/audioconvert/libspa-audioconvert.so
7c1b73000000-7c1b73023000 r-xp 00000000 fc:01 3932284                    /usr/lib/x86_64-linux-gnu/GL/nvidia-575-57-08/lib/libnvidia-allocator.so.575.57.08
7c1b73023000-7c1b73222000 ---p 00023000 fc:01 3932284                    /usr/lib/x86_64-linux-gnu/GL/nvidia-575-57-08/lib/libnvidia-allocator.so.575.57.08
7c1b73222000-7c1b7322a000 r--p 00022000 fc:01 3932284                    /usr/lib/x86_64-linux-gnu/GL/nvidia-575-57-08/lib/libnvidia-allocator.so.575.57.08
7c1b7322a000-7c1b7322b000 rw-p 0002a000 fc:01 3932284                    /usr/lib/x86_64-linux-gnu/GL/nvidia-575-57-08/lib/libnvidia-allocator.so.575.57.08
7c1b7322b000-7c1b7322c000 rw-p 00000000 00:00 0 
7c1b73230000-7c1b73238000 r--p 00000000 fc:01 5151491                    /usr/lib/x86_64-linux-gnu/libselinux.so.1
7c1b73238000-7c1b73257000 r-xp 00008000 fc:01 5151491                    /usr/lib/x86_64-linux-gnu/libselinux.so.1
7c1b73257000-7c1b7325e000 r--p 00027000 fc:01 5151491                    /usr/lib/x86_64-linux-gnu/libselinux.so.1
7c1b7325e000-7c1b7325f000 r--p 0002e000 fc:01 5151491                    /usr/lib/x86_64-linux-gnu/libselinux.so.1
7c1b7325f000-7c1b73260000 rw-p 0002f000 fc:01 5151491                    /usr/lib/x86_64-linux-gnu/libselinux.so.1
7c1b73260000-7c1b73262000 rw-p 00000000 00:00 0 
7c1b73262000-7c1b73266000 r--p 00000000 fc:01 5151478                    /usr/lib/x86_64-linux-gnu/spa-0.2/support/libspa-support.so
7c1b73266000-7c1b7327d000 r-xp 00004000 fc:01 5151478                    /usr/lib/x86_64-linux-gnu/spa-0.2/support/libspa-support.so
7c1b7327d000-7c1b73282000 r--p 0001b000 fc:01 5151478                    /usr/lib/x86_64-linux-gnu/spa-0.2/support/libspa-support.so
7c1b73282000-7c1b73284000 r--p 00020000 fc:01 5151478                    /usr/lib/x86_64-linux-gnu/spa-0.2/support/libspa-support.so
7c1b73284000-7c1b73285000 rw-p 00022000 fc:01 5151478                    /usr/lib/x86_64-linux-gnu/spa-0.2/support/libspa-support.so
7c1b73285000-7c1b732b8000 r--p 00000000 00:35 472                        /tmp/lwjgl_addie/3.3.2-snapshot/x64/liblwjgl_opengl.so
7c1b732b8000-7c1b732cc000 r-xp 00033000 00:35 472                        /tmp/lwjgl_addie/3.3.2-snapshot/x64/liblwjgl_opengl.so
7c1b732cc000-7c1b732dc000 r--p 00047000 00:35 472                        /tmp/lwjgl_addie/3.3.2-snapshot/x64/liblwjgl_opengl.so
7c1b732dc000-7c1b732dd000 r--p 00056000 00:35 472                        /tmp/lwjgl_addie/3.3.2-snapshot/x64/liblwjgl_opengl.so
7c1b732dd000-7c1b732de000 rw-p 00057000 00:35 472                        /tmp/lwjgl_addie/3.3.2-snapshot/x64/liblwjgl_opengl.so
7c1b732de000-7c1b73c00000 rw-p 00000000 00:00 0 
7c1b73c00000-7c1b73ea1000 r--p 00000000 fc:01 3932395                    /usr/lib/x86_64-linux-gnu/GL/nvidia-575-57-08/lib/libnvidia-gpucomp.so.575.57.08
7c1b73ea1000-7c1b76d8b000 r-xp 002a1000 fc:01 3932395                    /usr/lib/x86_64-linux-gnu/GL/nvidia-575-57-08/lib/libnvidia-gpucomp.so.575.57.08
7c1b76d8b000-7c1b77ab0000 r--p 0318b000 fc:01 3932395                    /usr/lib/x86_64-linux-gnu/GL/nvidia-575-57-08/lib/libnvidia-gpucomp.so.575.57.08
7c1b77ab0000-7c1b77c7c000 r--p 03eaf000 fc:01 3932395                    /usr/lib/x86_64-linux-gnu/GL/nvidia-575-57-08/lib/libnvidia-gpucomp.so.575.57.08
7c1b77c7c000-7c1b77d65000 rw-p 0407b000 fc:01 3932395                    /usr/lib/x86_64-linux-gnu/GL/nvidia-575-57-08/lib/libnvidia-gpucomp.so.575.57.08
7c1b77d65000-7c1b77e04000 rw-p 00000000 00:00 0 
7c1b77e10000-7c1b77e14000 r--p 00000000 fc:01 5153412                    /usr/lib/x86_64-linux-gnu/pipewire-0.3/libpipewire-module-adapter.so
7c1b77e14000-7c1b77e19000 r-xp 00004000 fc:01 5153412                    /usr/lib/x86_64-linux-gnu/pipewire-0.3/libpipewire-module-adapter.so
7c1b77e19000-7c1b77e1c000 r--p 00009000 fc:01 5153412                    /usr/lib/x86_64-linux-gnu/pipewire-0.3/libpipewire-module-adapter.so
7c1b77e1c000-7c1b77e1f000 r--p 0000b000 fc:01 5153412                    /usr/lib/x86_64-linux-gnu/pipewire-0.3/libpipewire-module-adapter.so
7c1b77e1f000-7c1b77e20000 rw-p 0000e000 fc:01 5153412                    /usr/lib/x86_64-linux-gnu/pipewire-0.3/libpipewire-module-adapter.so
7c1b77e20000-7c1b77ea0000 rw-s 00000000 00:06 948                        /dev/nvidiactl
7c1b77ea0000-7c1b77f20000 rw-s 00000000 00:06 948                        /dev/nvidiactl
7c1b77f20000-7c1b77f60000 rw-s 00000000 00:06 948                        /dev/nvidiactl
7c1b77f60000-7c1b77f80000 rw-s 00000000 00:06 948                        /dev/nvidiactl
7c1b77f80000-7c1b78000000 rw-s 00000000 00:06 953                        /dev/nvidia0
7c1b78000000-7c1b78100000 rw-p 00000000 00:00 0 
7c1b78100000-7c1b78900000 rw-p 00000000 00:00 0 
7c1b78900000-7c1b78a00000 rw-p 00000000 00:00 0 
7c1b78a00000-7c1b79bc0000 rw-p 00000000 00:00 0 
7c1b79bc0000-7c1b79c90000 rw-p 00000000 00:00 0 
7c1b79c90000-7c1b79d00000 ---p 00000000 00:00 0 
7c1b79d00000-7c1b7a3f0000 rw-p 00000000 00:00 0 
7c1b7a3f0000-7c1b7c000000 ---p 00000000 00:00 0 
7c1b7c000000-7c1b7fffb000 rw-p 00000000 00:00 0 
7c1b7fffb000-7c1b80000000 ---p 00000000 00:00 0 
7c1b80000000-7c1b80021000 rw-p 00000000 00:00 0 
7c1b80021000-7c1b84000000 ---p 00000000 00:00 0 
7c1b84000000-7c1b87d35000 rw-p 00000000 00:00 0 
7c1b87d35000-7c1b88000000 ---p 00000000 00:00 0 
7c1b88004000-7c1b88006000 r--p 00000000 fc:01 5152198                    /usr/lib/x86_64-linux-gnu/pipewire-0.3/libpipewire-module-client-device.so
7c1b88006000-7c1b8800f000 r-xp 00002000 fc:01 5152198                    /usr/lib/x86_64-linux-gnu/pipewire-0.3/libpipewire-module-client-device.so
7c1b8800f000-7c1b88010000 r--p 0000b000 fc:01 5152198                    /usr/lib/x86_64-linux-gnu/pipewire-0.3/libpipewire-module-client-device.so
7c1b88010000-7c1b88011000 r--p 0000c000 fc:01 5152198                    /usr/lib/x86_64-linux-gnu/pipewire-0.3/libpipewire-module-client-device.so
7c1b88011000-7c1b88012000 rw-p 0000d000 fc:01 5152198                    /usr/lib/x86_64-linux-gnu/pipewire-0.3/libpipewire-module-client-device.so
7c1b88012000-7c1b88014000 r--p 00000000 fc:01 5152841                    /usr/lib/x86_64-linux-gnu/pipewire-0.3/libpipewire-module-rt.so
7c1b88014000-7c1b88018000 r-xp 00002000 fc:01 5152841                    /usr/lib/x86_64-linux-gnu/pipewire-0.3/libpipewire-module-rt.so
7c1b88018000-7c1b8801a000 r--p 00006000 fc:01 5152841                    /usr/lib/x86_64-linux-gnu/pipewire-0.3/libpipewire-module-rt.so
7c1b8801a000-7c1b8801b000 r--p 00007000 fc:01 5152841                    /usr/lib/x86_64-linux-gnu/pipewire-0.3/libpipewire-module-rt.so
7c1b8801b000-7c1b8801c000 rw-p 00008000 fc:01 5152841                    /usr/lib/x86_64-linux-gnu/pipewire-0.3/libpipewire-module-rt.so
7c1b8801c000-7c1b8805c000 rw-s 00000000 00:06 948                        /dev/nvidiactl
7c1b8805c000-7c1b8807c000 rw-s 00000000 00:06 948                        /dev/nvidiactl
7c1b8807c000-7c1b880bc000 rw-s 00000000 00:06 948                        /dev/nvidiactl
7c1b880bc000-7c1b88301000 rw-s 00000000 00:01 3081                       /memfd:/.nvidia_drv.XXXXXX (deleted)
7c1b88301000-7c1b8831a000 r--p 00000000 fc:01 5152100                    /usr/lib/x86_64-linux-gnu/libsystemd.so.0.39.0
7c1b8831a000-7c1b883bb000 r-xp 00019000 fc:01 5152100                    /usr/lib/x86_64-linux-gnu/libsystemd.so.0.39.0
7c1b883bb000-7c1b883f1000 r--p 000ba000 fc:01 5152100                    /usr/lib/x86_64-linux-gnu/libsystemd.so.0.39.0
7c1b883f1000-7c1b883fd000 r--p 000ef000 fc:01 5152100                    /usr/lib/x86_64-linux-gnu/libsystemd.so.0.39.0
7c1b883fd000-7c1b883fe000 rw-p 000fb000 fc:01 5152100                    /usr/lib/x86_64-linux-gnu/libsystemd.so.0.39.0
7c1b883fe000-7c1b883ff000 rw-p 00000000 00:00 0 
7c1b883ff000-7c1b88400000 ---p 00000000 00:00 0 
7c1b88400000-7c1b88c00000 rw-p 00000000 00:00 0 
7c1b88c00000-7c1b88e55000 r-xp 00000000 fc:01 3932380                    /usr/lib/x86_64-linux-gnu/GL/nvidia-575-57-08/lib/libnvidia-glcore.so.575.57.08
7c1b88e55000-7c1b88e76000 rwxp 00255000 fc:01 3932380                    /usr/lib/x86_64-linux-gnu/GL/nvidia-575-57-08/lib/libnvidia-glcore.so.575.57.08
7c1b88e76000-7c1b89000000 r-xp 00276000 fc:01 3932380                    /usr/lib/x86_64-linux-gnu/GL/nvidia-575-57-08/lib/libnvidia-glcore.so.575.57.08
7c1b89000000-7c1b89c00000 r-xp 00400000 fc:01 3932380                    /usr/lib/x86_64-linux-gnu/GL/nvidia-575-57-08/lib/libnvidia-glcore.so.575.57.08
7c1b89c00000-7c1b8acfd000 r-xp 01000000 fc:01 3932380                    /usr/lib/x86_64-linux-gnu/GL/nvidia-575-57-08/lib/libnvidia-glcore.so.575.57.08
7c1b8acfd000-7c1b8acfe000 ---p 020fd000 fc:01 3932380                    /usr/lib/x86_64-linux-gnu/GL/nvidia-575-57-08/lib/libnvidia-glcore.so.575.57.08
7c1b8acfe000-7c1b8ae76000 r--p 020fd000 fc:01 3932380                    /usr/lib/x86_64-linux-gnu/GL/nvidia-575-57-08/lib/libnvidia-glcore.so.575.57.08
7c1b8ae76000-7c1b8aed8000 rw-p 02275000 fc:01 3932380                    /usr/lib/x86_64-linux-gnu/GL/nvidia-575-57-08/lib/libnvidia-glcore.so.575.57.08
7c1b8aed8000-7c1b8aef7000 rw-p 00000000 00:00 0 
7c1b8aefa000-7c1b8aefc000 r--p 00000000 fc:01 5152810                    /usr/lib/x86_64-linux-gnu/spa-0.2/support/libspa-dbus.so
7c1b8aefc000-7c1b8aeff000 r-xp 00002000 fc:01 5152810                    /usr/lib/x86_64-linux-gnu/spa-0.2/support/libspa-dbus.so
7c1b8aeff000-7c1b8af00000 r--p 00005000 fc:01 5152810                    /usr/lib/x86_64-linux-gnu/spa-0.2/support/libspa-dbus.so
7c1b8af00000-7c1b8af01000 r--p 00005000 fc:01 5152810                    /usr/lib/x86_64-linux-gnu/spa-0.2/support/libspa-dbus.so
7c1b8af01000-7c1b8af02000 rw-p 00006000 fc:01 5152810                    /usr/lib/x86_64-linux-gnu/spa-0.2/support/libspa-dbus.so
7c1b8af02000-7c1b8af03000 r--p 00000000 fc:01 5152615                    /usr/lib/x86_64-linux-gnu/spa-0.2/support/libspa-journal.so
7c1b8af03000-7c1b8af05000 r-xp 00001000 fc:01 5152615                    /usr/lib/x86_64-linux-gnu/spa-0.2/support/libspa-journal.so
7c1b8af05000-7c1b8af06000 r--p 00003000 fc:01 5152615                    /usr/lib/x86_64-linux-gnu/spa-0.2/support/libspa-journal.so
7c1b8af06000-7c1b8af07000 r--p 00003000 fc:01 5152615                    /usr/lib/x86_64-linux-gnu/spa-0.2/support/libspa-journal.so
7c1b8af07000-7c1b8af08000 rw-p 00004000 fc:01 5152615                    /usr/lib/x86_64-linux-gnu/spa-0.2/support/libspa-journal.so
7c1b8af08000-7c1b8af0b000 rw-s 00000000 00:06 948                        /dev/nvidiactl
7c1b8af0b000-7c1b8af1a000 r--p 00000000 fc:01 5152742                    /usr/lib/x86_64-linux-gnu/libdbus-1.so.3.32.4
7c1b8af1a000-7c1b8af4f000 r-xp 0000f000 fc:01 5152742                    /usr/lib/x86_64-linux-gnu/libdbus-1.so.3.32.4
7c1b8af4f000-7c1b8af62000 r--p 00044000 fc:01 5152742                    /usr/lib/x86_64-linux-gnu/libdbus-1.so.3.32.4
7c1b8af62000-7c1b8af64000 r--p 00056000 fc:01 5152742                    /usr/lib/x86_64-linux-gnu/libdbus-1.so.3.32.4
7c1b8af64000-7c1b8af65000 rw-p 00058000 fc:01 5152742                    /usr/lib/x86_64-linux-gnu/libdbus-1.so.3.32.4
7c1b8af65000-7c1b8af75000 r--p 00000000 fc:01 3932318                    /usr/lib/x86_64-linux-gnu/GL/nvidia-575-57-08/lib/libnvidia-glsi.so.575.57.08
7c1b8af75000-7c1b8afd4000 r-xp 00010000 fc:01 3932318                    /usr/lib/x86_64-linux-gnu/GL/nvidia-575-57-08/lib/libnvidia-glsi.so.575.57.08
7c1b8afd4000-7c1b8aff1000 r--p 0006f000 fc:01 3932318                    /usr/lib/x86_64-linux-gnu/GL/nvidia-575-57-08/lib/libnvidia-glsi.so.575.57.08
7c1b8aff1000-7c1b8aff7000 r--p 0008b000 fc:01 3932318                    /usr/lib/x86_64-linux-gnu/GL/nvidia-575-57-08/lib/libnvidia-glsi.so.575.57.08
7c1b8aff7000-7c1b8aff8000 rw-p 00091000 fc:01 3932318                    /usr/lib/x86_64-linux-gnu/GL/nvidia-575-57-08/lib/libnvidia-glsi.so.575.57.08
7c1b8aff8000-7c1b8b000000 rw-p 00000000 00:00 0 
7c1b8b000000-7c1b8c000000 rw-p 00000000 00:00 0 
7c1b8c000000-7c1b8c026000 rw-p 00000000 00:00 0 
7c1b8c026000-7c1b90000000 ---p 00000000 00:00 0 
7c1b90000000-7c1b90021000 rw-p 00000000 00:00 0 
7c1b90021000-7c1b94000000 ---p 00000000 00:00 0 
7c1b94000000-7c1b9468e000 rw-p 00000000 00:00 0 
7c1b9468e000-7c1b98000000 ---p 00000000 00:00 0 
7c1b98000000-7c1b9b379000 rw-p 00000000 00:00 0 
7c1b9b379000-7c1b9c000000 ---p 00000000 00:00 0 
7c1b9c000000-7c1b9c202000 rw-p 00000000 00:00 0 
7c1b9c202000-7c1ba0000000 ---p 00000000 00:00 0 
7c1ba0000000-7c1ba0132000 rw-p 00000000 00:00 0 
7c1ba0132000-7c1ba4000000 ---p 00000000 00:00 0 
7c1ba4000000-7c1ba4116000 rw-p 00000000 00:00 0 
7c1ba4116000-7c1ba8000000 ---p 00000000 00:00 0 
7c1ba8000000-7c1ba8153000 rw-p 00000000 00:00 0 
7c1ba8153000-7c1bac000000 ---p 00000000 00:00 0 
7c1bac000000-7c1bac0b2000 rw-p 00000000 00:00 0 
7c1bac0b2000-7c1bb0000000 ---p 00000000 00:00 0 
7c1bb0000000-7c1bb061f000 rw-p 00000000 00:00 0 
7c1bb061f000-7c1bb4000000 ---p 00000000 00:00 0 
7c1bb4000000-7c1bb6767000 rw-p 00000000 00:00 0 
7c1bb6767000-7c1bb8000000 ---p 00000000 00:00 0 
7c1bb8000000-7c1bb8021000 rw-p 00000000 00:00 0 
7c1bb8021000-7c1bbc000000 ---p 00000000 00:00 0 
7c1bbc000000-7c1bbc021000 rw-p 00000000 00:00 0 
7c1bbc021000-7c1bc0000000 ---p 00000000 00:00 0 
7c1bc0000000-7c1bc0403000 rw-p 00000000 00:00 0 
7c1bc0403000-7c1bc4000000 ---p 00000000 00:00 0 
7c1bc4000000-7c1bc701b000 rw-p 00000000 00:00 0 
7c1bc701b000-7c1bc8000000 ---p 00000000 00:00 0 
7c1bc8000000-7c1bc8f80000 rw-p 00000000 00:00 0 
7c1bc8f80000-7c1bcc000000 ---p 00000000 00:00 0 
7c1bcc000000-7c1bcc025000 rw-p 00000000 00:00 0 
7c1bcc025000-7c1bd0000000 ---p 00000000 00:00 0 
7c1bd0000000-7c1bd0021000 rw-p 00000000 00:00 0 
7c1bd0021000-7c1bd4000000 ---p 00000000 00:00 0 
7c1bd4000000-7c1bd4021000 rw-p 00000000 00:00 0 
7c1bd4021000-7c1bd8000000 ---p 00000000 00:00 0 
7c1bd8000000-7c1bd8021000 rw-p 00000000 00:00 0 
7c1bd8021000-7c1bdc000000 ---p 00000000 00:00 0 
7c1bdc000000-7c1bdc291000 rw-p 00000000 00:00 0 
7c1bdc291000-7c1be0000000 ---p 00000000 00:00 0 
7c1be0000000-7c1be0021000 rw-p 00000000 00:00 0 
7c1be0021000-7c1be4000000 ---p 00000000 00:00 0 
7c1be4000000-7c1be4400000 rw-p 00000000 00:00 0 
7c1be4400000-7c1be4440000 rw-p 00000000 00:00 0 
7c1be4440000-7c1be4480000 rw-p 00000000 00:00 0 
7c1be4480000-7c1be4500000 rw-p 00000000 00:00 0 
7c1be4500000-7c1be4700000 rw-p 00000000 00:00 0 
7c1be4700000-7c1be47c0000 rw-p 00000000 00:00 0 
7c1be47c0000-7c1be4900000 rw-p 00000000 00:00 0 
7c1be4900000-7c1be4b80000 rw-p 00000000 00:00 0 
7c1be4b80000-7c1be4c00000 rw-p 00000000 00:00 0 
7c1be4c00000-7c1be4c60000 rw-p 00000000 00:00 0 
7c1be4c60000-7c1be4c80000 rw-p 00000000 00:00 0 
7c1be4c80000-7c1be4d00000 rw-p 00000000 00:00 0 
7c1be4d00000-7c1be4f00000 rw-p 00000000 00:00 0 
7c1be4f00000-7c1be4fc0000 rw-p 00000000 00:00 0 
7c1be4fc0000-7c1be5100000 rw-p 00000000 00:00 0 
7c1be5100000-7c1be5180000 rw-p 00000000 00:00 0 
7c1be5180000-7c1be5200000 rw-p 00000000 00:00 0 
7c1be5200000-7c1be5380000 rw-p 00000000 00:00 0 
7c1be5380000-7c1be5400000 rw-p 00000000 00:00 0 
7c1be5400000-7c1be5580000 rw-p 00000000 00:00 0 
7c1be5580000-7c1be5600000 rw-p 00000000 00:00 0 
7c1be5600000-7c1be5900000 rw-p 00000000 00:00 0 
7c1be5900000-7c1be5a00000 rw-p 00000000 00:00 0 
7c1be5a00000-7c1be6500000 rw-p 00000000 00:00 0 
7c1be6500000-7c1be6600000 rw-p 00000000 00:00 0 
7c1be6600000-7c1be7cc0000 rw-p 00000000 00:00 0 
7c1be7cc0000-7c1be7d00000 rw-p 00000000 00:00 0 
7c1be7d00000-7c1be7f00000 rw-p 00000000 00:00 0 
7c1be7f00000-7c1be7f40000 rw-p 00000000 00:00 0 
7c1be7f40000-7c1be7f80000 rw-p 00000000 00:00 0 
7c1be7f80000-7c1be8000000 rw-p 00000000 00:00 0 
7c1be8000000-7c1be8021000 rw-p 00000000 00:00 0 
7c1be8021000-7c1bec000000 ---p 00000000 00:00 0 
7c1bec001000-7c1bec003000 rw-s 00000000 00:01 36099                      /memfd:/.glXXXXXX (deleted)
7c1bec013000-7c1bec014000 rw-s 00000000 00:01 36122                      /memfd:pipewire-memfd:flags=0x0000000f,type=2,size=4096 (deleted)
7c1bec014000-7c1bec01d000 rw-s 00000000 00:01 36124                      /memfd:pipewire-memfd:flags=0x0000000f,type=2,size=32832 (deleted)
7c1bec01d000-7c1bec026000 rw-s 00000000 00:01 36123                      /memfd:pipewire-memfd:flags=0x0000000f,type=2,size=32832 (deleted)
7c1bec026000-7c1bec027000 rw-s 00000000 00:01 2062                       /memfd:pipewire-memfd:flags=0x0000000f,type=2,size=2312 (deleted)
7c1bec027000-7c1bec02d000 r--p 00000000 fc:01 4370618                    /usr/lib/x86_64-linux-gnu/GL/default/lib/libdrm.so.2.124.0
7c1bec02d000-7c1bec03a000 r-xp 00006000 fc:01 4370618                    /usr/lib/x86_64-linux-gnu/GL/default/lib/libdrm.so.2.124.0
7c1bec03a000-7c1bec03e000 r--p 00013000 fc:01 4370618                    /usr/lib/x86_64-linux-gnu/GL/default/lib/libdrm.so.2.124.0
7c1bec03e000-7c1bec03f000 r--p 00017000 fc:01 4370618                    /usr/lib/x86_64-linux-gnu/GL/default/lib/libdrm.so.2.124.0
7c1bec03f000-7c1bec040000 rw-p 00018000 fc:01 4370618                    /usr/lib/x86_64-linux-gnu/GL/default/lib/libdrm.so.2.124.0
7c1bec040000-7c1bec041000 rw-s 00000000 00:01 36121                      /memfd:pipewire-memfd:flags=0x0000000f,type=2,size=2312 (deleted)
7c1bec041000-7c1bec054000 rw-s 00000000 00:06 948                        /dev/nvidiactl
7c1bec054000-7c1bec056000 r--p 00000000 fc:01 5151966                    /usr/lib/x86_64-linux-gnu/libxcb-dri3.so.0.1.0
7c1bec056000-7c1bec058000 r-xp 00002000 fc:01 5151966                    /usr/lib/x86_64-linux-gnu/libxcb-dri3.so.0.1.0
7c1bec058000-7c1bec059000 r--p 00004000 fc:01 5151966                    /usr/lib/x86_64-linux-gnu/libxcb-dri3.so.0.1.0
7c1bec059000-7c1bec05a000 r--p 00004000 fc:01 5151966                    /usr/lib/x86_64-linux-gnu/libxcb-dri3.so.0.1.0
7c1bec05a000-7c1bec05b000 rw-p 00005000 fc:01 5151966                    /usr/lib/x86_64-linux-gnu/libxcb-dri3.so.0.1.0
7c1bec05b000-7c1bec063000 r--p 00000000 fc:01 5152383                    /usr/lib/x86_64-linux-gnu/libxcb-randr.so.0.1.0
7c1bec063000-7c1bec069000 r-xp 00008000 fc:01 5152383                    /usr/lib/x86_64-linux-gnu/libxcb-randr.so.0.1.0
7c1bec069000-7c1bec06c000 r--p 0000e000 fc:01 5152383                    /usr/lib/x86_64-linux-gnu/libxcb-randr.so.0.1.0
7c1bec06c000-7c1bec06d000 r--p 00011000 fc:01 5152383                    /usr/lib/x86_64-linux-gnu/libxcb-randr.so.0.1.0
7c1bec06d000-7c1bec06e000 rw-p 00012000 fc:01 5152383                    /usr/lib/x86_64-linux-gnu/libxcb-randr.so.0.1.0
7c1bec06e000-7c1bec07a000 r--p 00000000 fc:01 5153077                    /usr/lib/x86_64-linux-gnu/libxcb-glx.so.0.0.0
7c1bec07a000-7c1bec083000 r-xp 0000c000 fc:01 5153077                    /usr/lib/x86_64-linux-gnu/libxcb-glx.so.0.0.0
7c1bec083000-7c1bec088000 r--p 00015000 fc:01 5153077                    /usr/lib/x86_64-linux-gnu/libxcb-glx.so.0.0.0
7c1bec088000-7c1bec08a000 r--p 0001a000 fc:01 5153077                    /usr/lib/x86_64-linux-gnu/libxcb-glx.so.0.0.0
7c1bec08a000-7c1bec08b000 rw-p 0001c000 fc:01 5153077                    /usr/lib/x86_64-linux-gnu/libxcb-glx.so.0.0.0
7c1bec08b000-7c1bec08c000 r--p 00000000 fc:01 3932320                    /usr/lib/x86_64-linux-gnu/GL/nvidia-575-57-08/lib/libnvidia-tls.so.575.57.08
7c1bec08c000-7c1bec08e000 r-xp 00001000 fc:01 3932320                    /usr/lib/x86_64-linux-gnu/GL/nvidia-575-57-08/lib/libnvidia-tls.so.575.57.08
7c1bec08e000-7c1bec08f000 r--p 00003000 fc:01 3932320                    /usr/lib/x86_64-linux-gnu/GL/nvidia-575-57-08/lib/libnvidia-tls.so.575.57.08
7c1bec08f000-7c1bec090000 r--p 00003000 fc:01 3932320                    /usr/lib/x86_64-linux-gnu/GL/nvidia-575-57-08/lib/libnvidia-tls.so.575.57.08
7c1bec090000-7c1bec091000 rw-p 00004000 fc:01 3932320                    /usr/lib/x86_64-linux-gnu/GL/nvidia-575-57-08/lib/libnvidia-tls.so.575.57.08
7c1bec091000-7c1bec0e2000 r--p 00000000 fc:01 3932391                    /usr/lib/x86_64-linux-gnu/GL/nvidia-575-57-08/lib/libGLX_nvidia.so.575.57.08
7c1bec0e2000-7c1bec13f000 r-xp 00051000 fc:01 3932391                    /usr/lib/x86_64-linux-gnu/GL/nvidia-575-57-08/lib/libGLX_nvidia.so.575.57.08
7c1bec13f000-7c1bec174000 rwxp 000ae000 fc:01 3932391                    /usr/lib/x86_64-linux-gnu/GL/nvidia-575-57-08/lib/libGLX_nvidia.so.575.57.08
7c1bec174000-7c1bec175000 r-xp 000e3000 fc:01 3932391                    /usr/lib/x86_64-linux-gnu/GL/nvidia-575-57-08/lib/libGLX_nvidia.so.575.57.08
7c1bec175000-7c1bec195000 r--p 000e4000 fc:01 3932391                    /usr/lib/x86_64-linux-gnu/GL/nvidia-575-57-08/lib/libGLX_nvidia.so.575.57.08
7c1bec195000-7c1bec1b5000 r--p 00103000 fc:01 3932391                    /usr/lib/x86_64-linux-gnu/GL/nvidia-575-57-08/lib/libGLX_nvidia.so.575.57.08
7c1bec1b5000-7c1bec1ba000 rw-p 00123000 fc:01 3932391                    /usr/lib/x86_64-linux-gnu/GL/nvidia-575-57-08/lib/libGLX_nvidia.so.575.57.08
7c1bec1ba000-7c1bec1bc000 rw-p 00000000 00:00 0 
7c1bec1bc000-7c1bec1fd000 r--p 00000000 fc:01 5153551                    /usr/lib/x86_64-linux-gnu/libGLdispatch.so.0.0.0
7c1bec1fd000-7c1bec200000 r-xp 00041000 fc:01 5153551                    /usr/lib/x86_64-linux-gnu/libGLdispatch.so.0.0.0
7c1bec200000-7c1bec23b000 r-xp 00044000 fc:01 5153551                    /usr/lib/x86_64-linux-gnu/libGLdispatch.so.0.0.0
7c1bec23b000-7c1bec23c000 r-xp 0007f000 fc:01 5153551                    /usr/lib/x86_64-linux-gnu/libGLdispatch.so.0.0.0
7c1bec23c000-7c1bec24f000 r--p 00080000 fc:01 5153551                    /usr/lib/x86_64-linux-gnu/libGLdispatch.so.0.0.0
7c1bec24f000-7c1bec26b000 r--p 00093000 fc:01 5153551                    /usr/lib/x86_64-linux-gnu/libGLdispatch.so.0.0.0
7c1bec26b000-7c1bec26c000 rw-p 000af000 fc:01 5153551                    /usr/lib/x86_64-linux-gnu/libGLdispatch.so.0.0.0
7c1bec26c000-7c1bec274000 rw-p 00000000 00:00 0 
7c1bec274000-7c1bec277000 r--p 00000000 fc:01 5153303                    /usr/lib/x86_64-linux-gnu/libGLX.so.0.0.0
7c1bec277000-7c1bec292000 r-xp 00003000 fc:01 5153303                    /usr/lib/x86_64-linux-gnu/libGLX.so.0.0.0
7c1bec292000-7c1bec295000 r--p 0001e000 fc:01 5153303                    /usr/lib/x86_64-linux-gnu/libGLX.so.0.0.0
7c1bec295000-7c1bec296000 r--p 00020000 fc:01 5153303                    /usr/lib/x86_64-linux-gnu/libGLX.so.0.0.0
7c1bec296000-7c1bec297000 rw-p 00021000 fc:01 5153303                    /usr/lib/x86_64-linux-gnu/libGLX.so.0.0.0
7c1bec297000-7c1bec2a7000 rw-p 00000000 00:00 0 
7c1bec2a7000-7c1bec2a8000 r--p 00000000 fc:01 5153529                    /usr/lib/x86_64-linux-gnu/libX11-xcb.so.1.0.0
7c1bec2a8000-7c1bec2a9000 r-xp 00001000 fc:01 5153529                    /usr/lib/x86_64-linux-gnu/libX11-xcb.so.1.0.0
7c1bec2a9000-7c1bec2aa000 r--p 00002000 fc:01 5153529                    /usr/lib/x86_64-linux-gnu/libX11-xcb.so.1.0.0
7c1bec2aa000-7c1bec2ab000 r--p 00002000 fc:01 5153529                    /usr/lib/x86_64-linux-gnu/libX11-xcb.so.1.0.0
7c1bec2ab000-7c1bec2ac000 rw-p 00003000 fc:01 5153529                    /usr/lib/x86_64-linux-gnu/libX11-xcb.so.1.0.0
7c1bec2ac000-7c1bec2ae000 r--p 00000000 fc:01 5153520                    /usr/lib/x86_64-linux-gnu/libXfixes.so.3.1.0
7c1bec2ae000-7c1bec2b1000 r-xp 00002000 fc:01 5153520                    /usr/lib/x86_64-linux-gnu/libXfixes.so.3.1.0
7c1bec2b1000-7c1bec2b2000 r--p 00005000 fc:01 5153520                    /usr/lib/x86_64-linux-gnu/libXfixes.so.3.1.0
7c1bec2b2000-7c1bec2b3000 r--p 00005000 fc:01 5153520                    /usr/lib/x86_64-linux-gnu/libXfixes.so.3.1.0
7c1bec2b3000-7c1bec2b4000 rw-p 00006000 fc:01 5153520                    /usr/lib/x86_64-linux-gnu/libXfixes.so.3.1.0
7c1bec2b4000-7c1bec2d2000 r--p 00000000 fc:01 5153509                    /usr/lib/x86_64-linux-gnu/libX11.so.6.4.0
7c1bec2d2000-7c1bec36a000 r-xp 0001e000 fc:01 5153509                    /usr/lib/x86_64-linux-gnu/libX11.so.6.4.0
7c1bec36a000-7c1bec3f9000 r--p 000b6000 fc:01 5153509                    /usr/lib/x86_64-linux-gnu/libX11.so.6.4.0
7c1bec3f9000-7c1bec3fc000 r--p 00144000 fc:01 5153509                    /usr/lib/x86_64-linux-gnu/libX11.so.6.4.0
7c1bec3fc000-7c1bec400000 rw-p 00147000 fc:01 5153509                    /usr/lib/x86_64-linux-gnu/libX11.so.6.4.0
7c1bec400000-7c1bee200000 rw-p 00000000 00:00 0 
7c1bee200000-7c1bee201000 rw-s 00000000 00:01 36120                      /memfd:pipewire-memfd:flags=0x0000000f,type=2,size=2312 (deleted)
7c1bee201000-7c1bee204000 r--p 00000000 fc:01 5152034                    /usr/lib/x86_64-linux-gnu/libXcursor.so.1.0.2
7c1bee204000-7c1bee20a000 r-xp 00003000 fc:01 5152034                    /usr/lib/x86_64-linux-gnu/libXcursor.so.1.0.2
7c1bee20a000-7c1bee20c000 r--p 00009000 fc:01 5152034                    /usr/lib/x86_64-linux-gnu/libXcursor.so.1.0.2
7c1bee20c000-7c1bee20d000 r--p 0000a000 fc:01 5152034                    /usr/lib/x86_64-linux-gnu/libXcursor.so.1.0.2
7c1bee20d000-7c1bee20e000 rw-p 0000b000 fc:01 5152034                    /usr/lib/x86_64-linux-gnu/libXcursor.so.1.0.2
7c1bee20e000-7c1bee210000 r--p 00000000 fc:01 5153414                    /usr/lib/x86_64-linux-gnu/libXrender.so.1.3.0
7c1bee210000-7c1bee217000 r-xp 00002000 fc:01 5153414                    /usr/lib/x86_64-linux-gnu/libXrender.so.1.3.0
7c1bee217000-7c1bee218000 r--p 00009000 fc:01 5153414                    /usr/lib/x86_64-linux-gnu/libXrender.so.1.3.0
7c1bee218000-7c1bee219000 r--p 0000a000 fc:01 5153414                    /usr/lib/x86_64-linux-gnu/libXrender.so.1.3.0
7c1bee219000-7c1bee21a000 rw-p 0000b000 fc:01 5153414                    /usr/lib/x86_64-linux-gnu/libXrender.so.1.3.0
7c1bee21a000-7c1bee21c000 r--p 00000000 fc:01 5153541                    /usr/lib/x86_64-linux-gnu/libXrandr.so.2.2.0
7c1bee21c000-7c1bee223000 r-xp 00002000 fc:01 5153541                    /usr/lib/x86_64-linux-gnu/libXrandr.so.2.2.0
7c1bee223000-7c1bee225000 r--p 00009000 fc:01 5153541                    /usr/lib/x86_64-linux-gnu/libXrandr.so.2.2.0
7c1bee225000-7c1bee226000 r--p 0000a000 fc:01 5153541                    /usr/lib/x86_64-linux-gnu/libXrandr.so.2.2.0
7c1bee226000-7c1bee227000 rw-p 0000b000 fc:01 5153541                    /usr/lib/x86_64-linux-gnu/libXrandr.so.2.2.0
7c1bee227000-7c1bee22a000 r--p 00000000 fc:01 5153282                    /usr/lib/x86_64-linux-gnu/libXi.so.6.1.0
7c1bee22a000-7c1bee236000 r-xp 00003000 fc:01 5153282                    /usr/lib/x86_64-linux-gnu/libXi.so.6.1.0
7c1bee236000-7c1bee238000 r--p 0000f000 fc:01 5153282                    /usr/lib/x86_64-linux-gnu/libXi.so.6.1.0
7c1bee238000-7c1bee239000 r--p 00011000 fc:01 5153282                    /usr/lib/x86_64-linux-gnu/libXi.so.6.1.0
7c1bee239000-7c1bee23a000 rw-p 00012000 fc:01 5153282                    /usr/lib/x86_64-linux-gnu/libXi.so.6.1.0
7c1bee23a000-7c1bee23e000 r--p 00000000 fc:01 5151565                    /usr/lib/x86_64-linux-gnu/libXext.so.6.4.0
7c1bee23e000-7c1bee249000 r-xp 00004000 fc:01 5151565                    /usr/lib/x86_64-linux-gnu/libXext.so.6.4.0
7c1bee249000-7c1bee24c000 r--p 0000f000 fc:01 5151565                    /usr/lib/x86_64-linux-gnu/libXext.so.6.4.0
7c1bee24c000-7c1bee24d000 r--p 00011000 fc:01 5151565                    /usr/lib/x86_64-linux-gnu/libXext.so.6.4.0
7c1bee24d000-7c1bee24e000 rw-p 00012000 fc:01 5151565                    /usr/lib/x86_64-linux-gnu/libXext.so.6.4.0
7c1bee24e000-7c1bee24f000 r--p 00000000 fc:01 5153358                    /usr/lib/x86_64-linux-gnu/libXxf86vm.so.1.0.0
7c1bee24f000-7c1bee252000 r-xp 00001000 fc:01 5153358                    /usr/lib/x86_64-linux-gnu/libXxf86vm.so.1.0.0
7c1bee252000-7c1bee253000 r--p 00004000 fc:01 5153358                    /usr/lib/x86_64-linux-gnu/libXxf86vm.so.1.0.0
7c1bee253000-7c1bee254000 r--p 00004000 fc:01 5153358                    /usr/lib/x86_64-linux-gnu/libXxf86vm.so.1.0.0
7c1bee254000-7c1bee255000 rw-p 00005000 fc:01 5153358                    /usr/lib/x86_64-linux-gnu/libXxf86vm.so.1.0.0
7c1bee255000-7c1bee262000 r--p 00000000 fc:01 5153147                    /usr/lib/x86_64-linux-gnu/libxcb.so.1.1.0
7c1bee262000-7c1bee276000 r-xp 0000d000 fc:01 5153147                    /usr/lib/x86_64-linux-gnu/libxcb.so.1.1.0
7c1bee276000-7c1bee27f000 r--p 00021000 fc:01 5153147                    /usr/lib/x86_64-linux-gnu/libxcb.so.1.1.0
7c1bee27f000-7c1bee280000 r--p 0002a000 fc:01 5153147                    /usr/lib/x86_64-linux-gnu/libxcb.so.1.1.0
7c1bee280000-7c1bee281000 rw-p 0002b000 fc:01 5153147                    /usr/lib/x86_64-linux-gnu/libxcb.so.1.1.0
7c1bee281000-7c1bee285000 ---p 00000000 00:00 0 
7c1bee285000-7c1bee381000 rw-p 00000000 00:00 0 
7c1bee381000-7c1bee389000 r--p 00000000 00:35 470                        /tmp/lwjgl_addie/3.3.2-snapshot/x64/libjemalloc.so
7c1bee389000-7c1bee3de000 r-xp 00008000 00:35 470                        /tmp/lwjgl_addie/3.3.2-snapshot/x64/libjemalloc.so
7c1bee3de000-7c1bee3ee000 r--p 0005d000 00:35 470                        /tmp/lwjgl_addie/3.3.2-snapshot/x64/libjemalloc.so
7c1bee3ee000-7c1bee3ef000 ---p 0006d000 00:35 470                        /tmp/lwjgl_addie/3.3.2-snapshot/x64/libjemalloc.so
7c1bee3ef000-7c1bee3f5000 r--p 0006d000 00:35 470                        /tmp/lwjgl_addie/3.3.2-snapshot/x64/libjemalloc.so
7c1bee3f5000-7c1bee3f6000 rw-p 00073000 00:35 470                        /tmp/lwjgl_addie/3.3.2-snapshot/x64/libjemalloc.so
7c1bee3f6000-7c1bee600000 rw-p 00000000 00:00 0 
7c1bee600000-7c1bee61e000 r-xp 00000000 fc:01 4504526                    /home/addie/.var/app/com.jetbrains.IntelliJ-IDEA-Community/cache/JNA/temp/jna16807988401469974946.tmp (deleted)
7c1bee61e000-7c1bee81d000 ---p 0001e000 fc:01 4504526                    /home/addie/.var/app/com.jetbrains.IntelliJ-IDEA-Community/cache/JNA/temp/jna16807988401469974946.tmp (deleted)
7c1bee81d000-7c1bee81e000 rw-p 0001d000 fc:01 4504526                    /home/addie/.var/app/com.jetbrains.IntelliJ-IDEA-Community/cache/JNA/temp/jna16807988401469974946.tmp (deleted)
7c1bee81e000-7c1bee81f000 rw-p 00000000 00:00 0 
7c1bee81f000-7c1bee820000 r--p 00000000 fc:01 5151892                    /usr/lib/x86_64-linux-gnu/libXinerama.so.1.0.0
7c1bee820000-7c1bee821000 r-xp 00001000 fc:01 5151892                    /usr/lib/x86_64-linux-gnu/libXinerama.so.1.0.0
7c1bee821000-7c1bee822000 r--p 00002000 fc:01 5151892                    /usr/lib/x86_64-linux-gnu/libXinerama.so.1.0.0
7c1bee822000-7c1bee823000 r--p 00002000 fc:01 5151892                    /usr/lib/x86_64-linux-gnu/libXinerama.so.1.0.0
7c1bee823000-7c1bee824000 rw-p 00003000 fc:01 5151892                    /usr/lib/x86_64-linux-gnu/libXinerama.so.1.0.0
7c1bee824000-7c1bee832000 r--p 00000000 00:35 471                        /tmp/lwjgl_addie/3.3.2-snapshot/x64/libglfw.so
7c1bee832000-7c1bee850000 r-xp 0000e000 00:35 471                        /tmp/lwjgl_addie/3.3.2-snapshot/x64/libglfw.so
7c1bee850000-7c1bee883000 r--p 0002c000 00:35 471                        /tmp/lwjgl_addie/3.3.2-snapshot/x64/libglfw.so
7c1bee883000-7c1bee884000 ---p 0005f000 00:35 471                        /tmp/lwjgl_addie/3.3.2-snapshot/x64/libglfw.so
7c1bee884000-7c1bee887000 r--p 0005f000 00:35 471                        /tmp/lwjgl_addie/3.3.2-snapshot/x64/libglfw.so
7c1bee887000-7c1bee88a000 rw-p 00062000 00:35 471                        /tmp/lwjgl_addie/3.3.2-snapshot/x64/libglfw.so
7c1bee88a000-7c1bee8ad000 rw-p 00000000 00:00 0 
7c1bee8ad000-7c1bee8d6000 r--p 00000000 00:35 469                        /tmp/lwjgl_addie/3.3.2-snapshot/x64/liblwjgl.so
7c1bee8d6000-7c1bee907000 r-xp 00029000 00:35 469                        /tmp/lwjgl_addie/3.3.2-snapshot/x64/liblwjgl.so
7c1bee907000-7c1bee920000 r--p 0005a000 00:35 469                        /tmp/lwjgl_addie/3.3.2-snapshot/x64/liblwjgl.so
7c1bee920000-7c1bee921000 r--p 00072000 00:35 469                        /tmp/lwjgl_addie/3.3.2-snapshot/x64/liblwjgl.so
7c1bee921000-7c1bee922000 rw-p 00073000 00:35 469                        /tmp/lwjgl_addie/3.3.2-snapshot/x64/liblwjgl.so
7c1bee922000-7c1bee92a000 r--p 00000000 fc:01 5153218                    /usr/lib/x86_64-linux-gnu/libudev.so.1.7.9
7c1bee92a000-7c1bee952000 r-xp 00008000 fc:01 5153218                    /usr/lib/x86_64-linux-gnu/libudev.so.1.7.9
7c1bee952000-7c1bee966000 r--p 00030000 fc:01 5153218                    /usr/lib/x86_64-linux-gnu/libudev.so.1.7.9
7c1bee966000-7c1bee96b000 r--p 00043000 fc:01 5153218                    /usr/lib/x86_64-linux-gnu/libudev.so.1.7.9
7c1bee96b000-7c1bee96c000 rw-p 00048000 fc:01 5153218                    /usr/lib/x86_64-linux-gnu/libudev.so.1.7.9
7c1bee96c000-7c1bee970000 rw-s 00000000 00:06 948                        /dev/nvidiactl
7c1bee970000-7c1bee980000 rw-s 00000000 00:06 953                        /dev/nvidia0
7c1bee980000-7c1bee984000 ---p 00000000 00:00 0 
7c1bee984000-7c1bee9a2000 rw-p 00000000 00:00 0 
7c1bee9a2000-7c1bee9a6000 ---p 00000000 00:00 0 
7c1bee9a6000-7c1beeaa2000 rw-p 00000000 00:00 0 
7c1beeaa2000-7c1beeaa6000 ---p 00000000 00:00 0 
7c1beeaa6000-7c1beeba2000 rw-p 00000000 00:00 0 
7c1beeba2000-7c1beeba6000 ---p 00000000 00:00 0 
7c1beeba6000-7c1beeca2000 rw-p 00000000 00:00 0 
7c1beeca2000-7c1beeca6000 ---p 00000000 00:00 0 
7c1beeca6000-7c1beeda2000 rw-p 00000000 00:00 0 
7c1beeda2000-7c1beeda6000 r--p 00000000 fc:01 5152310                    /usr/lib/x86_64-linux-gnu/libgcc_s.so.1
7c1beeda6000-7c1beedca000 r-xp 00004000 fc:01 5152310                    /usr/lib/x86_64-linux-gnu/libgcc_s.so.1
7c1beedca000-7c1beedce000 r--p 00028000 fc:01 5152310                    /usr/lib/x86_64-linux-gnu/libgcc_s.so.1
7c1beedce000-7c1beedcf000 r--p 0002b000 fc:01 5152310                    /usr/lib/x86_64-linux-gnu/libgcc_s.so.1
7c1beedcf000-7c1beedd0000 rw-p 0002c000 fc:01 5152310                    /usr/lib/x86_64-linux-gnu/libgcc_s.so.1
7c1beedd0000-7c1beedd4000 r--p 00000000 fc:01 5153043                    /usr/lib/x86_64-linux-gnu/libnss_resolve.so.2
7c1beedd4000-7c1beedf4000 r-xp 00004000 fc:01 5153043                    /usr/lib/x86_64-linux-gnu/libnss_resolve.so.2
7c1beedf4000-7c1beedfd000 r--p 00024000 fc:01 5153043                    /usr/lib/x86_64-linux-gnu/libnss_resolve.so.2
7c1beedfd000-7c1beedfe000 r--p 0002d000 fc:01 5153043                    /usr/lib/x86_64-linux-gnu/libnss_resolve.so.2
7c1beedfe000-7c1beedff000 rw-p 0002e000 fc:01 5153043                    /usr/lib/x86_64-linux-gnu/libnss_resolve.so.2
7c1beedff000-7c1beee03000 ---p 00000000 00:00 0 
7c1beee03000-7c1beeeff000 rw-p 00000000 00:00 0 
7c1beeeff000-7c1beef00000 ---p 00000000 00:00 0 
7c1beef00000-7c1bef000000 rw-p 00000000 00:00 0 
7c1bef000000-7c1befd2e000 rw-p 00001000 fc:01 4463260                    /app/extra/idea-IC/jbr/lib/server/classes.jsa
7c1befd2e000-7c1bf0000000 ---p 00000000 00:00 0 
7c1bf0000000-7c1bf0020000 rw-p 00000000 00:00 0 
7c1bf0020000-7c1bf0040000 rw-p 00000000 00:00 0 
7c1bf0040000-7c1bf00c0000 rw-p 00000000 00:00 0 
7c1bf00c0000-7c1bf0140000 rw-p 00000000 00:00 0 
7c1bf0140000-7c1bf01c0000 rw-p 00000000 00:00 0 
7c1bf01c0000-7c1bf0200000 rw-p 00000000 00:00 0 
7c1bf0200000-7c1bf0240000 rw-p 00000000 00:00 0 
7c1bf0240000-7c1bf0280000 rw-p 00000000 00:00 0 
7c1bf0280000-7c1bf0540000 rw-p 00000000 00:00 0 
7c1bf0540000-7c1bf0580000 rw-p 00000000 00:00 0 
7c1bf0580000-7c1bf0a40000 rw-p 00000000 00:00 0 
7c1bf0a40000-7c1bf0a60000 rw-p 00000000 00:00 0 
7c1bf0a60000-7c1bf0a80000 rw-p 00000000 00:00 0 
7c1bf0a80000-7c1bf0ec0000 rw-p 00000000 00:00 0 
7c1bf0ec0000-7c1bf0ee0000 rw-p 00000000 00:00 0 
7c1bf0ee0000-7c1bf0f00000 ---p 00000000 00:00 0 
7c1bf0f00000-7c1bf10a0000 rw-p 00000000 00:00 0 
7c1bf10a0000-7c1c30000000 ---p 00000000 00:00 0 
7c1c30000000-7c1c30048000 rw-p 00000000 00:00 0 
7c1c30048000-7c1c34000000 ---p 00000000 00:00 0 
7c1c34000000-7c1c34021000 rw-p 00000000 00:00 0 
7c1c34021000-7c1c38000000 ---p 00000000 00:00 0 
7c1c38000000-7c1c38021000 rw-p 00000000 00:00 0 
7c1c38021000-7c1c3c000000 ---p 00000000 00:00 0 
7c1c3c000000-7c1c3c0de000 rw-p 00000000 00:00 0 
7c1c3c0de000-7c1c40000000 ---p 00000000 00:00 0 
7c1c40000000-7c1c40194000 rw-p 00000000 00:00 0 
7c1c40194000-7c1c44004000 ---p 00000000 00:00 0 
7c1c44004000-7c1c44100000 rw-p 00000000 00:00 0 
7c1c44100000-7c1c44101000 ---p 00000000 00:00 0 
7c1c44101000-7c1c44201000 rw-p 00000000 00:00 0 
7c1c44201000-7c1c44202000 ---p 00000000 00:00 0 
7c1c44202000-7c1c44302000 rw-p 00000000 00:00 0 
7c1c44302000-7c1c44306000 ---p 00000000 00:00 0 
7c1c44306000-7c1c44402000 rw-p 00000000 00:00 0 
7c1c44402000-7c1c44406000 ---p 00000000 00:00 0 
7c1c44406000-7c1c44502000 rw-p 00000000 00:00 0 
7c1c44502000-7c1c44506000 ---p 00000000 00:00 0 
7c1c44506000-7c1c44602000 rw-p 00000000 00:00 0 
7c1c44602000-7c1c44606000 ---p 00000000 00:00 0 
7c1c44606000-7c1c44702000 rw-p 00000000 00:00 0 
7c1c44702000-7c1c44706000 ---p 00000000 00:00 0 
7c1c44706000-7c1c44802000 rw-p 00000000 00:00 0 
7c1c44802000-7c1c44806000 ---p 00000000 00:00 0 
7c1c44806000-7c1c44902000 rw-p 00000000 00:00 0 
7c1c44902000-7c1c44906000 ---p 00000000 00:00 0 
7c1c44906000-7c1c44a02000 rw-p 00000000 00:00 0 
7c1c44a02000-7c1c44a06000 ---p 00000000 00:00 0 
7c1c44a06000-7c1c44b02000 rw-p 00000000 00:00 0 
7c1c44b02000-7c1c44b06000 ---p 00000000 00:00 0 
7c1c44b06000-7c1c44c02000 rw-p 00000000 00:00 0 
7c1c44c02000-7c1c44c06000 ---p 00000000 00:00 0 
7c1c44c06000-7c1c44d02000 rw-p 00000000 00:00 0 
7c1c44d02000-7c1c44d06000 ---p 00000000 00:00 0 
7c1c44d06000-7c1c44e02000 rw-p 00000000 00:00 0 
7c1c44e02000-7c1c44e06000 ---p 00000000 00:00 0 
7c1c44e06000-7c1c44f02000 rw-p 00000000 00:00 0 
7c1c44f02000-7c1c44f06000 ---p 00000000 00:00 0 
7c1c44f06000-7c1c45002000 rw-p 00000000 00:00 0 
7c1c45002000-7c1c45003000 ---p 00000000 00:00 0 
7c1c45003000-7c1c45103000 rw-p 00000000 00:00 0 
7c1c45103000-7c1c45104000 ---p 00000000 00:00 0 
7c1c45104000-7c1c45204000 rw-p 00000000 00:00 0 
7c1c4531e000-7c1c453fa000 rw-p 00000000 00:00 0 
7c1c453fa000-7c1c453fb000 ---p 00000000 00:00 0 
7c1c453fb000-7c1c454fb000 rw-p 00000000 00:00 0 
7c1c454fb000-7c1c454fc000 ---p 00000000 00:00 0 
7c1c454fc000-7c1c455fc000 rw-p 00000000 00:00 0 
7c1c455fc000-7c1c47a00000 rw-p 00000000 00:00 0 
7c1c47a00000-7c1c47a01000 rw-s 00000000 00:06 948                        /dev/nvidiactl
7c1c47a01000-7c1c47a03000 rw-s 00000000 00:06 948                        /dev/nvidiactl
7c1c47a03000-7c1c47a04000 r--p 00000000 fc:01 5152133                    /usr/lib/x86_64-linux-gnu/libXau.so.6.0.0
7c1c47a04000-7c1c47a06000 r-xp 00001000 fc:01 5152133                    /usr/lib/x86_64-linux-gnu/libXau.so.6.0.0
7c1c47a06000-7c1c47a07000 r--p 00003000 fc:01 5152133                    /usr/lib/x86_64-linux-gnu/libXau.so.6.0.0
7c1c47a07000-7c1c47a08000 r--p 00003000 fc:01 5152133                    /usr/lib/x86_64-linux-gnu/libXau.so.6.0.0
7c1c47a08000-7c1c47a09000 rw-p 00004000 fc:01 5152133                    /usr/lib/x86_64-linux-gnu/libXau.so.6.0.0
7c1c47a09000-7c1c47a0c000 r--p 00000000 fc:01 5152845                    /usr/lib/x86_64-linux-gnu/libcap.so.2.75
7c1c47a0c000-7c1c47a12000 r-xp 00003000 fc:01 5152845                    /usr/lib/x86_64-linux-gnu/libcap.so.2.75
7c1c47a12000-7c1c47a14000 r--p 00009000 fc:01 5152845                    /usr/lib/x86_64-linux-gnu/libcap.so.2.75
7c1c47a14000-7c1c47a15000 r--p 0000a000 fc:01 5152845                    /usr/lib/x86_64-linux-gnu/libcap.so.2.75
7c1c47a15000-7c1c47a16000 rw-p 0000b000 fc:01 5152845                    /usr/lib/x86_64-linux-gnu/libcap.so.2.75
7c1c47a16000-7c1c47a17000 rw-s 00000000 00:06 953                        /dev/nvidia0
7c1c47a17000-7c1c47a18000 rw-s 00000000 00:06 948                        /dev/nvidiactl
7c1c47a18000-7c1c47a19000 rw-s 00000000 00:06 948                        /dev/nvidiactl
7c1c47a19000-7c1c47a1a000 rw-s 00000000 00:06 948                        /dev/nvidiactl
7c1c47a1a000-7c1c47a1e000 r--p 00000000 fc:01 4463106                    /app/extra/idea-IC/jbr/lib/libverify.so
7c1c47a1e000-7c1c47a25000 r-xp 00004000 fc:01 4463106                    /app/extra/idea-IC/jbr/lib/libverify.so
7c1c47a25000-7c1c47a27000 r--p 0000b000 fc:01 4463106                    /app/extra/idea-IC/jbr/lib/libverify.so
7c1c47a27000-7c1c47a29000 r--p 0000c000 fc:01 4463106                    /app/extra/idea-IC/jbr/lib/libverify.so
7c1c47a29000-7c1c47a2a000 rw-p 00000000 00:00 0 
7c1c47a2a000-7c1c47a2b000 ---p 00000000 00:00 0 
7c1c47a2b000-7c1c47b2b000 rw-p 00000000 00:00 0 
7c1c47b2b000-7c1c47b2c000 ---p 00000000 00:00 0 
7c1c47b2c000-7c1c47c2c000 rw-p 00000000 00:00 0 
7c1c47c2c000-7c1c47c2d000 ---p 00000000 00:00 0 
7c1c47c2d000-7c1c47d2d000 rw-p 00000000 00:00 0 
7c1c47d2d000-7c1c496b5000 rw-p 00000000 00:00 0 
7c1c496b5000-7c1c4b8cd000 ---p 00000000 00:00 0 
7c1c4b8cd000-7c1c4be9e000 rw-p 00000000 00:00 0 
7c1c4be9e000-7c1c4c2e1000 ---p 00000000 00:00 0 
7c1c4c2e1000-7c1c4c666000 rw-p 00000000 00:00 0 
7c1c4c666000-7c1c4caa9000 ---p 00000000 00:00 0 
7c1c4caa9000-7c1c4ce00000 rw-p 00000000 00:00 0 
7c1c4ce00000-7c1c4e770000 rwxp 00000000 00:00 0 
7c1c4e770000-7c1c54337000 ---p 00000000 00:00 0 
7c1c54337000-7c1c54687000 rwxp 00000000 00:00 0 
7c1c54687000-7c1c548c8000 ---p 00000000 00:00 0 
7c1c548c8000-7c1c556a8000 rwxp 00000000 00:00 0 
7c1c556a8000-7c1c5be00000 ---p 00000000 00:00 0 
7c1c5be00000-7c1c5fe63000 r--s 00000000 fc:01 4463245                    /app/extra/idea-IC/jbr/lib/modules
7c1c5fe63000-7c1c5fe64000 rw-s 00000000 00:06 948                        /dev/nvidiactl
7c1c5fe64000-7c1c5fe65000 rw-s 00044000 00:01 3081                       /memfd:/.nvidia_drv.XXXXXX (deleted)
7c1c5fe65000-7c1c5fe66000 r--s 00000000 00:06 948                        /dev/nvidiactl
7c1c5fe66000-7c1c5fe67000 r--p 00000000 fc:01 4463228                    /app/extra/idea-IC/jbr/lib/libextnet.so
7c1c5fe67000-7c1c5fe68000 r-xp 00001000 fc:01 4463228                    /app/extra/idea-IC/jbr/lib/libextnet.so
7c1c5fe68000-7c1c5fe69000 r--p 00002000 fc:01 4463228                    /app/extra/idea-IC/jbr/lib/libextnet.so
7c1c5fe69000-7c1c5fe6a000 r--p 00002000 fc:01 4463228                    /app/extra/idea-IC/jbr/lib/libextnet.so
7c1c5fe6a000-7c1c5fe6b000 rw-p 00000000 00:00 0 
7c1c5fe6b000-7c1c5fe6e000 r--p 00000000 fc:01 4463248                    /app/extra/idea-IC/jbr/lib/libnet.so
7c1c5fe6e000-7c1c5fe76000 r-xp 00003000 fc:01 4463248                    /app/extra/idea-IC/jbr/lib/libnet.so
7c1c5fe76000-7c1c5fe78000 r--p 0000b000 fc:01 4463248                    /app/extra/idea-IC/jbr/lib/libnet.so
7c1c5fe78000-7c1c5fe79000 ---p 0000d000 fc:01 4463248                    /app/extra/idea-IC/jbr/lib/libnet.so
7c1c5fe79000-7c1c5fe7a000 r--p 0000d000 fc:01 4463248                    /app/extra/idea-IC/jbr/lib/libnet.so
7c1c5fe7a000-7c1c63ffe000 rw-p 00000000 00:00 0 
7c1c63ffe000-7c1c64000000 ---p 00000000 00:00 0 
7c1c64000000-7c1c64001000 r-xp 00058000 00:35 469                        /tmp/lwjgl_addie/3.3.2-snapshot/x64/liblwjgl.so
7c1c64001000-7c1c64002000 rw-p 00000000 00:00 0 
7c1c64002000-7c1c64004000 r--p 00000000 fc:01 4463096                    /app/extra/idea-IC/jbr/lib/libmanagement_ext.so
7c1c64004000-7c1c64007000 r-xp 00002000 fc:01 4463096                    /app/extra/idea-IC/jbr/lib/libmanagement_ext.so
7c1c64007000-7c1c64008000 r--p 00005000 fc:01 4463096                    /app/extra/idea-IC/jbr/lib/libmanagement_ext.so
7c1c64008000-7c1c64009000 ---p 00006000 fc:01 4463096                    /app/extra/idea-IC/jbr/lib/libmanagement_ext.so
7c1c64009000-7c1c6400a000 r--p 00006000 fc:01 4463096                    /app/extra/idea-IC/jbr/lib/libmanagement_ext.so
7c1c6400a000-7c1c6400b000 rw-p 00000000 00:00 0 
7c1c6400b000-7c1c64012000 r--p 00000000 fc:01 4463268                    /app/extra/idea-IC/jbr/lib/libnio.so
7c1c64012000-7c1c6401b000 r-xp 00007000 fc:01 4463268                    /app/extra/idea-IC/jbr/lib/libnio.so
7c1c6401b000-7c1c6401f000 r--p 00010000 fc:01 4463268                    /app/extra/idea-IC/jbr/lib/libnio.so
7c1c6401f000-7c1c64020000 ---p 00014000 fc:01 4463268                    /app/extra/idea-IC/jbr/lib/libnio.so
7c1c64020000-7c1c64021000 r--p 00014000 fc:01 4463268                    /app/extra/idea-IC/jbr/lib/libnio.so
7c1c64021000-7c1c64022000 rw-p 00015000 fc:01 4463268                    /app/extra/idea-IC/jbr/lib/libnio.so
7c1c64022000-7c1c64023000 r--p 00000000 fc:01 4463274                    /app/extra/idea-IC/jbr/lib/libdt_socket.so
7c1c64023000-7c1c64026000 r-xp 00001000 fc:01 4463274                    /app/extra/idea-IC/jbr/lib/libdt_socket.so
7c1c64026000-7c1c64027000 r--p 00004000 fc:01 4463274                    /app/extra/idea-IC/jbr/lib/libdt_socket.so
7c1c64027000-7c1c64028000 ---p 00005000 fc:01 4463274                    /app/extra/idea-IC/jbr/lib/libdt_socket.so
7c1c64028000-7c1c64029000 r--p 00005000 fc:01 4463274                    /app/extra/idea-IC/jbr/lib/libdt_socket.so
7c1c64029000-7c1c6402a000 rw-p 00006000 fc:01 4463274                    /app/extra/idea-IC/jbr/lib/libdt_socket.so
7c1c6402a000-7c1c64046000 rw-p 00000000 00:00 0 
7c1c64046000-7c1c64115000 ---p 00000000 00:00 0 
7c1c64115000-7c1c64148000 rw-p 00000000 00:00 0 
7c1c64148000-7c1c64200000 ---p 00000000 00:00 0 
7c1c64200000-7c1c64478000 r--p 00000000 fc:01 3691275                    /usr/lib/locale/en_US.utf8/LC_COLLATE
7c1c64478000-7c1c64479000 rw-p 00000000 00:00 0 
7c1c64479000-7c1c6447b000 r--p 00000000 fc:01 4463255                    /app/extra/idea-IC/jbr/lib/libmanagement.so
7c1c6447b000-7c1c6447c000 r-xp 00002000 fc:01 4463255                    /app/extra/idea-IC/jbr/lib/libmanagement.so
7c1c6447c000-7c1c6447d000 r--p 00003000 fc:01 4463255                    /app/extra/idea-IC/jbr/lib/libmanagement.so
7c1c6447d000-7c1c6447e000 r--p 00003000 fc:01 4463255                    /app/extra/idea-IC/jbr/lib/libmanagement.so
7c1c6447e000-7c1c64486000 rw-p 00000000 00:00 0 
7c1c64486000-7c1c6448b000 ---p 00000000 00:00 0 
7c1c6448b000-7c1c64492000 r--s 00111000 fc:01 4462877                    /app/extra/idea-IC/plugins/java/lib/rt/debugger-agent.jar
7c1c64492000-7c1c64494000 r--p 00000000 fc:01 4463229                    /app/extra/idea-IC/jbr/lib/libzip.so
7c1c64494000-7c1c64498000 r-xp 00002000 fc:01 4463229                    /app/extra/idea-IC/jbr/lib/libzip.so
7c1c64498000-7c1c6449a000 r--p 00006000 fc:01 4463229                    /app/extra/idea-IC/jbr/lib/libzip.so
7c1c6449a000-7c1c6449b000 r--p 00007000 fc:01 4463229                    /app/extra/idea-IC/jbr/lib/libzip.so
7c1c6449b000-7c1c6449c000 rw-p 00000000 00:00 0 
7c1c6449c000-7c1c644a4000 rw-s 00000000 00:35 510                        /tmp/hsperfdata_addie/1718
7c1c644a4000-7c1c644fd000 r--p 00000000 fc:01 3679967                    /usr/lib/locale/en_US.utf8/LC_CTYPE
7c1c644fd000-7c1c644fe000 r--p 00000000 fc:01 3677950                    /usr/lib/locale/en_US.utf8/LC_NUMERIC
7c1c644fe000-7c1c644ff000 r--p 00000000 fc:01 3684131                    /usr/lib/locale/en_US.utf8/LC_TIME
7c1c644ff000-7c1c64500000 r--p 00000000 fc:01 3681590                    /usr/lib/locale/en_US.utf8/LC_MONETARY
7c1c64500000-7c1c64504000 ---p 00000000 00:00 0 
7c1c64504000-7c1c64600000 rw-p 00000000 00:00 0 
7c1c64600000-7c1c648a3000 r--p 00000000 fc:01 4463259                    /app/extra/idea-IC/jbr/lib/server/libjvm.so
7c1c648a3000-7c1c65711000 r-xp 002a3000 fc:01 4463259                    /app/extra/idea-IC/jbr/lib/server/libjvm.so
7c1c65711000-7c1c659f7000 r--p 01111000 fc:01 4463259                    /app/extra/idea-IC/jbr/lib/server/libjvm.so
7c1c659f7000-7c1c659f8000 ---p 013f7000 fc:01 4463259                    /app/extra/idea-IC/jbr/lib/server/libjvm.so
7c1c659f8000-7c1c65acc000 r--p 013f7000 fc:01 4463259                    /app/extra/idea-IC/jbr/lib/server/libjvm.so
7c1c65acc000-7c1c65afc000 rw-p 014cb000 fc:01 4463259                    /app/extra/idea-IC/jbr/lib/server/libjvm.so
7c1c65afc000-7c1c65b72000 rw-p 00000000 00:00 0 
7c1c65b72000-7c1c65b73000 r--p 00000000 fc:01 3685605                    /usr/lib/locale/en_US.utf8/LC_MESSAGES/SYS_LC_MESSAGES
7c1c65b73000-7c1c65b74000 r--p 00000000 fc:01 3687416                    /usr/lib/locale/en_US.utf8/LC_PAPER
7c1c65b74000-7c1c65b75000 r--p 00000000 fc:01 3677006                    /usr/lib/locale/en_US.utf8/LC_NAME
7c1c65b75000-7c1c65b7c000 r--s 00000000 fc:01 3684190                    /usr/lib/x86_64-linux-gnu/gconv/gconv-modules.cache
7c1c65b7c000-7c1c65b89000 r--p 00000000 fc:01 4463246                    /app/extra/idea-IC/jbr/lib/libjava.so
7c1c65b89000-7c1c65b97000 r-xp 0000d000 fc:01 4463246                    /app/extra/idea-IC/jbr/lib/libjava.so
7c1c65b97000-7c1c65b9c000 r--p 0001b000 fc:01 4463246                    /app/extra/idea-IC/jbr/lib/libjava.so
7c1c65b9c000-7c1c65b9d000 ---p 00020000 fc:01 4463246                    /app/extra/idea-IC/jbr/lib/libjava.so
7c1c65b9d000-7c1c65b9e000 r--p 00020000 fc:01 4463246                    /app/extra/idea-IC/jbr/lib/libjava.so
7c1c65b9e000-7c1c65b9f000 rw-p 00021000 fc:01 4463246                    /app/extra/idea-IC/jbr/lib/libjava.so
7c1c65b9f000-7c1c65ba0000 rw-p 00000000 00:00 0 
7c1c65ba0000-7c1c65ba3000 r--p 00000000 fc:01 4463235                    /app/extra/idea-IC/jbr/lib/libjdwp.so
7c1c65ba3000-7c1c65bd2000 r-xp 00003000 fc:01 4463235                    /app/extra/idea-IC/jbr/lib/libjdwp.so
7c1c65bd2000-7c1c65be1000 r--p 00032000 fc:01 4463235                    /app/extra/idea-IC/jbr/lib/libjdwp.so
7c1c65be1000-7c1c65be2000 r--p 00040000 fc:01 4463235                    /app/extra/idea-IC/jbr/lib/libjdwp.so
7c1c65be2000-7c1c65be3000 rw-p 00041000 fc:01 4463235                    /app/extra/idea-IC/jbr/lib/libjdwp.so
7c1c65be3000-7c1c65be4000 rw-p 00000000 00:00 0 
7c1c65be4000-7c1c65be7000 r--p 00000000 fc:01 4463109                    /app/extra/idea-IC/jbr/lib/libjimage.so
7c1c65be7000-7c1c65bfb000 r-xp 00003000 fc:01 4463109                    /app/extra/idea-IC/jbr/lib/libjimage.so
7c1c65bfb000-7c1c65c01000 r--p 00017000 fc:01 4463109                    /app/extra/idea-IC/jbr/lib/libjimage.so
7c1c65c01000-7c1c65c03000 r--p 0001c000 fc:01 4463109                    /app/extra/idea-IC/jbr/lib/libjimage.so
7c1c65c03000-7c1c65c04000 rw-p 0001e000 fc:01 4463109                    /app/extra/idea-IC/jbr/lib/libjimage.so
7c1c65c04000-7c1c65c14000 r--p 00000000 fc:01 5153491                    /usr/lib/x86_64-linux-gnu/libm.so.6
7c1c65c14000-7c1c65c95000 r-xp 00010000 fc:01 5153491                    /usr/lib/x86_64-linux-gnu/libm.so.6
7c1c65c95000-7c1c65cf1000 r--p 00091000 fc:01 5153491                    /usr/lib/x86_64-linux-gnu/libm.so.6
7c1c65cf1000-7c1c65cf2000 r--p 000ec000 fc:01 5153491                    /usr/lib/x86_64-linux-gnu/libm.so.6
7c1c65cf2000-7c1c65cf3000 rw-p 000ed000 fc:01 5153491                    /usr/lib/x86_64-linux-gnu/libm.so.6
7c1c65cf3000-7c1c65cf4000 r--p 00000000 fc:01 5151579                    /usr/lib/x86_64-linux-gnu/librt.so.1
7c1c65cf4000-7c1c65cf5000 r-xp 00001000 fc:01 5151579                    /usr/lib/x86_64-linux-gnu/librt.so.1
7c1c65cf5000-7c1c65cf6000 r--p 00002000 fc:01 5151579                    /usr/lib/x86_64-linux-gnu/librt.so.1
7c1c65cf6000-7c1c65cf7000 r--p 00002000 fc:01 5151579                    /usr/lib/x86_64-linux-gnu/librt.so.1
7c1c65cf7000-7c1c65cf8000 rw-p 00003000 fc:01 5151579                    /usr/lib/x86_64-linux-gnu/librt.so.1
7c1c65cf8000-7c1c65cfa000 rw-p 00000000 00:00 0 
7c1c65cfa000-7c1c65d22000 r--p 00000000 fc:01 5152562                    /usr/lib/x86_64-linux-gnu/libc.so.6
7c1c65d22000-7c1c65e97000 r-xp 00028000 fc:01 5152562                    /usr/lib/x86_64-linux-gnu/libc.so.6
7c1c65e97000-7c1c65ee6000 r--p 0019d000 fc:01 5152562                    /usr/lib/x86_64-linux-gnu/libc.so.6
7c1c65ee6000-7c1c65eea000 r--p 001eb000 fc:01 5152562                    /usr/lib/x86_64-linux-gnu/libc.so.6
7c1c65eea000-7c1c65eec000 rw-p 001ef000 fc:01 5152562                    /usr/lib/x86_64-linux-gnu/libc.so.6
7c1c65eec000-7c1c65ef9000 rw-p 00000000 00:00 0 
7c1c65ef9000-7c1c65efa000 r--p 00000000 fc:01 5151863                    /usr/lib/x86_64-linux-gnu/libdl.so.2
7c1c65efa000-7c1c65efb000 r-xp 00001000 fc:01 5151863                    /usr/lib/x86_64-linux-gnu/libdl.so.2
7c1c65efb000-7c1c65efc000 r--p 00002000 fc:01 5151863                    /usr/lib/x86_64-linux-gnu/libdl.so.2
7c1c65efc000-7c1c65efd000 r--p 00002000 fc:01 5151863                    /usr/lib/x86_64-linux-gnu/libdl.so.2
7c1c65efd000-7c1c65efe000 rw-p 00003000 fc:01 5151863                    /usr/lib/x86_64-linux-gnu/libdl.so.2
7c1c65efe000-7c1c65eff000 r--p 00000000 fc:01 5153244                    /usr/lib/x86_64-linux-gnu/libpthread.so.0
7c1c65eff000-7c1c65f00000 r-xp 00001000 fc:01 5153244                    /usr/lib/x86_64-linux-gnu/libpthread.so.0
7c1c65f00000-7c1c65f01000 r--p 00002000 fc:01 5153244                    /usr/lib/x86_64-linux-gnu/libpthread.so.0
7c1c65f01000-7c1c65f02000 r--p 00002000 fc:01 5153244                    /usr/lib/x86_64-linux-gnu/libpthread.so.0
7c1c65f02000-7c1c65f03000 rw-p 00003000 fc:01 5153244                    /usr/lib/x86_64-linux-gnu/libpthread.so.0
7c1c65f03000-7c1c65f05000 r--p 00000000 fc:01 4463102                    /app/extra/idea-IC/jbr/lib/libjli.so
7c1c65f05000-7c1c65f0f000 r-xp 00002000 fc:01 4463102                    /app/extra/idea-IC/jbr/lib/libjli.so
7c1c65f0f000-7c1c65f12000 r--p 0000c000 fc:01 4463102                    /app/extra/idea-IC/jbr/lib/libjli.so
7c1c65f12000-7c1c65f13000 ---p 0000f000 fc:01 4463102                    /app/extra/idea-IC/jbr/lib/libjli.so
7c1c65f13000-7c1c65f14000 r--p 0000f000 fc:01 4463102                    /app/extra/idea-IC/jbr/lib/libjli.so
7c1c65f14000-7c1c65f15000 rw-p 00010000 fc:01 4463102                    /app/extra/idea-IC/jbr/lib/libjli.so
7c1c65f15000-7c1c65f18000 r--p 00000000 fc:01 5151605                    /usr/lib/x86_64-linux-gnu/libz.so.1.3.1
7c1c65f18000-7c1c65f27000 r-xp 00003000 fc:01 5151605                    /usr/lib/x86_64-linux-gnu/libz.so.1.3.1
7c1c65f27000-7c1c65f2d000 r--p 00012000 fc:01 5151605                    /usr/lib/x86_64-linux-gnu/libz.so.1.3.1
7c1c65f2d000-7c1c65f2e000 r--p 00018000 fc:01 5151605                    /usr/lib/x86_64-linux-gnu/libz.so.1.3.1
7c1c65f2e000-7c1c65f2f000 rw-p 00019000 fc:01 5151605                    /usr/lib/x86_64-linux-gnu/libz.so.1.3.1
7c1c65f2f000-7c1c65f30000 r--p 00000000 fc:01 3688353                    /usr/lib/locale/en_US.utf8/LC_ADDRESS
7c1c65f30000-7c1c65f31000 r--p 00000000 fc:01 3681723                    /usr/lib/locale/en_US.utf8/LC_TELEPHONE
7c1c65f31000-7c1c65f32000 r--p 00000000 fc:01 3688508                    /usr/lib/locale/en_US.utf8/LC_MEASUREMENT
7c1c65f32000-7c1c65f33000 r--p 00000000 fc:01 3685090                    /usr/lib/locale/en_US.utf8/LC_IDENTIFICATION
7c1c65f33000-7c1c65f35000 r--p 00000000 fc:01 4463116                    /app/extra/idea-IC/jbr/lib/libinstrument.so
7c1c65f35000-7c1c65f3b000 r-xp 00002000 fc:01 4463116                    /app/extra/idea-IC/jbr/lib/libinstrument.so
7c1c65f3b000-7c1c65f3e000 r--p 00008000 fc:01 4463116                    /app/extra/idea-IC/jbr/lib/libinstrument.so
7c1c65f3e000-7c1c65f3f000 r--p 0000a000 fc:01 4463116                    /app/extra/idea-IC/jbr/lib/libinstrument.so
7c1c65f3f000-7c1c65f40000 rw-p 0000b000 fc:01 4463116                    /app/extra/idea-IC/jbr/lib/libinstrument.so
7c1c65f40000-7c1c65f41000 ---p 00000000 00:00 0 
7c1c65f41000-7c1c65f42000 r--p 00000000 00:00 0 
7c1c65f42000-7c1c65f43000 ---p 00000000 00:00 0 
7c1c65f43000-7c1c65f45000 rw-p 00000000 00:00 0 
7c1c65f45000-7c1c65f49000 r--p 00000000 00:00 0                          [vvar]
7c1c65f49000-7c1c65f4b000 r-xp 00000000 00:00 0                          [vdso]
7c1c65f4b000-7c1c65f4c000 r--p 00000000 fc:01 5152579                    /usr/lib/x86_64-linux-gnu/ld-linux-x86-64.so.2
7c1c65f4c000-7c1c65f75000 r-xp 00001000 fc:01 5152579                    /usr/lib/x86_64-linux-gnu/ld-linux-x86-64.so.2
7c1c65f75000-7c1c65f7f000 r--p 0002a000 fc:01 5152579                    /usr/lib/x86_64-linux-gnu/ld-linux-x86-64.so.2
7c1c65f7f000-7c1c65f81000 r--p 00034000 fc:01 5152579                    /usr/lib/x86_64-linux-gnu/ld-linux-x86-64.so.2
7c1c65f81000-7c1c65f83000 rw-p 00036000 fc:01 5152579                    /usr/lib/x86_64-linux-gnu/ld-linux-x86-64.so.2
7ffe200c3000-7ffe200e5000 rw-p 00000000 00:00 0                          [stack]
ffffffffff600000-ffffffffff601000 --xp 00000000 00:00 0                  [vsyscall]
Total number of mappings: 737


VM Arguments:
jvm_args: -Ddebugger.agent.enable.coroutines=true -Dfabric.dli.config=/media/addie/DECE-9D82/spartanexteriors/.gradle/loom-cache/launch.cfg -Dfabric.dli.env=client -Dfabric.dli.main=net.fabricmc.loader.impl.launch.knot.KnotClient -Dkotlinx.coroutines.debug.enable.creation.stack.trace=false -Dkotlinx.coroutines.debug.enable.flows.stack.trace=true -Dkotlinx.coroutines.debug.enable.mutable.state.flows.stack.trace=true -agentlib:jdwp=transport=dt_socket,server=n,suspend=y,address=127.0.0.1:38841 -javaagent:/app/extra/idea-IC/plugins/java/lib/rt/debugger-agent.jar=file:///tmp/capture12161397997085416451.props -javaagent:/home/addie/.gradle/caches/modules-2/files-2.1/org.jetbrains.kotlinx/kotlinx-coroutines-core-jvm/1.8.0/ac1dc37a30a93150b704022f8d895ee1bd3a36b3/kotlinx-coroutines-core-jvm-1.8.0.jar -Dfile.encoding=UTF-8 -Duser.country=US -Duser.language=en -Duser.variant -ea -Dawt.toolkit.name=XToolkit 
java_command: net.fabricmc.devlaunchinjector.Main
java_class_path (initial): /media/addie/DECE-9D82/spartanexteriors/build/classes/java/main:/media/addie/DECE-9D82/spartanexteriors/build/resources/main:/home/addie/.gradle/caches/fabric-loom/1.20.1/net.fabricmc.yarn.1_20_1.1.20.1+build.10-v2/mappings.jar:/home/addie/.gradle/caches/modules-2/files-2.1/net.objecthunter/exp4j/0.4.8/cf1cfc0f958077d86ac7452c7e36d944689b2ec4/exp4j-0.4.8.jar:/home/addie/.gradle/caches/modules-2/files-2.1/org.ow2.asm/asm/9.8/dc19ecb3f7889b7860697215cae99c0f9b6f6b4b/asm-9.8.jar:/home/addie/.gradle/caches/modules-2/files-2.1/org.ow2.asm/asm-analysis/9.8/b9747a320844b6cb1eacd90d8ecfd260a16c01d3/asm-analysis-9.8.jar:/home/addie/.gradle/caches/modules-2/files-2.1/org.ow2.asm/asm-commons/9.8/36e4d212970388e5bd2c5180292012502df461bb/asm-commons-9.8.jar:/home/addie/.gradle/caches/modules-2/files-2.1/org.ow2.asm/asm-tree/9.8/18419ca5b77a2f81097c741e7872e6ab8d2f40d/asm-tree-9.8.jar:/home/addie/.gradle/caches/modules-2/files-2.1/org.ow2.asm/asm-util/9.8/395f1c1f035258511f27bc9b2583d76e4b143f59/asm-util-9.8.jar:/home/addie/.gradle/caches/modules-2/files-2.1/net.fabricmc/sponge-mixin/0.15.5+mixin.0.8.7/22f9eb729e216a091673a574a5906dc1b9027fb3/sponge-mixin-0.15.5+mixin.0.8.7.jar:/home/addie/.gradle/caches/modules-2/files-2.1/io.github.llamalad7/mixinextras-fabric/0.4.1/8d1a9e96afb990367fa1f904d17580d164da72e3/mixinextras-fabric-0.4.1.jar:/home/addie/.gradle/caches/modules-2/files-2.1/net.fabricmc/dev-launch-injector/0.2.1+build.8/da8bef7e6e2f952da707f282bdb46882a0fce5e3/dev-launch-injector-0.2.1+build.8.jar:/home/addie/.gradle/caches/modules-2/files-2.1/net.minecrell/terminalconsoleappender/1.3.0/b562e9bb61235c9520e26282cdee71f8f802d1fc/terminalconsoleappender-1.3.0.jar:/home/addie/.gradle/caches/modules-2/files-2.1/com.github.oshi/oshi-core/6.2.2/54f5efc19bca95d709d9a37d19ffcbba3d21c1a6/oshi-core-6.2.2.jar:/home/addie/.gradle/caches/modules-2/files-2.1/com.google.code.gson/gson/2.10.1/b3add478d4382b78ea20b1671390a858002feb6c/gson-2.10.1.jar:/home/addie/.gradle/caches/modules-2/files-2.1/com.google.guava/failureaccess/1.0.1/1dcf1de382a0bf95a3d8b0849546c88bac1292c9/failureaccess-1.0.1.jar:/home/addie/.gradle/caches/modules-2/files-2.1/com.google.guava/guava/31.1-jre/60458f877d055d0c9114d9e1a2efb737b4bc282c/guava-31.1-jre.jar:/home/addie/.gradle/caches/modules-2/files-2.1/com.ibm.icu/icu4j/71.1/9e7d3304c23f9ba5cb71915f7cce23231a57a445/icu4j-71.1.jar:/home/addie/.gradle/caches/modules-2/files-2.1/com.mojang/authlib/4.0.43/2ff9d747a77570a07a60d32ac77eb6162ad2a2d9/authlib-4.0.43.jar:/home/addie/.gradle/caches/modules-2/files-2.1/com.mojang/blocklist/1.0.10/5c685c5ffa94c4cd39496c7184c1d122e515ecef/blocklist-1.0.10.jar:/home/addie/.gradle/caches/modules-2/files-2.1/com.mojang/brigadier/1.1.8/5244ce82c3337bba4a196a3ce858bfaecc74404a/brigadier-1.1.8.jar:/home/addie/.gradle/caches/modules-2/files-2.1/com.mojang/datafixerupper/6.0.8/3ba4a30557a9b057760af4011f909ba619fc5125/datafixerupper-6.0.8.jar:/home/addie/.gradle/caches/modules-2/files-2.1/com.mojang/logging/1.1.1/832b8e6674a9b325a5175a3a6267dfaf34c85139/logging-1.1.1.jar:/home/addie/.gradle/caches/modules-2/files-2.1/com.mojang/patchy/2.2.10/da05971b07cbb379d002cf7eaec6a2048211fefc/patchy-2.2.10.jar:/home/addie/.gradle/caches/modules-2/files-2.1/com.mojang/text2speech/1.17.9/3cad216e3a7f0c19b4b394388bc9ffc446f13b14/text2speech-1.17.9.jar:/home/addie/.gradle/caches/modules-2/files-2.1/commons-codec/commons-codec/1.15/49d94806b6e3dc933dacbd8acb0fdbab8ebd1e5d/commons-codec-1.15.jar:/home/addie/.gradle/caches/modules-2/files-2.1/commons-io/commons-io/2.11.0/a2503f302b11ebde7ebc3df41daebe0e4eea3689/commons-io-2.11.0.jar:/home/addie/.gradle/caches/modules-2/files-2.1/commons-logging/commons-logging/1.2/4bfc12adfe4842bf07b657f0369c4cb522955686/commons-logging-1.2.jar:/home/addie/.gradle/caches/modules-2/files-2.1/io.netty/netty-buffer/4.1.82.Final/a544270cf1ae8b8077082f5036436a9a9971ea71/netty-buffer-4.1.82.Final.jar:/home/addie/.gradle/caches/modules-2/files-2.1/io.netty/netty-codec/4.1.82.Final/b77200379acb345a9ffdece1c605e591ac3e4e0a/netty-codec-4.1.82.Final.jar:/home/addie/.gradle/caches/modules-2/files-2.1/io.netty/netty-common/4.1.82.Final/22d148e85c3f5ebdacc0ce1f5aabb1d420f73f3/netty-common-4.1.82.Final.jar:/home/addie/.gradle/caches/modules-2/files-2.1/io.netty/netty-handler/4.1.82.Final/644041d1fa96a5d3130a29e8978630d716d76e38/netty-handler-4.1.82.Final.jar:/home/addie/.gradle/caches/modules-2/files-2.1/io.netty/netty-resolver/4.1.82.Final/38f665ae8dcd29032eea31245ba7806bed2e0fa8/netty-resolver-4.1.82.Final.jar:/home/addie/.gradle/caches/modules-2/files-2.1/io.netty/netty-transport-classes-epoll/4.1.82.Final/e7c7dd18deac93105797f30057c912651ea76521/netty-transport-classes-epoll-4.1.82.Final.jar:/home/addie/.gradle/caches/modules-2/files-2.1/io.netty/netty-transport-native-epoll/4.1.82.Final/476409d6255001ca53a55f65b01c13822f8dc93a/netty-transport-native-epoll-4.1.82.Final-linux-aarch_64.jar:/home/addie/.gradle/caches/modules-2/files-2.1/io.netty/netty-transport-native-epoll/4.1.82.Final/c7350a71920f3ae9142945e25fed4846cce53374/netty-transport-native-epoll-4.1.82.Final-linux-x86_64.jar:/home/addie/.gradle/caches/modules-2/files-2.1/io.netty/netty-transport-native-unix-common/4.1.82.Final/3e895b35ca1b8a0eca56cacff4c2dde5d2c6abce/netty-transport-native-unix-common-4.1.82.Final.jar:/home/addie/.gradle/caches/modules-2/files-2.1/io.netty/netty-transport/4.1.82.Final/e431a218d91acb6476ccad5f5aafde50aa3945ca/netty-transport-4.1.82.Final.jar:/home/addie/.gradle/caches/modules-2/files-2.1/it.unimi.dsi/fastutil/8.5.9/bb7ea75ecdb216654237830b3a96d87ad91f8cc5/fastutil-8.5.9.jar:/home/addie/.gradle/caches/modules-2/files-2.1/net.java.dev.jna/jna-platform/5.12.1/97406a297c852f4a41e688a176ec675f72e8329/jna-platform-5.12.1.jar:/home/addie/.gradle/caches/modules-2/files-2.1/net.java.dev.jna/jna/5.12.1/b1e93a735caea94f503e95e6fe79bf9cdc1e985d/jna-5.12.1.jar:/home/addie/.gradle/caches/modules-2/files-2.1/net.sf.jopt-simple/jopt-simple/5.0.4/4fdac2fbe92dfad86aa6e9301736f6b4342a3f5c/jopt-simple-5.0.4.jar:/home/addie/.gradle/caches/modules-2/files-2.1/org.apache.commons/commons-compress/1.21/4ec95b60d4e86b5c95a0e919cb172a0af98011ef/commons-compress-1.21.jar:/home/addie/.gradle/caches/modules-2/files-2.1/org.apache.commons/commons-lang3/3.12.0/c6842c86792ff03b9f1d1fe2aab8dc23aa6c6f0e/commons-lang3-3.12.0.jar:/home/addie/.gradle/caches/modules-2/files-2.1/org.apache.httpcomponents/httpclient/4.5.13/e5f6cae5ca7ecaac1ec2827a9e2d65ae2869cada/httpclient-4.5.13.jar:/home/addie/.gradle/caches/modules-2/files-2.1/org.apache.httpcomponents/httpcore/4.4.15/7f2e0c573eaa7a74bac2e89b359e1f73d92a0a1d/httpcore-4.4.15.jar:/home/addie/.gradle/caches/modules-2/files-2.1/org.apache.logging.log4j/log4j-core/2.19.0/3b6eeb4de4c49c0fe38a4ee27188ff5fee44d0bb/log4j-core-2.19.0.jar:/home/addie/.gradle/caches/modules-2/files-2.1/org.apache.logging.log4j/log4j-api/2.19.0/ea1b37f38c327596b216542bc636cfdc0b8036fa/log4j-api-2.19.0.jar:/home/addie/.gradle/caches/modules-2/files-2.1/org.apache.logging.log4j/log4j-slf4j2-impl/2.19.0/5c04bfdd63ce9dceb2e284b81e96b6a70010ee10/log4j-slf4j2-impl-2.19.0.jar:/home/addie/.gradle/caches/modules-2/files-2.1/org.joml/joml/1.10.5/22566d58af70ad3d72308bab63b8339906deb649/joml-1.10.5.jar:/home/addie/.gradle/caches/modules-2/files-2.1/org.lwjgl/lwjgl-glfw/3.3.2/757920418805fb90bfebb3d46b1d9e7669fca2eb/lwjgl-glfw-3.3.2.jar:/home/addie/.gradle/caches/modules-2/files-2.1/org.lwjgl/lwjgl-glfw/3.3.2/766bb0e8e829598b1c8052fd8173c62af741c52/lwjgl-glfw-3.3.2-natives-linux.jar:/home/addie/.gradle/caches/modules-2/files-2.1/org.lwjgl/lwjgl-jemalloc/3.3.2/877e17e39ebcd58a9c956dc3b5b777813de0873a/lwjgl-jemalloc-3.3.2.jar:/home/addie/.gradle/caches/modules-2/files-2.1/org.lwjgl/lwjgl-jemalloc/3.3.2/2bc33176cdfabf34a63df154b80914e8f433316b/lwjgl-jemalloc-3.3.2-natives-linux.jar:/home/addie/.gradle/caches/modules-2/files-2.1/org.lwjgl/lwjgl-openal/3.3.2/ae5357ed6d934546d3533993ea84c0cfb75eed95/lwjgl-openal-3.3.2.jar:/home/addie/.gradle/caches/modules-2/files-2.1/org.lwjgl/lwjgl-openal/3.3.2/650981780b8bbfb3ce43657b22ec8e77bfb1f37a/lwjgl-openal-3.3.2-natives-linux.jar:/home/addie/.gradle/caches/modules-2/files-2.1/org.lwjgl/lwjgl-opengl/3.3.2/ee8e95be0b438602038bc1f02dc5e3d011b1b216/lwjgl-opengl-3.3.2.jar:/home/addie/.gradle/caches/modules-2/files-2.1/org.lwjgl/lwjgl-opengl/3.3.2/b8368430ef0d91a5acbc6fbfa47b20c3ec083aec/lwjgl-opengl-3.3.2-natives-linux.jar:/home/addie/.gradle/caches/modules-2/files-2.1/org.lwjgl/lwjgl-stb/3.3.2/a2550795014d622b686e9caac50b14baa87d2c70/lwjgl-stb-3.3.2.jar:/home/addie/.gradle/caches/modules-2/files-2.1/org.lwjgl/lwjgl-stb/3.3.2/5c987f43b342d722b54970159040af76f1c87403/lwjgl-stb-3.3.2-natives-linux.jar:/home/addie/.gradle/caches/modules-2/files-2.1/org.lwjgl/lwjgl-tinyfd/3.3.2/9f65c248dd77934105274fcf8351abb75b34327c/lwjgl-tinyfd-3.3.2.jar:/home/addie/.gradle/caches/modules-2/files-2.1/org.lwjgl/lwjgl-tinyfd/3.3.2/5d27fc67172b3fcd8400d61a7cfb75da881f609/lwjgl-tinyfd-3.3.2-natives-linux.jar:/home/addie/.gradle/caches/modules-2/files-2.1/org.lwjgl/lwjgl/3.3.2/4421d94af68e35dcaa31737a6fc59136a1e61b94/lwjgl-3.3.2.jar:/home/addie/.gradle/caches/modules-2/files-2.1/org.lwjgl/lwjgl/3.3.2/767684973f259d97e7dc66a125eb153986f177e7/lwjgl-3.3.2-natives-linux.jar:/home/addie/.gradle/caches/modules-2/files-2.1/org.slf4j/slf4j-api/2.0.1/f48d81adce2abf5ad3cfe463df517952749e03bc/slf4j-api-2.0.1.jar:/media/addie/DECE-9D82/spartanexteriors/.gradle/loom-cache/minecraftMaven/net/minecraft/minecraft-merged-468af48886/1.20.1-net.fabricmc.yarn.1_20_1.1.20.1+build.10-v2/minecraft-merged-468af48886-1.20.1-net.fabricmc.yarn.1_20_1.1.20.1+build.10-v2.jar:/home/addie/.gradle/caches/modules-2/files-2.1/net.fabricmc/fabric-loader/0.16.14/5778d47f536bf2c63ed2abc1a56f5a1c129e34a/fabric-loader-0.16.14.jar:/home/addie/.gradle/caches/modules-2/files-2.1/com.twelvemonkeys.imageio/imageio-webp/3.10.0/3141f8c0d8785f80be86710d3bbfccd724d2b465/imageio-webp-3.10.0.jar:/home/addie/.gradle/caches/modules-2/files-2.1/com.twelvemonkeys.imageio/imageio-metadata/3.10.0/dcc31330b51212b200239a3bfcfc790287550c54/imageio-metadata-3.10.0.jar:/home/addie/.gradle/caches/modules-2/files-2.1/com.twelvemonkeys.imageio/imageio-core/3.10.0/28c71789037373fb60668ffea885dd41976a02f6/imageio-core-3.10.0.jar:/home/addie/.gradle/caches/modules-2/files-2.1/com.twelvemonkeys.common/common-image/3.10.0/5d0e07b4d51776c1ecc823e2830758205f3764ff/common-image-3.10.0.jar:/home/addie/.gradle/caches/modules-2/files-2.1/com.twelvemonkeys.common/common-io/3.10.0/5ca6fcfc92f197cfb98671c1d4fffa982970d7a7/common-io-3.10.0.jar:/home/addie/.gradle/caches/modules-2/files-2.1/com.twelvemonkeys.common/common-lang/3.10.0/a0d121664fcbc8205a17af1b4ae9b6102fe2d084/common-lang-3.10.0.jar:/home/addie/.gradle/caches/modules-2/files-2.1/org.quiltmc.parsers/gson/0.2.1/970247b00bdc5faa821b68fd68d11180d2a41e98/gson-0.2.1.jar:/home/addie/.gradle/caches/modules-2/files-2.1/org.quiltmc.parsers/json/0.2.1/46ddbb2d151f1679139bc27550c1664092881be2/json-0.2.1.jar:/home/addie/.gradle/caches/modules-2/files-2.1/org.jetbrains.kotlin/kotlin-reflect/1.9.23/ab01e1cc8428c2140891318838ad7039f6fa389a/kotlin-reflect-1.9.23.jar:/home/addie/.gradle/caches/modules-2/files-2.1/org.jetbrains.kotlinx/kotlinx-coroutines-jdk8/1.8.0/a7c63486111905ed7de8c85bb309fe7989f665c1/kotlinx-coroutines-jdk8-1.8.0.jar:/home/addie/.gradle/caches/modules-2/files-2.1/org.jetbrains.kotlinx/kotlinx-coroutines-core-jvm/1.8.0/ac1dc37a30a93150b704022f8d895ee1bd3a36b3/kotlinx-coroutines-core-jvm-1.8.0.jar:/home/addie/.gradle/caches/modules-2/files-2.1/org.jetbrains.kotlinx/kotlinx-serialization-json-jvm/1.6.3/2241746853abf04073e3ab0dcd9e6729d363b313/kotlinx-serialization-json-jvm-1.6.3.jar:/home/addie/.gradle/caches/modules-2/files-2.1/org.jetbrains.kotlinx/kotlinx-serialization-cbor-jvm/1.6.3/ad02def02f1e4d492b5fcf1967f805d5eeb47eeb/kotlinx-serialization-cbor-jvm-1.6.3.jar:/home/addie/.gradle/caches/modules-2/files-2.1/org.jetbrains.kotlinx/kotlinx-serialization-core-jvm/1.6.3/6b6c17d0312ba7192893adea9d52959941d0119b/kotlinx-serialization-core-jvm-1.6.3.jar:/home/addie/.gradle/caches/modules-2/files-2.1/org.jetbrains.kotlinx/atomicfu-jvm/0.23.2/a4601dc42dceb031a586058e8356ff778a57dea0/atomicfu-jvm-0.23.2.jar:/home/addie/.gradle/caches/modules-2/files-2.1/org.jetbrains.kotlinx/kotlinx-datetime-jvm/0.5.0/8882b30187d18d2dcb5e22587447485e6f42dfb3/kotlinx-datetime-jvm-0.5.0.jar:/home/addie/.gradle/caches/modules-2/files-2.1/org.jetbrains.kotlin/kotlin-stdlib-jdk8/1.9.23/557350a0941ddfe919fd2a30d996355bebc8a3a3/kotlin-stdlib-jdk8-1.9.23.jar:/home/addie/.gradle/caches/modules-2/files-2.1/org.jetbrains.kotlin/kotlin-stdlib-jdk7/1.9.23/b8eca9abec56bee1d01c788e3d571114416ea56d/kotlin-stdlib-jdk7-1.9.23.jar:/home/addie/.gradle/caches/modules-2/files-2.1/org.jetbrains.kotlin/kotlin-stdlib/1.9.23/dbaadea1f5e68f790d242a91a38355a83ec38747/kotlin-stdlib-1.9.23.jar:/home/addie/.gradle/caches/modules-2/files-2.1/org.jetbrains/annotations/24.0.1/13c5c75c4206580aa4d683bffee658caae6c9f43/annotations-24.0.1.jar:/media/addie/DECE-9D82/spartanexteriors/.gradle/loom-cache/remapped_mods/net_fabricmc_yarn_1_20_1_1_20_1_build_10_v2/dev/isxander/yet-another-config-lib/3.6.1+1.20.1-fabric/yet-another-config-lib-3.6.1+1.20.1-fabric.jar:/media/addie/DECE-9D82/spartanexteriors/.gradle/loom-cache/remapped_mods/net_fabricmc_yarn_1_20_1_1_20_1_build_10_v2/dev/drtheo/multidim/2.1.4/multidim-2.1.4.jar:/media/addie/DECE-9D82/spartanexteriors/.gradle/loom-cache/remapped_mods/net_fabricmc_yarn_1_20_1_1_20_1_build_10_v2/dev/drtheo/queue/1.1.0-1.20/queue-1.1.0-1.20.jar:/media/addie/DECE-9D82/spartanexteriors/.gradle/loom-cache/remapped_mods/net_fabricmc_yarn_1_20_1_1_20_1_build_10_v2/dev/drtheo/scheduler/1.1.0/scheduler-1.1.0.jar:/media/addie/DECE-9D82/spartanexteriors/.gradle/loom-cache/remapped_mods/net_fabricmc_yarn_1_20_1_1_20_1_build_10_v2/net/fabricmc/fabric-language-kotlin/1.10.19+kotlin.1.9.23/fabric-language-kotlin-1.10.19+kotlin.1.9.23.jar:/media/addie/DECE-9D82/spartanexteriors/.gradle/loom-cache/remapped_mods/net_fabricmc_yarn_1_20_1_1_20_1_build_10_v2/net/fabricmc/fabric-api/fabric-api/0.92.3+1.20.1/fabric-api-0.92.3+1.20.1.jar:/media/addie/DECE-9D82/spartanexteriors/.gradle/loom-cache/remapped_mods/net_fabricmc_yarn_1_20_1_1_20_1_build_10_v2/com/github/amblelabs/ait/84031f22c2/ait-84031f22c2.jar:/media/addie/DECE-9D82/spartanexteriors/.gradle/loom-cache/remapped_mods/net_fabricmc_yarn_1_20_1_1_20_1_build_10_v2/com/github/amblelabs/modkit/v1.1.8/modkit-v1.1.8.jar:/media/addie/DECE-9D82/spartanexteriors/.gradle/loom-cache/remapped_mods/net_fabricmc_yarn_1_20_1_1_20_1_build_10_v2/net/fabricmc/fabric-api/fabric-transfer-api-v1/3.3.5+8dd72ea377/fabric-transfer-api-v1-3.3.5+8dd72ea377.jar:/media/addie/DECE-9D82/spartanexteriors/.gradle/loom-cache/remapped_mods/net_fabricmc_yarn_1_20_1_1_20_1_build_10_v2/net/fabricmc/fabric-api/fabric-api-lookup-api-v1/1.6.36+1802ada577/fabric-api-lookup-api-v1-1.6.36+1802ada577.jar:/media/addie/DECE-9D82/spartanexteriors/.gradle/loom-cache/remapped_mods/net_fabricmc_yarn_1_20_1_1_20_1_build_10_v2/net/fabricmc/fabric-api/fabric-blockrenderlayer-v1/1.1.41+1802ada577/fabric-blockrenderlayer-v1-1.1.41+1802ada577.jar:/media/addie/DECE-9D82/spartanexteriors/.gradle/loom-cache/remapped_mods/net_fabricmc_yarn_1_20_1_1_20_1_build_10_v2/net/fabricmc/fabric-api/fabric-client-tags-api-v1/1.1.2+1802ada577/fabric-client-tags-api-v1-1.1.2+1802ada577.jar:/media/addie/DECE-9D82/spartanexteriors/.gradle/loom-cache/remapped_mods/net_fabricmc_yarn_1_20_1_1_20_1_build_10_v2/net/fabricmc/fabric-api/fabric-command-api-v1/1.2.34+f71b366f77/fabric-command-api-v1-1.2.34+f71b366f77.jar:/media/addie/DECE-9D82/spartanexteriors/.gradle/loom-cache/remapped_mods/net_fabricmc_yarn_1_20_1_1_20_1_build_10_v2/net/fabricmc/fabric-api/fabric-commands-v0/0.2.51+df3654b377/fabric-commands-v0-0.2.51+df3654b377.jar:/media/addie/DECE-9D82/spartanexteriors/.gradle/loom-cache/remapped_mods/net_fabricmc_yarn_1_20_1_1_20_1_build_10_v2/net/fabricmc/fabric-api/fabric-command-api-v2/2.2.13+1802ada577/fabric-command-api-v2-2.2.13+1802ada577.jar:/media/addie/DECE-9D82/spartanexteriors/.gradle/loom-cache/remapped_mods/net_fabricmc_yarn_1_20_1_1_20_1_build_10_v2/net/fabricmc/fabric-api/fabric-content-registries-v0/4.0.12+1802ada577/fabric-content-registries-v0-4.0.12+1802ada577.jar:/media/addie/DECE-9D82/spartanexteriors/.gradle/loom-cache/remapped_mods/net_fabricmc_yarn_1_20_1_1_20_1_build_10_v2/net/fabricmc/fabric-api/fabric-convention-tags-v1/1.5.5+1802ada577/fabric-convention-tags-v1-1.5.5+1802ada577.jar:/media/addie/DECE-9D82/spartanexteriors/.gradle/loom-cache/remapped_mods/net_fabricmc_yarn_1_20_1_1_20_1_build_10_v2/net/fabricmc/fabric-api/fabric-data-attachment-api-v1/1.0.1+de0fd6d177/fabric-data-attachment-api-v1-1.0.1+de0fd6d177.jar:/media/addie/DECE-9D82/spartanexteriors/.gradle/loom-cache/remapped_mods/net_fabricmc_yarn_1_20_1_1_20_1_build_10_v2/net/fabricmc/fabric-api/fabric-data-generation-api-v1/12.3.5+1802ada577/fabric-data-generation-api-v1-12.3.5+1802ada577.jar:/media/addie/DECE-9D82/spartanexteriors/.gradle/loom-cache/remapped_mods/net_fabricmc_yarn_1_20_1_1_20_1_build_10_v2/net/fabricmc/fabric-api/fabric-dimensions-v1/2.1.54+1802ada577/fabric-dimensions-v1-2.1.54+1802ada577.jar:/media/addie/DECE-9D82/spartanexteriors/.gradle/loom-cache/remapped_mods/net_fabricmc_yarn_1_20_1_1_20_1_build_10_v2/net/fabricmc/fabric-api/fabric-entity-events-v1/1.6.0+1c78457f77/fabric-entity-events-v1-1.6.0+1c78457f77.jar:/media/addie/DECE-9D82/spartanexteriors/.gradle/loom-cache/remapped_mods/net_fabricmc_yarn_1_20_1_1_20_1_build_10_v2/net/fabricmc/fabric-api/fabric-events-interaction-v0/0.6.3+13a40c6677/fabric-events-interaction-v0-0.6.3+13a40c6677.jar:/media/addie/DECE-9D82/spartanexteriors/.gradle/loom-cache/remapped_mods/net_fabricmc_yarn_1_20_1_1_20_1_build_10_v2/net/fabricmc/fabric-api/fabric-gametest-api-v1/1.2.14+1802ada577/fabric-gametest-api-v1-1.2.14+1802ada577.jar:/media/addie/DECE-9D82/spartanexteriors/.gradle/loom-cache/remapped_mods/net_fabricmc_yarn_1_20_1_1_20_1_build_10_v2/net/fabricmc/fabric-api/fabric-events-lifecycle-v0/0.2.63+df3654b377/fabric-events-lifecycle-v0-0.2.63+df3654b377.jar:/media/addie/DECE-9D82/spartanexteriors/.gradle/loom-cache/remapped_mods/net_fabricmc_yarn_1_20_1_1_20_1_build_10_v2/net/fabricmc/fabric-api/fabric-item-api-v1/2.1.28+1802ada577/fabric-item-api-v1-2.1.28+1802ada577.jar:/media/addie/DECE-9D82/spartanexteriors/.gradle/loom-cache/remapped_mods/net_fabricmc_yarn_1_20_1_1_20_1_build_10_v2/net/fabricmc/fabric-api/fabric-item-group-api-v1/4.0.13+1802ada577/fabric-item-group-api-v1-4.0.13+1802ada577.jar:/media/addie/DECE-9D82/spartanexteriors/.gradle/loom-cache/remapped_mods/net_fabricmc_yarn_1_20_1_1_20_1_build_10_v2/net/fabricmc/fabric-api/fabric-mining-level-api-v1/2.1.51+1802ada577/fabric-mining-level-api-v1-2.1.51+1802ada577.jar:/media/addie/DECE-9D82/spartanexteriors/.gradle/loom-cache/remapped_mods/net_fabricmc_yarn_1_20_1_1_20_1_build_10_v2/net/fabricmc/fabric-api/fabric-lifecycle-events-v1/2.2.22+1802ada577/fabric-lifecycle-events-v1-2.2.22+1802ada577.jar:/media/addie/DECE-9D82/spartanexteriors/.gradle/loom-cache/remapped_mods/net_fabricmc_yarn_1_20_1_1_20_1_build_10_v2/net/fabricmc/fabric-api/fabric-loot-tables-v1/1.1.46+9e7660c677/fabric-loot-tables-v1-1.1.46+9e7660c677.jar:/media/addie/DECE-9D82/spartanexteriors/.gradle/loom-cache/remapped_mods/net_fabricmc_yarn_1_20_1_1_20_1_build_10_v2/net/fabricmc/fabric-api/fabric-loot-api-v2/1.2.2+1802ada577/fabric-loot-api-v2-1.2.2+1802ada577.jar:/media/addie/DECE-9D82/spartanexteriors/.gradle/loom-cache/remapped_mods/net_fabricmc_yarn_1_20_1_1_20_1_build_10_v2/net/fabricmc/fabric-api/fabric-message-api-v1/5.1.9+1802ada577/fabric-message-api-v1-5.1.9+1802ada577.jar:/media/addie/DECE-9D82/spartanexteriors/.gradle/loom-cache/remapped_mods/net_fabricmc_yarn_1_20_1_1_20_1_build_10_v2/net/fabricmc/fabric-api/fabric-models-v0/0.4.2+9386d8a777/fabric-models-v0-0.4.2+9386d8a777.jar:/media/addie/DECE-9D82/spartanexteriors/.gradle/loom-cache/remapped_mods/net_fabricmc_yarn_1_20_1_1_20_1_build_10_v2/net/fabricmc/fabric-api/fabric-model-loading-api-v1/1.0.3+1802ada577/fabric-model-loading-api-v1-1.0.3+1802ada577.jar:/media/addie/DECE-9D82/spartanexteriors/.gradle/loom-cache/remapped_mods/net_fabricmc_yarn_1_20_1_1_20_1_build_10_v2/net/fabricmc/fabric-api/fabric-recipe-api-v1/1.0.22+1802ada577/fabric-recipe-api-v1-1.0.22+1802ada577.jar:/media/addie/DECE-9D82/spartanexteriors/.gradle/loom-cache/remapped_mods/net_fabricmc_yarn_1_20_1_1_20_1_build_10_v2/net/fabricmc/fabric-api/fabric-registry-sync-v0/2.3.4+1802ada577/fabric-registry-sync-v0-2.3.4+1802ada577.jar:/media/addie/DECE-9D82/spartanexteriors/.gradle/loom-cache/remapped_mods/net_fabricmc_yarn_1_20_1_1_20_1_build_10_v2/net/fabricmc/fabric-api/fabric-screen-handler-api-v1/1.3.31+1802ada577/fabric-screen-handler-api-v1-1.3.31+1802ada577.jar:/media/addie/DECE-9D82/spartanexteriors/.gradle/loom-cache/remapped_mods/net_fabricmc_yarn_1_20_1_1_20_1_build_10_v2/net/fabricmc/fabric-api/fabric-containers-v0/0.1.65+df3654b377/fabric-containers-v0-0.1.65+df3654b377.jar:/media/addie/DECE-9D82/spartanexteriors/.gradle/loom-cache/remapped_mods/net_fabricmc_yarn_1_20_1_1_20_1_build_10_v2/net/fabricmc/fabric-api/fabric-networking-v0/0.3.52+df3654b377/fabric-networking-v0-0.3.52+df3654b377.jar:/media/addie/DECE-9D82/spartanexteriors/.gradle/loom-cache/remapped_mods/net_fabricmc_yarn_1_20_1_1_20_1_build_10_v2/net/fabricmc/fabric-api/fabric-networking-api-v1/1.3.12+13a40c6677/fabric-networking-api-v1-1.3.12+13a40c6677.jar:/media/addie/DECE-9D82/spartanexteriors/.gradle/loom-cache/remapped_mods/net_fabricmc_yarn_1_20_1_1_20_1_build_10_v2/net/fabricmc/fabric-api/fabric-object-builder-api-v1/11.1.4+1802ada577/fabric-object-builder-api-v1-11.1.4+1802ada577.jar:/media/addie/DECE-9D82/spartanexteriors/.gradle/loom-cache/remapped_mods/net_fabricmc_yarn_1_20_1_1_20_1_build_10_v2/net/fabricmc/fabric-api/fabric-particles-v1/1.1.2+1802ada577/fabric-particles-v1-1.1.2+1802ada577.jar:/media/addie/DECE-9D82/spartanexteriors/.gradle/loom-cache/remapped_mods/net_fabricmc_yarn_1_20_1_1_20_1_build_10_v2/net/fabricmc/fabric-api/fabric-renderer-indigo/1.5.2+85287f9f77/fabric-renderer-indigo-1.5.2+85287f9f77.jar:/media/addie/DECE-9D82/spartanexteriors/.gradle/loom-cache/remapped_mods/net_fabricmc_yarn_1_20_1_1_20_1_build_10_v2/net/fabricmc/fabric-api/fabric-renderer-api-v1/3.2.1+1802ada577/fabric-renderer-api-v1-3.2.1+1802ada577.jar:/media/addie/DECE-9D82/spartanexteriors/.gradle/loom-cache/remapped_mods/net_fabricmc_yarn_1_20_1_1_20_1_build_10_v2/net/fabricmc/fabric-api/fabric-rendering-fluids-v1/3.0.28+1802ada577/fabric-rendering-fluids-v1-3.0.28+1802ada577.jar:/media/addie/DECE-9D82/spartanexteriors/.gradle/loom-cache/remapped_mods/net_fabricmc_yarn_1_20_1_1_20_1_build_10_v2/net/fabricmc/fabric-api/fabric-renderer-registries-v1/3.2.46+df3654b377/fabric-renderer-registries-v1-3.2.46+df3654b377.jar:/media/addie/DECE-9D82/spartanexteriors/.gradle/loom-cache/remapped_mods/net_fabricmc_yarn_1_20_1_1_20_1_build_10_v2/net/fabricmc/fabric-api/fabric-rendering-v0/1.1.49+df3654b377/fabric-rendering-v0-1.1.49+df3654b377.jar:/media/addie/DECE-9D82/spartanexteriors/.gradle/loom-cache/remapped_mods/net_fabricmc_yarn_1_20_1_1_20_1_build_10_v2/net/fabricmc/fabric-api/fabric-rendering-v1/3.0.8+1802ada577/fabric-rendering-v1-3.0.8+1802ada577.jar:/media/addie/DECE-9D82/spartanexteriors/.gradle/loom-cache/remapped_mods/net_fabricmc_yarn_1_20_1_1_20_1_build_10_v2/net/fabricmc/fabric-api/fabric-screen-api-v1/2.0.8+1802ada577/fabric-screen-api-v1-2.0.8+1802ada577.jar:/media/addie/DECE-9D82/spartanexteriors/.gradle/loom-cache/remapped_mods/net_fabricmc_yarn_1_20_1_1_20_1_build_10_v2/net/fabricmc/fabric-api/fabric-api-base/0.4.31+1802ada577/fabric-api-base-0.4.31+1802ada577.jar:/media/addie/DECE-9D82/spartanexteriors/.gradle/loom-cache/remapped_mods/net_fabricmc_yarn_1_20_1_1_20_1_build_10_v2/net/fabricmc/fabric-api/fabric-biome-api-v1/13.0.13+1802ada577/fabric-biome-api-v1-13.0.13+1802ada577.jar:/media/addie/DECE-9D82/spartanexteriors/.gradle/loom-cache/remapped_mods/net_fabricmc_yarn_1_20_1_1_20_1_build_10_v2/net/fabricmc/fabric-api/fabric-block-api-v1/1.0.11+1802ada577/fabric-block-api-v1-1.0.11+1802ada577.jar:/media/addie/DECE-9D82/spartanexteriors/.gradle/loom-cache/remapped_mods/net_fabricmc_yarn_1_20_1_1_20_1_build_10_v2/net/fabricmc/fabric-api/fabric-rendering-data-attachment-v1/0.3.37+92a0d36777/fabric-rendering-data-attachment-v1-0.3.37+92a0d36777.jar:/media/addie/DECE-9D82/spartanexteriors/.gradle/loom-cache/remapped_mods/net_fabricmc_yarn_1_20_1_1_20_1_build_10_v2/net/fabricmc/fabric-api/fabric-block-view-api-v2/1.0.1+1802ada577/fabric-block-view-api-v2-1.0.1+1802ada577.jar:/media/addie/DECE-9D82/spartanexteriors/.gradle/loom-cache/remapped_mods/net_fabricmc_yarn_1_20_1_1_20_1_build_10_v2/net/fabricmc/fabric-api/fabric-crash-report-info-v1/0.2.19+1802ada577/fabric-crash-report-info-v1-0.2.19+1802ada577.jar:/media/addie/DECE-9D82/spartanexteriors/.gradle/loom-cache/remapped_mods/net_fabricmc_yarn_1_20_1_1_20_1_build_10_v2/net/fabricmc/fabric-api/fabric-game-rule-api-v1/1.0.40+1802ada577/fabric-game-rule-api-v1-1.0.40+1802ada577.jar:/media/addie/DECE-9D82/spartanexteriors/.gradle/loom-cache/remapped_mods/net_fabricmc_yarn_1_20_1_1_20_1_build_10_v2/net/fabricmc/fabric-api/fabric-keybindings-v0/0.2.35+df3654b377/fabric-keybindings-v0-0.2.35+df3654b377.jar:/media/addie/DECE-9D82/spartanexteriors/.gradle/loom-cache/remapped_mods/net_fabricmc_yarn_1_20_1_1_20_1_build_10_v2/net/fabricmc/fabric-api/fabric-key-binding-api-v1/1.0.37+1802ada577/fabric-key-binding-api-v1-1.0.37+1802ada577.jar:/media/addie/DECE-9D82/spartanexteriors/.gradle/loom-cache/remapped_mods/net_fabricmc_yarn_1_20_1_1_20_1_build_10_v2/net/fabricmc/fabric-api/fabric-resource-conditions-api-v1/2.3.8+1802ada577/fabric-resource-conditions-api-v1-2.3.8+1802ada577.jar:/media/addie/DECE-9D82/spartanexteriors/.gradle/loom-cache/remapped_mods/net_fabricmc_yarn_1_20_1_1_20_1_build_10_v2/net/fabricmc/fabric-api/fabric-resource-loader-v0/0.11.11+fb82e9d777/fabric-resource-loader-v0-0.11.11+fb82e9d777.jar:/media/addie/DECE-9D82/spartanexteriors/.gradle/loom-cache/remapped_mods/net_fabricmc_yarn_1_20_1_1_20_1_build_10_v2/net/fabricmc/fabric-api/fabric-sound-api-v1/1.0.13+1802ada577/fabric-sound-api-v1-1.0.13+1802ada577.jar:/media/addie/DECE-9D82/spartanexteriors/.gradle/loom-cache/remapped_mods/net_fabricmc_yarn_1_20_1_1_20_1_build_10_v2/net/fabricmc/fabric-api/fabric-transitive-access-wideners-v1/4.3.1+1802ada577/fabric-transitive-access-wideners-v1-4.3.1+1802ada577.jar:/home/addie/.gradle/caches/modules-2/files-2.1/org.jline/jline-reader/3.20.0/8f15415b022a25b473e8e16c28ae913186ffb9c4/jline-reader-3.20.0.jar:/home/addie/.gradle/caches/modules-2/files-2.1/org.jline/jline-terminal/3.20.0/d0ddcc708ddf527a3454c941b7b9225cc83a15ff/jline-terminal-3.20.0.jar
Launcher Type: SUN_STANDARD

[Global flags]
     intx CICompilerCount                          = 3                                         {product} {ergonomic}
     uint ConcGCThreads                            = 1                                         {product} {ergonomic}
     uint G1ConcRefinementThreads                  = 4                                         {product} {ergonomic}
   size_t G1HeapRegionSize                         = 2097152                                   {product} {ergonomic}
    uintx GCDrainStackTargetSize                   = 64                                        {product} {ergonomic}
   size_t InitialHeapSize                          = 262144000                                 {product} {ergonomic}
   size_t MarkStackSize                            = 4194304                                   {product} {ergonomic}
   size_t MaxHeapSize                              = 4177526784                                {product} {ergonomic}
   size_t MaxNewSize                               = 2506096640                                {product} {ergonomic}
   size_t MinHeapDeltaBytes                        = 2097152                                   {product} {ergonomic}
   size_t MinHeapSize                              = 8388608                                   {product} {ergonomic}
    uintx NonNMethodCodeHeapSize                   = 5832780                                {pd product} {ergonomic}
    uintx NonProfiledCodeHeapSize                  = 122912730                              {pd product} {ergonomic}
    uintx ProfiledCodeHeapSize                     = 122912730                              {pd product} {ergonomic}
    uintx ReservedCodeCacheSize                    = 251658240                              {pd product} {ergonomic}
     bool SegmentedCodeCache                       = true                                      {product} {ergonomic}
   size_t SoftMaxHeapSize                          = 4177526784                             {manageable} {ergonomic}
     bool UseCompressedOops                        = true                           {product lp64_product} {ergonomic}
     bool UseG1GC                                  = true                                      {product} {ergonomic}

Logging:
Log output configuration:
 #0: stdout all=warning uptime,level,tags foldmultilines=false
 #1: stderr all=off uptime,level,tags foldmultilines=false

Environment Variables:
JAVA_HOME=/app/extra/idea-IC/jbr
PATH=/app/bin:/usr/bin:/home/addie/.var/app/com.jetbrains.IntelliJ-IDEA-Community/data/node/bin:/home/addie/.var/app/com.jetbrains.IntelliJ-IDEA-Community/data/cargo/bin:/home/addie/.var/app/com.jetbrains.IntelliJ-IDEA-Community/data/python/bin:/home/addie/.var/app/com.jetbrains.IntelliJ-IDEA-Community/data/gem/ruby/3.4.0/bin
USERNAME=addie
XDG_CACHE_HOME=/home/addie/.var/app/com.jetbrains.IntelliJ-IDEA-Community/cache
XDG_CONFIG_HOME=/home/addie/.var/app/com.jetbrains.IntelliJ-IDEA-Community/config
LD_LIBRARY_PATH=
SHELL=/bin/sh
DISPLAY=:1
LANG=en_US.UTF-8

Active Locale:
LC_ALL=en_US.UTF-8
LC_COLLATE=en_US.UTF-8
LC_CTYPE=en_US.UTF-8
LC_MESSAGES=en_US.UTF-8
LC_MONETARY=en_US.UTF-8
LC_NUMERIC=en_US.UTF-8
LC_TIME=en_US.UTF-8

Signal Handlers:
   SIGSEGV: crash_handler in libjvm.so, mask=11100100010111111101111111111110, flags=SA_RESTART|SA_SIGINFO, unblocked
    SIGBUS: crash_handler in libjvm.so, mask=11100100010111111101111111111110, flags=SA_RESTART|SA_SIGINFO, unblocked
    SIGFPE: crash_handler in libjvm.so, mask=11100100010111111101111111111110, flags=SA_RESTART|SA_SIGINFO, unblocked
   SIGPIPE: javaSignalHandler in libjvm.so, mask=11100100010111111101111111111110, flags=SA_RESTART|SA_SIGINFO, blocked
   SIGXFSZ: javaSignalHandler in libjvm.so, mask=11100100010111111101111111111110, flags=SA_RESTART|SA_SIGINFO, blocked
    SIGILL: crash_handler in libjvm.so, mask=11100100010111111101111111111110, flags=SA_RESTART|SA_SIGINFO, unblocked
   SIGUSR2: SR_handler in libjvm.so, mask=00000000000000000000000000000000, flags=SA_RESTART|SA_SIGINFO, blocked
    SIGHUP: UserHandler in libjvm.so, mask=11100100010111111101111111111110, flags=SA_RESTART|SA_SIGINFO, blocked
    SIGINT: UserHandler in libjvm.so, mask=11100100010111111101111111111110, flags=SA_RESTART|SA_SIGINFO, blocked
   SIGTERM: UserHandler in libjvm.so, mask=11100100010111111101111111111110, flags=SA_RESTART|SA_SIGINFO, blocked
   SIGQUIT: UserHandler in libjvm.so, mask=11100100010111111101111111111110, flags=SA_RESTART|SA_SIGINFO, blocked
   SIGTRAP: crash_handler in libjvm.so, mask=11100100010111111101111111111110, flags=SA_RESTART|SA_SIGINFO, unblocked


Periodic native trim disabled

JNI global refs:
JNI global refs: 92, weak refs: 21833

JNI global refs memory usage: 2187, weak refs: 220401

Process memory usage:
Resident Set Size: 2303256K (14% of 16315100K total physical memory with 4185800K free physical memory)

OOME stack traces (most recent first):
Classloader memory used:
Loader net.fabricmc.loader.impl.launch.knot.KnotClassLoader                            : 81573K
Loader bootstrap                                                                       : 27200K
Loader jdk.internal.loader.ClassLoaders$AppClassLoader                                 : 7937K
Loader jdk.internal.loader.ClassLoaders$PlatformClassLoader                            : 788K

Classes loaded by more than one classloader:
Class com.mojang.authlib.minecraft.UserApiService                                     : loaded 2 times (x 67B)
Class com.mojang.authlib.BaseAuthenticationService                                    : loaded 2 times (x 76B)
Class com.mojang.authlib.yggdrasil.YggdrasilAuthenticationService                     : loaded 2 times (x 86B)
Class com.mojang.authlib.HttpAuthenticationService                                    : loaded 2 times (x 82B)
Class net.minecraft.util.thread.ThreadExecutor                                        : loaded 2 times (x 109B)
Class com.sun.jna.Native                                                              : loaded 2 times (x 68B)
Class net.minecraft.util.thread.MessageListener                                       : loaded 2 times (x 67B)
Class net.minecraft.client.main.Main                                                  : loaded 2 times (x 68B)
Class com.mojang.text2speech.NarratorLinux                                            : loaded 2 times (x 79B)
Class net.fabricmc.devlaunchinjector.Main                                             : loaded 2 times (x 68B)
Class com.mojang.authlib.minecraft.client.MinecraftClient                             : loaded 2 times (x 72B)
Class com.mojang.authlib.yggdrasil.YggdrasilUserApiService                            : loaded 2 times (x 87B)
Class com.mojang.authlib.AuthenticationService                                        : loaded 2 times (x 67B)
Class net.minecraft.util.thread.SampleableExecutor                                    : loaded 2 times (x 67B)
Class com.sun.jna.Version                                                             : loaded 2 times (x 67B)
Class net.minecraft.client.util.NarratorManager                                       : loaded 2 times (x 78B)
Class com.mojang.text2speech.NarratorLinux$FliteLibrary                               : loaded 2 times (x 68B)
Class net.minecraft.client.WindowEventHandler                                         : loaded 2 times (x 67B)
Class com.mojang.authlib.exceptions.MinecraftClientException                          : loaded 2 times (x 81B)
Class net.minecraft.client.MinecraftClient                                            : loaded 2 times (x 243B)
Class com.sun.jna.NativeLibrary                                                       : loaded 2 times (x 86B)
Class com.mojang.authlib.exceptions.MinecraftClientHttpException                      : loaded 2 times (x 84B)
Class net.minecraft.util.thread.ReentrantThreadExecutor                               : loaded 2 times (x 110B)
Class com.mojang.text2speech.Narrator                                                 : loaded 2 times (x 67B)

---------------  S Y S T E M  ---------------

OS:
NAME="Freedesktop SDK"
VERSION="24.08 (Flatpak runtime)"
VERSION_ID=24.08
ID=org.freedesktop.platform
PRETTY_NAME="Freedesktop SDK 24.08 (Flatpak runtime)"
BUG_REPORT_URL=https://gitlab.com/freedesktop-sdk/freedesktop-sdk/issues
uname: Linux 6.12.10-76061203-generic #202412060638~1748542656~22.04~663e4dc SMP PREEMPT_DYNAMIC Thu M x86_64
OS uptime: 0 days 0:25 hours
libc: glibc 2.40 NPTL 2.40 
rlimit (soft/hard): STACK 8192k/infinity , CORE 0k/infinity , NPROC 63338/63338 , NOFILE 1048576/1048576 , AS infinity/infinity , CPU infinity/infinity , DATA infinity/infinity , FSIZE infinity/infinity , MEMLOCK 2039384k/2039384k
load average: 5.33 4.36 3.35

/proc/meminfo:
MemTotal:       16315100 kB
MemFree:          735392 kB
MemAvailable:    4185800 kB
Buffers:          289856 kB
Cached:          4147792 kB
SwapCached:            0 kB
Active:         13188268 kB
Inactive:        1460268 kB
Active(anon):   10262132 kB
Inactive(anon):    32116 kB
Active(file):    2926136 kB
Inactive(file):  1428152 kB
Unevictable:         232 kB
Mlocked:             232 kB
SwapTotal:      20509172 kB
SwapFree:       20509172 kB
Zswap:                 0 kB
Zswapped:              0 kB
Dirty:              4040 kB
Writeback:             0 kB
AnonPages:      10211372 kB
Mapped:          1936044 kB
Shmem:             83360 kB
KReclaimable:     197900 kB
Slab:             337600 kB
SReclaimable:     197900 kB
SUnreclaim:       139700 kB
KernelStack:       22304 kB
PageTables:        70312 kB
SecPageTables:         0 kB
NFS_Unstable:          0 kB
Bounce:                0 kB
WritebackTmp:          0 kB
CommitLimit:    28666720 kB
Committed_AS:   18748496 kB
VmallocTotal:   34359738367 kB
VmallocUsed:      277804 kB
VmallocChunk:          0 kB
Percpu:             3264 kB
HardwareCorrupted:     0 kB
AnonHugePages:         0 kB
ShmemHugePages:        0 kB
ShmemPmdMapped:        0 kB
FileHugePages:         0 kB
FilePmdMapped:         0 kB
Unaccepted:            0 kB
HugePages_Total:       0
HugePages_Free:        0
HugePages_Rsvd:        0
HugePages_Surp:        0
Hugepagesize:       2048 kB
Hugetlb:               0 kB
DirectMap4k:      704132 kB
DirectMap2M:    14962688 kB
DirectMap1G:     2097152 kB

/sys/kernel/mm/transparent_hugepage/enabled: <Not Available>
/sys/kernel/mm/transparent_hugepage/hpage_pmd_size: <Not Available>
/sys/kernel/mm/transparent_hugepage/defrag (defrag/compaction efforts parameter): <Not Available>

Process Memory:
Virtual Size: 8465240K (peak: 8527808K)
Resident Set Size: 2304280K (peak: 2304280K) (anon: 2197288K, file: 104100K, shmem: 2892K)
Swapped out: 0K
C-Heap outstanding allocations: 330717K, retained: 107142K
glibc malloc tunables: (default)

/proc/sys/kernel/threads-max (system-wide limit on the number of threads): 126676
/proc/sys/vm/max_map_count (maximum number of memory map areas a process may have): 2147483642
/proc/sys/vm/swappiness (control to define how aggressively the kernel swaps out anonymous memory): 180
/proc/sys/kernel/pid_max (system-wide limit on number of process identifiers): 4194304

container information not found.
Steal ticks since vm start: 0
Steal ticks percentage since vm start:  0.000

CPU: total 4 (initial active 4) (4 cores per cpu, 1 threads per core) family 6 model 60 stepping 3 microcode 0x28, cx8, cmov, fxsr, mmx, sse, sse2, sse3, ssse3, sse4.1, sse4.2, popcnt, lzcnt, tsc, tscinvbit, avx, avx2, aes, erms, clmul, bmi1, bmi2, fma, vzeroupper, clflush, rdtscp, f16c
CPU Model and flags from /proc/cpuinfo:
model name	: Intel(R) Core(TM) i5-4670K CPU @ 3.40GHz
flags		: fpu vme de pse tsc msr pae mce cx8 apic sep mtrr pge mca cmov pat pse36 clflush dts acpi mmx fxsr sse sse2 ss ht tm pbe syscall nx pdpe1gb rdtscp lm constant_tsc arch_perfmon pebs bts rep_good nopl xtopology nonstop_tsc cpuid aperfmperf pni pclmulqdq dtes64 monitor ds_cpl vmx est tm2 ssse3 sdbg fma cx16 xtpr pdcm pcid sse4_1 sse4_2 movbe popcnt tsc_deadline_timer aes xsave avx f16c rdrand lahf_lm abm cpuid_fault pti ssbd ibrs ibpb stibp tpr_shadow flexpriority ept vpid ept_ad fsgsbase tsc_adjust bmi1 avx2 smep bmi2 erms invpcid xsaveopt dtherm ida arat pln pts vnmi md_clear flush_l1d

Online cpus: 0-3
Offline cpus: 
BIOS frequency limitation: <Not Available>
Frequency switch latency (ns): 20000
Available cpu frequencies: <Not Available>
Current governor: schedutil
Core performance/turbo boost: <Not Available>

Memory: 4k page, physical 16315100k(4185800k free), swap 20509172k(20509172k free)
Page Sizes: 4k

vm_info: OpenJDK 64-Bit Server VM (21.0.7+9-b895.130) for linux-amd64 JRE (21.0.7+9-b895.130), built on 2025-05-13 by "builduser" with gcc 10.2.1 20210130 (Red Hat 10.2.1-11.1.0.1)

END.
