#
# A fatal error has been detected by the Java Runtime Environment:
#
#  SIGSEGV (0xb) at pc=0x00007438f18475f4, pid=809, tid=842
#
# JRE version: OpenJDK Runtime Environment JBR-21.0.7+9-895.130-jcef (21.0.7+9) (build 21.0.7+9-b895.130)
# Java VM: OpenJDK 64-Bit Server VM JBR-21.0.7+9-895.130-jcef (21.0.7+9-b895.130, mixed mode, sharing, tiered, compressed oops, compressed class ptrs, g1 gc, linux-amd64)
# Problematic frame:
# V  [libjvm.so+0xc475f4]  markWord::displaced_mark_helper() const+0x14
#
# Core dump will be written. Default location: Core dumps may be processed with "/usr/share/apport/apport -p%p -s%s -c%c -d%d -P%P -u%u -g%g -F%F -- %E" (or dumping to /media/addie/DECE-9D82/spartanexteriors/run/core.809)
#
# If you would like to submit a bug report, please visit:
#   https://youtrack.jetbrains.com/issues/JBR
#

---------------  S U M M A R Y ------------

Command Line: -Ddebugger.agent.enable.coroutines=true -Dfabric.dli.config=/media/addie/DECE-9D82/spartanexteriors/.gradle/loom-cache/launch.cfg -Dfabric.dli.env=client -Dfabric.dli.main=net.fabricmc.loader.impl.launch.knot.KnotClient -Dkotlinx.coroutines.debug.enable.creation.stack.trace=false -Dkotlinx.coroutines.debug.enable.flows.stack.trace=true -Dkotlinx.coroutines.debug.enable.mutable.state.flows.stack.trace=true -agentlib:jdwp=transport=dt_socket,server=n,suspend=y,address=127.0.0.1:34149 -javaagent:/app/extra/idea-IC/plugins/java/lib/rt/debugger-agent.jar=file:///tmp/capture4246010133338542282.props -javaagent:/home/addie/.gradle/caches/modules-2/files-2.1/org.jetbrains.kotlinx/kotlinx-coroutines-core-jvm/1.8.0/ac1dc37a30a93150b704022f8d895ee1bd3a36b3/kotlinx-coroutines-core-jvm-1.8.0.jar -Dfile.encoding=UTF-8 -Duser.country=US -Duser.language=en -Duser.variant -ea -Dawt.toolkit.name=XToolkit net.fabricmc.devlaunchinjector.Main

Host: Intel(R) Core(TM) i5-4670K CPU @ 3.40GHz, 4 cores, 15G, Freedesktop SDK 24.08 (Flatpak runtime)
Time: Sat Jun 14 20:21:58 2025 BST elapsed time: 8.901982 seconds (0d 0h 0m 8s)

---------------  T H R E A D  ---------------

Current thread (0x000074386800f900):  WorkerThread "GC Thread#1"    [id=842, stack(0x00007438c86de000,0x00007438c87de000) (1024K)]

Stack: [0x00007438c86de000,0x00007438c87de000],  sp=0x00007438c87dca18,  free space=1018k
Native frames: (J=compiled Java code, j=interpreted, Vv=VM code, C=native code)
V  [libjvm.so+0xc475f4]  markWord::displaced_mark_helper() const+0x14
V  [libjvm.so+0x836bd0]  G1ScanHRForRegionClosure::scan_heap_roots(HeapRegion*)+0x450
V  [libjvm.so+0x8334cb]  G1RemSet::scan_heap_roots(G1ParScanThreadState*, unsigned int, G1GCPhaseTimes::GCParPhases, G1GCPhaseTimes::GCParPhases, bool)+0x1db
V  [libjvm.so+0x85760b]  G1EvacuateRegionsTask::scan_roots(G1ParScanThreadState*, unsigned int)+0x4b
V  [libjvm.so+0x857833]  G1EvacuateRegionsBaseTask::work(unsigned int)+0x83
V  [libjvm.so+0x1033750]  WorkerThread::run()+0x80
V  [libjvm.so+0xf77988]  Thread::call_run()+0xa8
V  [libjvm.so+0xd0571a]  thread_native_entry(Thread*)+0xda
C  [libc.so.6+0x98261]

siginfo: si_signo: 11 (SIGSEGV), si_code: 1 (SEGV_MAPERR), si_addr: 0x0000000000000000

Registers:
RAX=0x0000000000000000, RBX=0x00007438cc0034e0, RCX=0x00000000070f6000, RDX=0x0000000000000000
RSP=0x00007438c87dca18, RBP=0x00007438c87dcac0, RSI=0x0000000000000001, RDI=0x00007438c87dca88
R8 =0x000074387c35b320, R9 =0x000000070de1f558, R10=0x00000000070f6000, R11=0x0000000000000000
R12=0x000000070de1f565, R13=0x000000070fa03528, R14=0x00007438f20d26f0, R15=0x0000000000000000
RIP=0x00007438f18475f4, EFLAGS=0x0000000000010246, CSGSFS=0x002b000000000033, ERR=0x0000000000000004
  TRAPNO=0x000000000000000e

XMM[0]=0xe1ad40ae014be730 0x000000644e6a8e09
XMM[1]=0x0000000101000000 0x000100003e4ccccd
XMM[2]=0xe0f28555e1fcc0fb 0xe1fcc0f9e1fcc0f7
XMM[3]=0x0000000101000000 0x000100003e4ccccd
XMM[4]=0xe1ad86fae1ad8670 0xe1ad8559e1ad85e3
XMM[5]=0xe1ad6467e1ad64f1 0xe1ad6608e1ad657e
XMM[6]=0xe1ad6c90e1ad6c06 0xe1ad6aefe1ad6b79
XMM[7]=0xe1ad755de1ad74d3 0xe1ad73bce1ad7446
XMM[8]=0xe1ad6d26e1ad6db0 0xe1ad6ec7e1ad6e3d
XMM[9]=0x0000000000000000 0x0000000000000000
XMM[10]=0x3f3f3f3f3f3f3f3f 0x3f3f3f3f3f3f3f3f
XMM[11]=0x9999999999999999 0x9999999999999999
XMM[12]=0x2020202020202020 0x2020202020202020
XMM[13]=0x0000000000000000 0x0000000000000000
XMM[14]=0x0000000000000000 0x0000000000000000
XMM[15]=0x0000000000000000 0x0000000000000000
  MXCSR=0x00001fa2


Register to memory mapping:

RAX=0x0 is null
RBX=0x00007438cc0034e0 points into unknown readable memory: 0x00007438f2005878 | 78 58 00 f2 38 74 00 00
RCX=0x00000000070f6000 is an unknown value
RDX=0x0 is null
RSP=0x00007438c87dca18 points into unknown readable memory: 0x00007438f1420aaa | aa 0a 42 f1 38 74 00 00
RBP=0x00007438c87dcac0 points into unknown readable memory: 0x00007438c87dcbe0 | e0 cb 7d c8 38 74 00 00
RSI=0x0000000000000001 is an unknown value
RDI=0x00007438c87dca88 points into unknown readable memory: 0x0000000000000000 | 00 00 00 00 00 00 00 00
R8 =0x000074387c35b320 is pointing into metadata
R9 =0x000000070de1f558 is an oop: com.google.common.collect.ImmutableMapEntry 
{0x000000070de1f558} - klass: 'com/google/common/collect/ImmutableMapEntry'
 - ---- fields (total size 3 words):
 - final 'key' 'Ljava/lang/Object;' @12  
[error occurred during error reporting (printing register info), id 0xb, SIGSEGV (0xb) at pc=0x00007438f18ec0e4]
R10=0x00000000070f6000 is an unknown value
R11=0x0 is null
R12=0x000000070de1f565 is pointing into object: com.google.common.collect.ImmutableMapEntry 
{0x000000070de1f558} - klass: 'com/google/common/collect/ImmutableMapEntry'
 - ---- fields (total size 3 words):
 - final 'key' 'Ljava/lang/Object;' @12  
[error occurred during error reporting (printing register info, attempt 2), id 0xb, SIGSEGV (0xb) at pc=0x00007438f18ec0e4]
R13=
[error occurred during error reporting (printing register info, attempt 3), id 0xb, SIGSEGV (0xb) at pc=0x00007438f13d024e]
Top of Stack: (sp=0x00007438c87dca18)
0x00007438c87dca18:   00007438f1420aaa 0000743868009f00
0x00007438c87dca28:   0000000000200000 0000000000000001
0x00007438c87dca38:   000000644e6a8e09 000000000000000c
0x00007438c87dca48:   00000000070f6000 0000000000000000
0x00007438c87dca58:   000074387b000011 000000070de1f500
0x00007438c87dca68:   00007438f20d0e90 00000040c87dca80
0x00007438c87dca78:   000000070de1f501 01007438c87dcaa0
0x00007438c87dca88:   0000000000000000 00000000000001cb
0x00007438c87dca98:   00007438d7ea1100 00007438d7ea10fb
0x00007438c87dcaa8:   00007438cc0034e0 000000021007b496
0x00007438c87dcab8:   00007438c87dcc90 00007438c87dcbe0
0x00007438c87dcac8:   00007438f1436bd0 00000000000003d8
0x00007438c87dcad8:   000074383c002658 00007438ec70af40
0x00007438c87dcae8:   000074383c002280 000074383c002270
0x00007438c87dcaf8:   00000002f140d032 0000743868009f00
0x00007438c87dcb08:   00000000000000c4 00007438c95dd000
0x00007438c87dcb18:   0000000707c52ee0 0000000000000031
0x00007438c87dcb28:   00007438d7ea10fb 0000000000000000
0x00007438c87dcb38:   00007438ec07cc40 01007438c87dcc60
0x00007438c87dcb48:   00007438d7ea1100 0000000000000027
0x00007438c87dcb58:   0000000701e5463d 00007438c87dcc90
0x00007438c87dcb68:   0000000701e336ef 000000070d223a00
0x00007438c87dcb78:   0000000000000188 00007438f2005978
0x00007438c87dcb88:   0000000000000000 00007438ec04eb00
0x00007438c87dcb98:   00007438cc0034e0 00007438c87dcce0
0x00007438c87dcba8:   00007438f1408d66 00007438c87dcce8
0x00007438c87dcbb8:   000000000000000d 0000000000000000
0x00007438c87dcbc8:   00007438ec04eb00 00007438c87dcc60
0x00007438c87dcbd8:   00007438f21135d8 00007438c87dcd50
0x00007438c87dcbe8:   00007438f14334cb 00007438c87dcd50
0x00007438c87dcbf8:   00000010f1442f8c 0000001400000002
0x00007438c87dcc08:   00007438ec07cc00 00007438c87dcc90 

Instructions: (pc=0x00007438f18475f4)
0x00007438f18474f4:   01 00 00 e8 64 fe ff ff 84 c0 74 31 48 83 c4 28
0x00007438f1847504:   5b 41 5c 41 5d 41 5e 41 5f 5d c3 90 48 8d 3d 49
0x00007438f1847514:   78 8d 00 e8 a4 00 bc ff b9 01 00 00 00 45 31 c0
0x00007438f1847524:   eb 83 48 8b 7d c0 ff d0 83 f8 02 75 32 48 8d 05
0x00007438f1847534:   dc cf 8c 00 48 63 38 4c 01 e7 e8 fd e3 ff ff 48
0x00007438f1847544:   8d 05 be cf 8c 00 48 63 38 48 83 c4 28 4c 01 e7
0x00007438f1847554:   5b 41 5c 41 5d 41 5e 41 5f 5d e9 dd e3 ff ff 77
0x00007438f1847564:   54 85 c0 0f 84 78 ff ff ff 48 8d 1d 94 cf 8c 00
0x00007438f1847574:   48 8b 45 b8 48 63 3b 44 0f b6 a8 4a 01 00 00 4c
0x00007438f1847584:   01 e7 e8 b5 e3 ff ff 48 8b 55 c0 44 89 ee 4c 89
0x00007438f1847594:   e7 e8 c6 fd ff ff 84 c0 0f 85 5e ff ff ff 48 8d
0x00007438f18475a4:   05 6b cf 8c 00 48 63 38 4c 01 e7 e8 8c e3 ff ff
0x00007438f18475b4:   48 63 3b eb 94 83 f8 03 74 85 48 8d 05 8b 99 88
0x00007438f18475c4:   00 be 86 00 00 00 48 8d 3d 4f d0 4d 00 48 8b 00
0x00007438f18475d4:   c6 00 58 e8 44 91 a7 ff 0f 1f 40 00 48 8b 07 48
0x00007438f18475e4:   89 c2 83 e2 03 48 83 fa 02 74 11 48 85 d2 75 14
0x00007438f18475f4:   48 8b 00 c3 0f 1f 84 00 00 00 00 00 48 83 f0 02
0x00007438f1847604:   48 8b 00 c3 48 8d 05 41 99 88 00 55 48 8d 0d 59
0x00007438f1847614:   17 55 00 ba 2b 00 00 00 48 8d 35 cd 17 55 00 48
0x00007438f1847624:   8b 00 48 89 e5 c6 00 58 4c 8b 07 31 c0 bf 00 00
0x00007438f1847634:   00 e0 e8 a5 8e a7 ff 90 0f 1f 40 00 48 8b 07 48
0x00007438f1847644:   89 c2 83 e2 03 48 83 fa 02 74 11 48 85 d2 75 14
0x00007438f1847654:   48 89 30 c3 0f 1f 84 00 00 00 00 00 48 83 f0 02
0x00007438f1847664:   48 89 30 c3 48 8d 05 e1 98 88 00 55 48 8d 0d f9
0x00007438f1847674:   16 55 00 ba 3d 00 00 00 48 8d 35 6d 17 55 00 48
0x00007438f1847684:   8b 00 48 89 e5 c6 00 58 4c 8b 07 31 c0 bf 00 00
0x00007438f1847694:   00 e0 e8 45 8e a7 ff 90 0f 1f 40 00 55 48 89 e5
0x00007438f18476a4:   41 55 41 89 d5 41 54 49 89 f4 48 8d 35 cf 16 55
0x00007438f18476b4:   00 53 48 83 ec 08 48 8b 17 48 89 d0 83 e0 03 48
0x00007438f18476c4:   83 f8 03 74 1a 48 89 fb 48 83 f8 02 0f 84 ba 00
0x00007438f18476d4:   00 00 48 83 f8 01 74 24 48 8d 35 c7 16 55 00 48
0x00007438f18476e4:   83 c4 08 4c 89 e7 31 c0 5b 41 5c 41 5d 5d e9 49 


Stack slot to memory mapping:

stack at sp + 0 slots: 0x00007438f1420aaa: <offset 0x0000000000820aaa> in /app/extra/idea-IC/jbr/lib/server/libjvm.so at 0x00007438f0c00000
stack at sp + 1 slots: 0x0000743868009f00 points into unknown readable memory: 0x0000000000000004 | 04 00 00 00 00 00 00 00
stack at sp + 2 slots: 0x0000000000200000 is an unknown value
stack at sp + 3 slots: 0x0000000000000001 is an unknown value
stack at sp + 4 slots: 0x000000644e6a8e09 is an unknown value
stack at sp + 5 slots: 0x000000000000000c is an unknown value
stack at sp + 6 slots: 0x00000000070f6000 is an unknown value
stack at sp + 7 slots: 0x0 is null


---------------  P R O C E S S  ---------------

Threads class SMR info:
_java_thread_list=0x00007438ef0099b0, length=18, elements={
0x00007438ec03a800, 0x00007438ec164890, 0x00007438ec165df0, 0x00007438ec167580,
0x00007438ec168bb0, 0x00007438ec16a140, 0x00007438ec16bc70, 0x00007438ec16d320,
0x00007438ec1c6500, 0x00007438ec20e370, 0x00007438ec222040, 0x000074384c0013c0,
0x00007438ec22e9b0, 0x00007438ec7778e0, 0x00007438eca56170, 0x0000743854493f40,
0x00007438ef025a80, 0x00007438ef00ad80
}

Java Threads: ( => current thread )
  0x00007438ec03a800 JavaThread "main"                              [_thread_blocked, id=811, stack(0x00007438f0b00000,0x00007438f0c00000) (1024K)]
  0x00007438ec164890 JavaThread "Reference Handler"          daemon [_thread_blocked, id=824, stack(0x00007438c93de000,0x00007438c94de000) (1024K)]
  0x00007438ec165df0 JavaThread "Finalizer"                  daemon [_thread_blocked, id=825, stack(0x00007438c92de000,0x00007438c93de000) (1024K)]
  0x00007438ec167580 JavaThread "Signal Dispatcher"          daemon [_thread_blocked, id=826, stack(0x00007438c91de000,0x00007438c92de000) (1024K)]
  0x00007438ec168bb0 JavaThread "Service Thread"             daemon [_thread_blocked, id=827, stack(0x00007438c90de000,0x00007438c91de000) (1024K)]
  0x00007438ec16a140 JavaThread "Monitor Deflation Thread"   daemon [_thread_blocked, id=828, stack(0x00007438c8fde000,0x00007438c90de000) (1024K)]
  0x00007438ec16bc70 JavaThread "C2 CompilerThread0"         daemon [_thread_in_native, id=829, stack(0x00007438c8ede000,0x00007438c8fde000) (1024K)]
  0x00007438ec16d320 JavaThread "C1 CompilerThread0"         daemon [_thread_blocked, id=830, stack(0x00007438c8dde000,0x00007438c8ede000) (1024K)]
  0x00007438ec1c6500 JavaThread "Common-Cleaner"             daemon [_thread_blocked, id=831, stack(0x00007438c8cde000,0x00007438c8dde000) (1024K)]
  0x00007438ec20e370 JavaThread "JDWP Transport Listener: dt_socket" daemon [_thread_blocked, id=832, stack(0x00007438c8bde000,0x00007438c8cde000) (1024K)]
  0x00007438ec222040 JavaThread "JDWP Event Helper Thread"   daemon [_thread_blocked, id=834, stack(0x00007438c8ade000,0x00007438c8bde000) (1024K)]
  0x000074384c0013c0 JavaThread "JDWP Command Reader"        daemon [_thread_in_native, id=836, stack(0x00007438c89de000,0x00007438c8ade000) (1024K)]
  0x00007438ec22e9b0 JavaThread "IntelliJ Suspend Helper"    daemon [_thread_blocked, id=838, stack(0x00007438c88de000,0x00007438c89de000) (1024K)]
  0x00007438ec7778e0 JavaThread "Coroutines Debugger Cleaner" daemon [_thread_blocked, id=845, stack(0x00007438c83db000,0x00007438c84db000) (1024K)]
  0x00007438eca56170 JavaThread "Notification Thread"        daemon [_thread_blocked, id=846, stack(0x00007438c82db000,0x00007438c83db000) (1024K)]
  0x0000743854493f40 JavaThread "C2 CompilerThread1"         daemon [_thread_blocked, id=849, stack(0x00007438c80db000,0x00007438c81db000) (1024K)]
  0x00007438ef025a80 JavaThread "process reaper"             daemon [_thread_blocked, id=856, stack(0x00007438cbeaf000,0x00007438cbed1000) (136K)]
  0x00007438ef00ad80 JavaThread "JNA Cleaner"                daemon [_thread_blocked, id=857, stack(0x000074387af00000,0x000074387b000000) (1024K)]
Total: 18

Other Threads:
  0x00007438ec15c210 VMThread "VM Thread"                           [id=823, stack(0x00007438c94df000,0x00007438c95df000) (1024K)]
  0x00007438ec14a350 WatcherThread "VM Periodic Task Thread"        [id=822, stack(0x00007438c95e0000,0x00007438c96e0000) (1024K)]
  0x00007438ec0a2d30 WorkerThread "GC Thread#0"                     [id=816, stack(0x00007438f00e3000,0x00007438f01e3000) (1024K)]
=>0x000074386800f900 WorkerThread "GC Thread#1"                     [id=842, stack(0x00007438c86de000,0x00007438c87de000) (1024K)]
  0x00007438680103d0 WorkerThread "GC Thread#2"                     [id=843, stack(0x00007438c85dd000,0x00007438c86dd000) (1024K)]
  0x0000743868010ee0 WorkerThread "GC Thread#3"                     [id=844, stack(0x00007438c84dc000,0x00007438c85dc000) (1024K)]
  0x00007438ec0b3c20 ConcurrentGCThread "G1 Main Marker"            [id=817, stack(0x00007438ebf00000,0x00007438ec000000) (1024K)]
  0x00007438ec0b4bc0 WorkerThread "G1 Conc#0"                       [id=818, stack(0x00007438cbf00000,0x00007438cc000000) (1024K)]
  0x00007438ec137ad0 ConcurrentGCThread "G1 Refine#0"               [id=819, stack(0x00007438c98fc000,0x00007438c99fc000) (1024K)]
  0x00007438ec138a80 ConcurrentGCThread "G1 Service"                [id=820, stack(0x00007438c97fb000,0x00007438c98fb000) (1024K)]
Total: 10

Threads with active compile tasks:
C2 CompilerThread0  8908 6566 %     4       org.objectweb.asm.ClassReader::readCode @ 2037 (5117 bytes)
C2 CompilerThread1  8908 7287       4       net.minecraft.util.shape.VoxelShapes::matchesAnywhere (327 bytes)
Total: 2

VM state: at safepoint (normal execution)

VM Mutex/Monitor currently owned by a thread:  ([mutex/lock_event])
[0x00007438f212e010] Threads_lock - owner thread: 0x00007438ec15c210
[0x00007438f212df10] Heap_lock - owner thread: 0x00007438ec03a800

Heap address: 0x0000000707000000, size: 3984 MB, Compressed Oops mode: Zero based, Oop shift amount: 3

CDS archive(s) mapped at: [0x000074387b000000-0x000074387bd2e000-0x000074387bd2e000), size 13819904, SharedBaseAddress: 0x000074387b000000, ArchiveRelocationMode: 1.
Compressed class space mapped at: 0x000074387c000000-0x00007438bc000000, reserved size: 1073741824
Narrow klass base: 0x000074387b000000, Narrow klass shift: 0, Narrow klass range: 0x100000000

GC Precious Log:
 CardTable entry size: 512
 Card Set container configuration: InlinePtr #cards 4 size 8 Array Of Cards #cards 16 size 48 Howl #buckets 8 coarsen threshold 3686 Howl Bitmap #cards 512 size 80 coarsen threshold 460 Card regions per heap region 1 cards per card region 4096
 CPUs: 4 total, 4 available
 Memory: 15932M
 Large Page Support: Disabled
 NUMA Support: Disabled
 Compressed Oops: Enabled (Zero based)
 Heap Region Size: 2M
 Heap Min Capacity: 8M
 Heap Initial Capacity: 250M
 Heap Max Capacity: 3984M
 Pre-touch: Disabled
 Parallel Workers: 4
 Concurrent Workers: 1
 Concurrent Refinement Workers: 4
 Periodic GC: Disabled

Heap:
 garbage-first heap   total 325632K, used 280168K [0x0000000707000000, 0x0000000800000000)
  region size 2048K, 83 young (169984K), 8 survivors (16384K)
 Metaspace       used 46102K, committed 46784K, reserved 1114112K
  class space    used 5380K, committed 5760K, reserved 1048576K

Heap Regions: E=young(eden), S=young(survivor), O=old, HS=humongous(starts), HC=humongous(continues), CS=collection set, F=free, TAMS=top-at-mark-start, PB=parsable bottom
|   0|0x0000000707000000, 0x0000000707200000, 0x0000000707200000|100%|HS|  |TAMS 0x0000000707000000| PB 0x0000000707000000| Complete 
|   1|0x0000000707200000, 0x0000000707400000, 0x0000000707400000|100%|HS|  |TAMS 0x0000000707200000| PB 0x0000000707200000| Complete 
|   2|0x0000000707400000, 0x0000000707600000, 0x0000000707600000|100%|HC|  |TAMS 0x0000000707400000| PB 0x0000000707400000| Complete 
|   3|0x0000000707600000, 0x0000000707800000, 0x0000000707800000|100%| O|  |TAMS 0x0000000707600000| PB 0x0000000707600000| Untracked 
|   4|0x0000000707800000, 0x0000000707a00000, 0x0000000707a00000|100%| O|  |TAMS 0x0000000707800000| PB 0x0000000707800000| Untracked 
|   5|0x0000000707a00000, 0x0000000707c00000, 0x0000000707c00000|100%| O|  |TAMS 0x0000000707a00000| PB 0x0000000707a00000| Untracked 
|   6|0x0000000707c00000, 0x0000000707e00000, 0x0000000707e00000|100%| O|  |TAMS 0x0000000707c00000| PB 0x0000000707c00000| Untracked 
|   7|0x0000000707e00000, 0x0000000708000000, 0x0000000708000000|100%| O|  |TAMS 0x0000000707e00000| PB 0x0000000707e00000| Untracked 
|   8|0x0000000708000000, 0x0000000708200000, 0x0000000708200000|100%| O|  |TAMS 0x0000000708000000| PB 0x0000000708000000| Untracked 
|   9|0x0000000708200000, 0x0000000708400000, 0x0000000708400000|100%| O|  |TAMS 0x0000000708200000| PB 0x0000000708200000| Untracked 
|  10|0x0000000708400000, 0x0000000708600000, 0x0000000708600000|100%| O|  |TAMS 0x0000000708400000| PB 0x0000000708400000| Untracked 
|  11|0x0000000708600000, 0x0000000708800000, 0x0000000708800000|100%| O|  |TAMS 0x0000000708600000| PB 0x0000000708600000| Untracked 
|  12|0x0000000708800000, 0x0000000708a00000, 0x0000000708a00000|100%| O|  |TAMS 0x0000000708800000| PB 0x0000000708800000| Untracked 
|  13|0x0000000708a00000, 0x0000000708c00000, 0x0000000708c00000|100%| O|  |TAMS 0x0000000708a00000| PB 0x0000000708a00000| Untracked 
|  14|0x0000000708c00000, 0x0000000708e00000, 0x0000000708e00000|100%| O|  |TAMS 0x0000000708c00000| PB 0x0000000708c00000| Untracked 
|  15|0x0000000708e00000, 0x0000000709000000, 0x0000000709000000|100%| O|  |TAMS 0x0000000708e00000| PB 0x0000000708e00000| Untracked 
|  16|0x0000000709000000, 0x0000000709200000, 0x0000000709200000|100%| O|  |TAMS 0x0000000709000000| PB 0x0000000709000000| Untracked 
|  17|0x0000000709200000, 0x0000000709400000, 0x0000000709400000|100%| O|  |TAMS 0x0000000709200000| PB 0x0000000709200000| Untracked 
|  18|0x0000000709400000, 0x0000000709600000, 0x0000000709600000|100%| O|  |TAMS 0x0000000709400000| PB 0x0000000709400000| Untracked 
|  19|0x0000000709600000, 0x0000000709800000, 0x0000000709800000|100%| O|  |TAMS 0x0000000709600000| PB 0x0000000709600000| Untracked 
|  20|0x0000000709800000, 0x0000000709a00000, 0x0000000709a00000|100%| O|  |TAMS 0x0000000709800000| PB 0x0000000709800000| Untracked 
|  21|0x0000000709a00000, 0x0000000709c00000, 0x0000000709c00000|100%| O|  |TAMS 0x0000000709a00000| PB 0x0000000709a00000| Untracked 
|  22|0x0000000709c00000, 0x0000000709e00000, 0x0000000709e00000|100%| O|  |TAMS 0x0000000709c00000| PB 0x0000000709c00000| Untracked 
|  23|0x0000000709e00000, 0x000000070a000000, 0x000000070a000000|100%| O|  |TAMS 0x0000000709e00000| PB 0x0000000709e00000| Untracked 
|  24|0x000000070a000000, 0x000000070a200000, 0x000000070a200000|100%| O|  |TAMS 0x000000070a000000| PB 0x000000070a000000| Untracked 
|  25|0x000000070a200000, 0x000000070a400000, 0x000000070a400000|100%| O|  |TAMS 0x000000070a200000| PB 0x000000070a200000| Untracked 
|  26|0x000000070a400000, 0x000000070a600000, 0x000000070a600000|100%| O|  |TAMS 0x000000070a400000| PB 0x000000070a400000| Untracked 
|  27|0x000000070a600000, 0x000000070a800000, 0x000000070a800000|100%| O|  |TAMS 0x000000070a600000| PB 0x000000070a600000| Untracked 
|  28|0x000000070a800000, 0x000000070aa00000, 0x000000070aa00000|100%| O|  |TAMS 0x000000070a800000| PB 0x000000070a800000| Untracked 
|  29|0x000000070aa00000, 0x000000070ac00000, 0x000000070ac00000|100%| O|  |TAMS 0x000000070aa00000| PB 0x000000070aa00000| Untracked 
|  30|0x000000070ac00000, 0x000000070ae00000, 0x000000070ae00000|100%| O|  |TAMS 0x000000070ac00000| PB 0x000000070ac00000| Untracked 
|  31|0x000000070ae00000, 0x000000070b000000, 0x000000070b000000|100%| O|  |TAMS 0x000000070ae00000| PB 0x000000070ae00000| Untracked 
|  32|0x000000070b000000, 0x000000070b200000, 0x000000070b200000|100%| O|  |TAMS 0x000000070b000000| PB 0x000000070b000000| Untracked 
|  33|0x000000070b200000, 0x000000070b400000, 0x000000070b400000|100%| O|  |TAMS 0x000000070b200000| PB 0x000000070b200000| Untracked 
|  34|0x000000070b400000, 0x000000070b600000, 0x000000070b600000|100%|HS|  |TAMS 0x000000070b400000| PB 0x000000070b400000| Complete 
|  35|0x000000070b600000, 0x000000070b800000, 0x000000070b800000|100%|HC|  |TAMS 0x000000070b600000| PB 0x000000070b600000| Complete 
|  36|0x000000070b800000, 0x000000070ba00000, 0x000000070ba00000|100%|HC|  |TAMS 0x000000070b800000| PB 0x000000070b800000| Complete 
|  37|0x000000070ba00000, 0x000000070bc00000, 0x000000070bc00000|100%|HC|  |TAMS 0x000000070ba00000| PB 0x000000070ba00000| Complete 
|  38|0x000000070bc00000, 0x000000070be00000, 0x000000070be00000|100%|HC|  |TAMS 0x000000070bc00000| PB 0x000000070bc00000| Complete 
|  39|0x000000070be00000, 0x000000070c000000, 0x000000070c000000|100%|HC|  |TAMS 0x000000070be00000| PB 0x000000070be00000| Complete 
|  40|0x000000070c000000, 0x000000070c200000, 0x000000070c200000|100%| O|  |TAMS 0x000000070c000000| PB 0x000000070c000000| Untracked 
|  41|0x000000070c200000, 0x000000070c400000, 0x000000070c400000|100%| O|  |TAMS 0x000000070c200000| PB 0x000000070c200000| Untracked 
|  42|0x000000070c400000, 0x000000070c600000, 0x000000070c600000|100%| O|  |TAMS 0x000000070c400000| PB 0x000000070c400000| Untracked 
|  43|0x000000070c600000, 0x000000070c800000, 0x000000070c800000|100%| O|  |TAMS 0x000000070c600000| PB 0x000000070c600000| Untracked 
|  44|0x000000070c800000, 0x000000070ca00000, 0x000000070ca00000|100%| O|  |TAMS 0x000000070c800000| PB 0x000000070c800000| Untracked 
|  45|0x000000070ca00000, 0x000000070cc00000, 0x000000070cc00000|100%| O|  |TAMS 0x000000070ca00000| PB 0x000000070ca00000| Untracked 
|  46|0x000000070cc00000, 0x000000070ce00000, 0x000000070ce00000|100%| O|  |TAMS 0x000000070cc00000| PB 0x000000070cc00000| Untracked 
|  47|0x000000070ce00000, 0x000000070d000000, 0x000000070d000000|100%| O|  |TAMS 0x000000070ce00000| PB 0x000000070ce00000| Untracked 
|  48|0x000000070d000000, 0x000000070d200000, 0x000000070d200000|100%| O|  |TAMS 0x000000070d000000| PB 0x000000070d000000| Untracked 
|  49|0x000000070d200000, 0x000000070d400000, 0x000000070d400000|100%| O|  |TAMS 0x000000070d200000| PB 0x000000070d200000| Untracked 
|  50|0x000000070d400000, 0x000000070d600000, 0x000000070d600000|100%| O|  |TAMS 0x000000070d400000| PB 0x000000070d400000| Untracked 
|  51|0x000000070d600000, 0x000000070d800000, 0x000000070d800000|100%| E|CS|TAMS 0x000000070d600000| PB 0x000000070d600000| Complete 
|  52|0x000000070d800000, 0x000000070da00000, 0x000000070da00000|100%| E|CS|TAMS 0x000000070d800000| PB 0x000000070d800000| Complete 
|  53|0x000000070da00000, 0x000000070dc00000, 0x000000070dc00000|100%| E|CS|TAMS 0x000000070da00000| PB 0x000000070da00000| Complete 
|  54|0x000000070dc00000, 0x000000070de00000, 0x000000070de00000|100%| O|  |TAMS 0x000000070dc00000| PB 0x000000070dc00000| Untracked 
|  55|0x000000070de00000, 0x000000070e000000, 0x000000070e000000|100%| O|  |TAMS 0x000000070de00000| PB 0x000000070de00000| Untracked 
|  56|0x000000070e000000, 0x000000070e200000, 0x000000070e200000|100%| O|  |TAMS 0x000000070e000000| PB 0x000000070e000000| Untracked 
|  57|0x000000070e200000, 0x000000070e400000, 0x000000070e400000|100%| O|  |TAMS 0x000000070e200000| PB 0x000000070e200000| Untracked 
|  58|0x000000070e400000, 0x000000070e600000, 0x000000070e600000|100%| O|  |TAMS 0x000000070e400000| PB 0x000000070e400000| Untracked 
|  59|0x000000070e600000, 0x000000070e800000, 0x000000070e800000|100%| O|  |TAMS 0x000000070e600000| PB 0x000000070e600000| Untracked 
|  60|0x000000070e800000, 0x000000070ea00000, 0x000000070ea00000|100%| O|  |TAMS 0x000000070e800000| PB 0x000000070e800000| Untracked 
|  61|0x000000070ea00000, 0x000000070ec00000, 0x000000070ec00000|100%| O|  |TAMS 0x000000070ea00000| PB 0x000000070ea00000| Untracked 
|  62|0x000000070ec00000, 0x000000070ee00000, 0x000000070ee00000|100%| E|CS|TAMS 0x000000070ec00000| PB 0x000000070ec00000| Complete 
|  63|0x000000070ee00000, 0x000000070f000000, 0x000000070f000000|100%| E|CS|TAMS 0x000000070ee00000| PB 0x000000070ee00000| Complete 
|  64|0x000000070f000000, 0x000000070f200000, 0x000000070f200000|100%| E|CS|TAMS 0x000000070f000000| PB 0x000000070f000000| Complete 
|  65|0x000000070f200000, 0x000000070f400000, 0x000000070f400000|100%| E|CS|TAMS 0x000000070f200000| PB 0x000000070f200000| Complete 
|  66|0x000000070f400000, 0x000000070f600000, 0x000000070f600000|100%| O|  |TAMS 0x000000070f400000| PB 0x000000070f400000| Untracked 
|  67|0x000000070f600000, 0x000000070f800000, 0x000000070f800000|100%| E|CS|TAMS 0x000000070f600000| PB 0x000000070f600000| Complete 
|  68|0x000000070f800000, 0x000000070fa00000, 0x000000070fa00000|100%| E|CS|TAMS 0x000000070f800000| PB 0x000000070f800000| Complete 
|  69|0x000000070fa00000, 0x000000070fc00000, 0x000000070fc00000|100%| E|CS|TAMS 0x000000070fa00000| PB 0x000000070fa00000| Complete 
|  70|0x000000070fc00000, 0x000000070fe00000, 0x000000070fe00000|100%| E|CS|TAMS 0x000000070fc00000| PB 0x000000070fc00000| Complete 
|  71|0x000000070fe00000, 0x0000000710000000, 0x0000000710000000|100%| E|CS|TAMS 0x000000070fe00000| PB 0x000000070fe00000| Complete 
|  72|0x0000000710000000, 0x0000000710200000, 0x0000000710200000|100%| O|  |TAMS 0x0000000710000000| PB 0x0000000710000000| Untracked 
|  73|0x0000000710200000, 0x00000007103aaff0, 0x0000000710400000| 83%| O|  |TAMS 0x0000000710200000| PB 0x0000000710200000| Untracked 
|  74|0x0000000710400000, 0x0000000710400000, 0x0000000710600000|  0%| F|  |TAMS 0x0000000710400000| PB 0x0000000710400000| Untracked 
|  75|0x0000000710600000, 0x0000000710700000, 0x0000000710800000| 50%| S|  |TAMS 0x0000000710600000| PB 0x0000000710600000| Complete 
|  76|0x0000000710800000, 0x0000000710a00000, 0x0000000710a00000|100%| S|  |TAMS 0x0000000710800000| PB 0x0000000710800000| Complete 
|  77|0x0000000710a00000, 0x0000000710c00000, 0x0000000710c00000|100%| S|  |TAMS 0x0000000710a00000| PB 0x0000000710a00000| Complete 
|  78|0x0000000710c00000, 0x0000000710e00000, 0x0000000710e00000|100%| S|  |TAMS 0x0000000710c00000| PB 0x0000000710c00000| Complete 
|  79|0x0000000710e00000, 0x0000000711000000, 0x0000000711000000|100%| S|  |TAMS 0x0000000710e00000| PB 0x0000000710e00000| Complete 
|  80|0x0000000711000000, 0x0000000711200000, 0x0000000711200000|100%| S|  |TAMS 0x0000000711000000| PB 0x0000000711000000| Complete 
|  81|0x0000000711200000, 0x0000000711400000, 0x0000000711400000|100%| S|  |TAMS 0x0000000711200000| PB 0x0000000711200000| Complete 
|  82|0x0000000711400000, 0x0000000711600000, 0x0000000711600000|100%| S|  |TAMS 0x0000000711400000| PB 0x0000000711400000| Complete 
|  83|0x0000000711600000, 0x0000000711800000, 0x0000000711800000|100%| E|CS|TAMS 0x0000000711600000| PB 0x0000000711600000| Complete 
|  84|0x0000000711800000, 0x0000000711a00000, 0x0000000711a00000|100%| E|CS|TAMS 0x0000000711800000| PB 0x0000000711800000| Complete 
|  85|0x0000000711a00000, 0x0000000711c00000, 0x0000000711c00000|100%| E|CS|TAMS 0x0000000711a00000| PB 0x0000000711a00000| Complete 
|  86|0x0000000711c00000, 0x0000000711e00000, 0x0000000711e00000|100%| E|CS|TAMS 0x0000000711c00000| PB 0x0000000711c00000| Complete 
|  87|0x0000000711e00000, 0x0000000712000000, 0x0000000712000000|100%| E|CS|TAMS 0x0000000711e00000| PB 0x0000000711e00000| Complete 
|  88|0x0000000712000000, 0x0000000712200000, 0x0000000712200000|100%| E|CS|TAMS 0x0000000712000000| PB 0x0000000712000000| Complete 
|  89|0x0000000712200000, 0x0000000712400000, 0x0000000712400000|100%| E|CS|TAMS 0x0000000712200000| PB 0x0000000712200000| Complete 
|  90|0x0000000712400000, 0x0000000712600000, 0x0000000712600000|100%| E|CS|TAMS 0x0000000712400000| PB 0x0000000712400000| Complete 
|  91|0x0000000712600000, 0x0000000712800000, 0x0000000712800000|100%| E|CS|TAMS 0x0000000712600000| PB 0x0000000712600000| Complete 
|  92|0x0000000712800000, 0x0000000712a00000, 0x0000000712a00000|100%| E|CS|TAMS 0x0000000712800000| PB 0x0000000712800000| Complete 
|  93|0x0000000712a00000, 0x0000000712c00000, 0x0000000712c00000|100%| E|CS|TAMS 0x0000000712a00000| PB 0x0000000712a00000| Complete 
|  94|0x0000000712c00000, 0x0000000712e00000, 0x0000000712e00000|100%| E|CS|TAMS 0x0000000712c00000| PB 0x0000000712c00000| Complete 
|  95|0x0000000712e00000, 0x0000000713000000, 0x0000000713000000|100%| E|CS|TAMS 0x0000000712e00000| PB 0x0000000712e00000| Complete 
|  96|0x0000000713000000, 0x0000000713200000, 0x0000000713200000|100%| E|CS|TAMS 0x0000000713000000| PB 0x0000000713000000| Complete 
|  97|0x0000000713200000, 0x0000000713400000, 0x0000000713400000|100%| E|CS|TAMS 0x0000000713200000| PB 0x0000000713200000| Complete 
|  98|0x0000000713400000, 0x0000000713600000, 0x0000000713600000|100%| E|CS|TAMS 0x0000000713400000| PB 0x0000000713400000| Complete 
|  99|0x0000000713600000, 0x0000000713800000, 0x0000000713800000|100%| E|CS|TAMS 0x0000000713600000| PB 0x0000000713600000| Complete 
| 100|0x0000000713800000, 0x0000000713a00000, 0x0000000713a00000|100%| E|CS|TAMS 0x0000000713800000| PB 0x0000000713800000| Complete 
| 101|0x0000000713a00000, 0x0000000713c00000, 0x0000000713c00000|100%| E|CS|TAMS 0x0000000713a00000| PB 0x0000000713a00000| Complete 
| 102|0x0000000713c00000, 0x0000000713e00000, 0x0000000713e00000|100%| E|CS|TAMS 0x0000000713c00000| PB 0x0000000713c00000| Complete 
| 103|0x0000000713e00000, 0x0000000714000000, 0x0000000714000000|100%| E|CS|TAMS 0x0000000713e00000| PB 0x0000000713e00000| Complete 
| 104|0x0000000714000000, 0x0000000714200000, 0x0000000714200000|100%| E|CS|TAMS 0x0000000714000000| PB 0x0000000714000000| Complete 
| 105|0x0000000714200000, 0x0000000714400000, 0x0000000714400000|100%| E|CS|TAMS 0x0000000714200000| PB 0x0000000714200000| Complete 
| 106|0x0000000714400000, 0x0000000714600000, 0x0000000714600000|100%| E|CS|TAMS 0x0000000714400000| PB 0x0000000714400000| Complete 
| 107|0x0000000714600000, 0x0000000714800000, 0x0000000714800000|100%| E|CS|TAMS 0x0000000714600000| PB 0x0000000714600000| Complete 
| 108|0x0000000714800000, 0x0000000714a00000, 0x0000000714a00000|100%| E|CS|TAMS 0x0000000714800000| PB 0x0000000714800000| Complete 
| 109|0x0000000714a00000, 0x0000000714c00000, 0x0000000714c00000|100%| E|CS|TAMS 0x0000000714a00000| PB 0x0000000714a00000| Complete 
| 110|0x0000000714c00000, 0x0000000714e00000, 0x0000000714e00000|100%| E|CS|TAMS 0x0000000714c00000| PB 0x0000000714c00000| Complete 
| 111|0x0000000714e00000, 0x0000000715000000, 0x0000000715000000|100%| E|CS|TAMS 0x0000000714e00000| PB 0x0000000714e00000| Complete 
| 112|0x0000000715000000, 0x0000000715200000, 0x0000000715200000|100%| E|CS|TAMS 0x0000000715000000| PB 0x0000000715000000| Complete 
| 113|0x0000000715200000, 0x0000000715400000, 0x0000000715400000|100%| E|CS|TAMS 0x0000000715200000| PB 0x0000000715200000| Complete 
| 114|0x0000000715400000, 0x0000000715600000, 0x0000000715600000|100%| E|CS|TAMS 0x0000000715400000| PB 0x0000000715400000| Complete 
| 115|0x0000000715600000, 0x0000000715800000, 0x0000000715800000|100%| E|CS|TAMS 0x0000000715600000| PB 0x0000000715600000| Complete 
| 116|0x0000000715800000, 0x0000000715a00000, 0x0000000715a00000|100%| E|CS|TAMS 0x0000000715800000| PB 0x0000000715800000| Complete 
| 117|0x0000000715a00000, 0x0000000715c00000, 0x0000000715c00000|100%| E|CS|TAMS 0x0000000715a00000| PB 0x0000000715a00000| Complete 
| 118|0x0000000715c00000, 0x0000000715e00000, 0x0000000715e00000|100%| E|CS|TAMS 0x0000000715c00000| PB 0x0000000715c00000| Complete 
| 119|0x0000000715e00000, 0x0000000716000000, 0x0000000716000000|100%| E|CS|TAMS 0x0000000715e00000| PB 0x0000000715e00000| Complete 
| 120|0x0000000716000000, 0x0000000716200000, 0x0000000716200000|100%| E|CS|TAMS 0x0000000716000000| PB 0x0000000716000000| Complete 
| 121|0x0000000716200000, 0x0000000716400000, 0x0000000716400000|100%| E|CS|TAMS 0x0000000716200000| PB 0x0000000716200000| Complete 
| 122|0x0000000716400000, 0x0000000716600000, 0x0000000716600000|100%| E|CS|TAMS 0x0000000716400000| PB 0x0000000716400000| Complete 
| 123|0x0000000716600000, 0x0000000716800000, 0x0000000716800000|100%| E|CS|TAMS 0x0000000716600000| PB 0x0000000716600000| Complete 
| 124|0x0000000716800000, 0x0000000716a00000, 0x0000000716a00000|100%| E|CS|TAMS 0x0000000716800000| PB 0x0000000716800000| Complete 
| 125|0x0000000716a00000, 0x0000000716c00000, 0x0000000716c00000|100%| E|CS|TAMS 0x0000000716a00000| PB 0x0000000716a00000| Complete 
| 126|0x0000000716c00000, 0x0000000716e00000, 0x0000000716e00000|100%| E|CS|TAMS 0x0000000716c00000| PB 0x0000000716c00000| Complete 
| 127|0x0000000716e00000, 0x0000000717000000, 0x0000000717000000|100%| E|CS|TAMS 0x0000000716e00000| PB 0x0000000716e00000| Complete 
| 128|0x0000000717000000, 0x0000000717200000, 0x0000000717200000|100%| E|CS|TAMS 0x0000000717000000| PB 0x0000000717000000| Complete 
| 129|0x0000000717200000, 0x0000000717400000, 0x0000000717400000|100%| E|CS|TAMS 0x0000000717200000| PB 0x0000000717200000| Complete 
| 130|0x0000000717400000, 0x0000000717600000, 0x0000000717600000|100%| E|CS|TAMS 0x0000000717400000| PB 0x0000000717400000| Complete 
| 131|0x0000000717600000, 0x0000000717800000, 0x0000000717800000|100%| E|CS|TAMS 0x0000000717600000| PB 0x0000000717600000| Complete 
| 132|0x0000000717800000, 0x0000000717a00000, 0x0000000717a00000|100%| E|CS|TAMS 0x0000000717800000| PB 0x0000000717800000| Complete 
| 133|0x0000000717a00000, 0x0000000717c00000, 0x0000000717c00000|100%| E|CS|TAMS 0x0000000717a00000| PB 0x0000000717a00000| Complete 
| 134|0x0000000717c00000, 0x0000000717e00000, 0x0000000717e00000|100%| E|CS|TAMS 0x0000000717c00000| PB 0x0000000717c00000| Complete 
| 135|0x0000000717e00000, 0x0000000718000000, 0x0000000718000000|100%| E|CS|TAMS 0x0000000717e00000| PB 0x0000000717e00000| Complete 
| 136|0x0000000718000000, 0x0000000718200000, 0x0000000718200000|100%| E|CS|TAMS 0x0000000718000000| PB 0x0000000718000000| Complete 
| 137|0x0000000718200000, 0x0000000718400000, 0x0000000718400000|100%| E|CS|TAMS 0x0000000718200000| PB 0x0000000718200000| Complete 
| 138|0x0000000718400000, 0x0000000718600000, 0x0000000718600000|100%| E|CS|TAMS 0x0000000718400000| PB 0x0000000718400000| Complete 
| 139|0x0000000718600000, 0x0000000718800000, 0x0000000718800000|100%| E|CS|TAMS 0x0000000718600000| PB 0x0000000718600000| Complete 
| 140|0x0000000718800000, 0x0000000718a00000, 0x0000000718a00000|100%| E|CS|TAMS 0x0000000718800000| PB 0x0000000718800000| Complete 
| 141|0x0000000718a00000, 0x0000000718c00000, 0x0000000718c00000|100%| E|CS|TAMS 0x0000000718a00000| PB 0x0000000718a00000| Complete 
| 142|0x0000000718c00000, 0x0000000718e00000, 0x0000000718e00000|100%| E|CS|TAMS 0x0000000718c00000| PB 0x0000000718c00000| Complete 
| 143|0x0000000718e00000, 0x0000000719000000, 0x0000000719000000|100%| E|CS|TAMS 0x0000000718e00000| PB 0x0000000718e00000| Complete 
| 144|0x0000000719000000, 0x0000000719200000, 0x0000000719200000|100%| E|CS|TAMS 0x0000000719000000| PB 0x0000000719000000| Complete 
| 145|0x0000000719200000, 0x0000000719400000, 0x0000000719400000|100%| E|CS|TAMS 0x0000000719200000| PB 0x0000000719200000| Complete 
| 146|0x0000000719400000, 0x0000000719600000, 0x0000000719600000|100%| E|CS|TAMS 0x0000000719400000| PB 0x0000000719400000| Complete 
| 147|0x0000000719600000, 0x0000000719800000, 0x0000000719800000|100%| E|CS|TAMS 0x0000000719600000| PB 0x0000000719600000| Complete 
| 148|0x0000000719800000, 0x0000000719a00000, 0x0000000719a00000|100%| E|CS|TAMS 0x0000000719800000| PB 0x0000000719800000| Complete 
| 149|0x0000000719a00000, 0x0000000719c00000, 0x0000000719c00000|100%| E|CS|TAMS 0x0000000719a00000| PB 0x0000000719a00000| Complete 
| 150|0x0000000719c00000, 0x0000000719e00000, 0x0000000719e00000|100%| E|CS|TAMS 0x0000000719c00000| PB 0x0000000719c00000| Complete 
| 151|0x0000000719e00000, 0x000000071a000000, 0x000000071a000000|100%| E|CS|TAMS 0x0000000719e00000| PB 0x0000000719e00000| Complete 
| 152|0x000000071a000000, 0x000000071a200000, 0x000000071a200000|100%| E|CS|TAMS 0x000000071a000000| PB 0x000000071a000000| Complete 
| 153|0x000000071a200000, 0x000000071a400000, 0x000000071a400000|100%| E|CS|TAMS 0x000000071a200000| PB 0x000000071a200000| Complete 
| 154|0x000000071a400000, 0x000000071a600000, 0x000000071a600000|100%| E|CS|TAMS 0x000000071a400000| PB 0x000000071a400000| Complete 
| 155|0x000000071a600000, 0x000000071a800000, 0x000000071a800000|100%| E|CS|TAMS 0x000000071a600000| PB 0x000000071a600000| Complete 
| 156|0x000000071a800000, 0x000000071aa00000, 0x000000071aa00000|100%| E|CS|TAMS 0x000000071a800000| PB 0x000000071a800000| Complete 
| 157|0x000000071aa00000, 0x000000071ac00000, 0x000000071ac00000|100%| E|CS|TAMS 0x000000071aa00000| PB 0x000000071aa00000| Complete 
|1991|0x00000007ffe00000, 0x00000007fff0bb78, 0x0000000800000000| 52%| O|  |TAMS 0x00000007ffe00000| PB 0x00000007ffe00000| Untracked 

Card table byte_map: [0x00007438d7e70000,0x00007438d8638000] _byte_map_base: 0x00007438d4638000

Marking Bits: (CMBitMap*) 0x00007438ec0a3850
 Bits: [0x00007438d4030000, 0x00007438d7e70000)

Polling page: 0x00007438f2575000

Metaspace:

Usage:
  Non-class:     39.77 MB used.
      Class:      5.25 MB used.
       Both:     45.02 MB used.

Virtual space:
  Non-class space:       64.00 MB reserved,      40.06 MB ( 63%) committed,  1 nodes.
      Class space:        1.00 GB reserved,       5.62 MB ( <1%) committed,  1 nodes.
             Both:        1.06 GB reserved,      45.69 MB (  4%) committed. 

Chunk freelists:
   Non-Class:  7.12 MB
       Class:  10.23 MB
        Both:  17.36 MB

MaxMetaspaceSize: unlimited
CompressedClassSpaceSize: 1.00 GB
Initial GC threshold: 21.00 MB
Current GC threshold: 59.81 MB
CDS: on
 - commit_granule_bytes: 65536.
 - commit_granule_words: 8192.
 - virtual_space_node_default_size: 8388608.
 - enlarge_chunks_in_place: 1.
 - use_allocation_guard: 0.


Internal statistics:

num_allocs_failed_limit: 6.
num_arena_births: 1078.
num_arena_deaths: 0.
num_vsnodes_births: 2.
num_vsnodes_deaths: 0.
num_space_committed: 731.
num_space_uncommitted: 0.
num_chunks_returned_to_freelist: 6.
num_chunks_taken_from_freelist: 2586.
num_chunk_merges: 6.
num_chunk_splits: 1724.
num_chunks_enlarged: 1171.
num_inconsistent_stats: 0.

CodeHeap 'non-profiled nmethods': size=120032Kb used=3797Kb max_used=3797Kb free=116234Kb
 bounds [0x00007438e08c8000, 0x00007438e0c88000, 0x00007438e7e00000]
CodeHeap 'profiled nmethods': size=120028Kb used=13306Kb max_used=13306Kb free=106721Kb
 bounds [0x00007438d8e00000, 0x00007438d9b00000, 0x00007438e0337000]
CodeHeap 'non-nmethods': size=5700Kb used=1734Kb max_used=1797Kb free=3965Kb
 bounds [0x00007438e0337000, 0x00007438e05a7000, 0x00007438e08c8000]
 total_blobs=7595 nmethods=6855 adapters=645
 compilation: enabled
              stopped_count=0, restarted_count=0
 full_count=0

Compilation events (20 events):
Event: 8.828 Thread 0x00007438ec16d320 7389       2       net.minecraft.block.AbstractSignBlock::getOutlineShape (4 bytes)
Event: 8.829 Thread 0x00007438ec16d320 nmethod 7389 0x00007438d9af9e10 code [0x00007438d9af9fa0, 0x00007438d9afa0a8]
Event: 8.830 Thread 0x00007438ec16d320 7391       2       net.minecraft.block.AbstractSignBlock::getFluidState (30 bytes)
Event: 8.830 Thread 0x00007438ec16d320 nmethod 7391 0x00007438d9afa190 code [0x00007438d9afa360, 0x00007438d9afa5c8]
Event: 8.832 Thread 0x00007438ec16d320 7392       2       net.minecraft.block.DoorBlock::getOutlineShape (200 bytes)
Event: 8.832 Thread 0x00007438ec16d320 nmethod 7392 0x00007438d9afa810 code [0x00007438d9afaa40, 0x00007438d9afaf18]
Event: 8.834 Thread 0x00007438ec16d320 7393       2       net.minecraft.util.Identifier::<init> (15 bytes)
Event: 8.834 Thread 0x00007438ec16d320 nmethod 7393 0x00007438d9afb190 code [0x00007438d9afb320, 0x00007438d9afb4e8]
Event: 8.836 Thread 0x00007438ec16d320 7394       2       net.minecraft.block.AbstractBlock::getLootTableId (36 bytes)
Event: 8.837 Thread 0x00007438ec16d320 nmethod 7394 0x00007438d9afb590 code [0x00007438d9afb820, 0x00007438d9afbf10]
Event: 8.837 Thread 0x00007438ec16d320 7395       3       net.minecraft.block.StairsBlock::getOutlineShape (33 bytes)
Event: 8.838 Thread 0x00007438ec16d320 nmethod 7395 0x00007438d9afc510 code [0x00007438d9afc720, 0x00007438d9afce00]
Event: 8.846 Thread 0x00007438ec16d320 7398       2       net.minecraft.block.HangingSignBlock::getOutlineShape (34 bytes)
Event: 8.846 Thread 0x00007438ec16d320 nmethod 7398 0x00007438d9afd090 code [0x00007438d9afd240, 0x00007438d9afd458]
Event: 8.846 Thread 0x00007438ec16d320 7399       2       net.minecraft.block.HangingSignBlock::getSidesShape (11 bytes)
Event: 8.846 Thread 0x00007438ec16d320 nmethod 7399 0x00007438d9afd610 code [0x00007438d9afd7c0, 0x00007438d9afd9e0]
Event: 8.846 Thread 0x00007438ec16d320 7400       2       net.minecraft.util.shape.VoxelShape$$Lambda/0x000074387c5bf0f8::test (17 bytes)
Event: 8.847 Thread 0x00007438ec16d320 nmethod 7400 0x00007438d9afdb90 code [0x00007438d9afdd40, 0x00007438d9afde90]
Event: 8.849 Thread 0x00007438ec16d320 7401       3       net.minecraft.block.HangingSignBlock::getSidesShape (11 bytes)
Event: 8.849 Thread 0x00007438ec16d320 nmethod 7401 0x00007438d9afdf90 code [0x00007438d9afe180, 0x00007438d9afe710]

GC Heap History (20 events):
Event: 2.443 GC heap after
{Heap after GC invocations=5 (full 0):
 garbage-first heap   total 178176K, used 54727K [0x0000000707000000, 0x0000000800000000)
  region size 2048K, 1 young (2048K), 1 survivors (2048K)
 Metaspace       used 21544K, committed 21888K, reserved 1114112K
  class space    used 2245K, committed 2432K, reserved 1048576K
}
Event: 2.816 GC heap before
{Heap before GC invocations=6 (full 0):
 garbage-first heap   total 178176K, used 85447K [0x0000000707000000, 0x0000000800000000)
  region size 2048K, 17 young (34816K), 1 survivors (2048K)
 Metaspace       used 23319K, committed 23680K, reserved 1114112K
  class space    used 2468K, committed 2624K, reserved 1048576K
}
Event: 2.834 GC heap after
{Heap after GC invocations=7 (full 0):
 garbage-first heap   total 178176K, used 61594K [0x0000000707000000, 0x0000000800000000)
  region size 2048K, 3 young (6144K), 3 survivors (6144K)
 Metaspace       used 23319K, committed 23680K, reserved 1114112K
  class space    used 2468K, committed 2624K, reserved 1048576K
}
Event: 3.193 GC heap before
{Heap before GC invocations=7 (full 0):
 garbage-first heap   total 178176K, used 102554K [0x0000000707000000, 0x0000000800000000)
  region size 2048K, 23 young (47104K), 3 survivors (6144K)
 Metaspace       used 25268K, committed 25600K, reserved 1114112K
  class space    used 2687K, committed 2816K, reserved 1048576K
}
Event: 3.208 GC heap after
{Heap after GC invocations=8 (full 0):
 garbage-first heap   total 262144K, used 70166K [0x0000000707000000, 0x0000000800000000)
  region size 2048K, 3 young (6144K), 3 survivors (6144K)
 Metaspace       used 25268K, committed 25600K, reserved 1114112K
  class space    used 2687K, committed 2816K, reserved 1048576K
}
Event: 3.444 GC heap before
{Heap before GC invocations=8 (full 0):
 garbage-first heap   total 262144K, used 113174K [0x0000000707000000, 0x0000000800000000)
  region size 2048K, 24 young (49152K), 3 survivors (6144K)
 Metaspace       used 25927K, committed 26240K, reserved 1114112K
  class space    used 2741K, committed 2880K, reserved 1048576K
}
Event: 3.453 GC heap after
{Heap after GC invocations=9 (full 0):
 garbage-first heap   total 262144K, used 73378K [0x0000000707000000, 0x0000000800000000)
  region size 2048K, 2 young (4096K), 2 survivors (4096K)
 Metaspace       used 25927K, committed 26240K, reserved 1114112K
  class space    used 2741K, committed 2880K, reserved 1048576K
}
Event: 3.886 GC heap before
{Heap before GC invocations=9 (full 0):
 garbage-first heap   total 262144K, used 196258K [0x0000000707000000, 0x0000000800000000)
  region size 2048K, 62 young (126976K), 2 survivors (4096K)
 Metaspace       used 26220K, committed 26560K, reserved 1114112K
  class space    used 2760K, committed 2944K, reserved 1048576K
}
Event: 3.899 GC heap after
{Heap after GC invocations=10 (full 0):
 garbage-first heap   total 262144K, used 82189K [0x0000000707000000, 0x0000000800000000)
  region size 2048K, 6 young (12288K), 6 survivors (12288K)
 Metaspace       used 26220K, committed 26560K, reserved 1114112K
  class space    used 2760K, committed 2944K, reserved 1048576K
}
Event: 5.089 GC heap before
{Heap before GC invocations=10 (full 0):
 garbage-first heap   total 262144K, used 217357K [0x0000000707000000, 0x0000000800000000)
  region size 2048K, 66 young (135168K), 6 survivors (12288K)
 Metaspace       used 34128K, committed 34688K, reserved 1114112K
  class space    used 3767K, committed 4032K, reserved 1048576K
}
Event: 5.102 GC heap after
{Heap after GC invocations=11 (full 0):
 garbage-first heap   total 262144K, used 97310K [0x0000000707000000, 0x0000000800000000)
  region size 2048K, 6 young (12288K), 6 survivors (12288K)
 Metaspace       used 34128K, committed 34688K, reserved 1114112K
  class space    used 3767K, committed 4032K, reserved 1048576K
}
Event: 5.599 GC heap before
{Heap before GC invocations=11 (full 0):
 garbage-first heap   total 262144K, used 187422K [0x0000000707000000, 0x0000000800000000)
  region size 2048K, 51 young (104448K), 6 survivors (12288K)
 Metaspace       used 35880K, committed 36416K, reserved 1114112K
  class space    used 3944K, committed 4224K, reserved 1048576K
}
Event: 5.608 GC heap after
{Heap after GC invocations=12 (full 0):
 garbage-first heap   total 325632K, used 98976K [0x0000000707000000, 0x0000000800000000)
  region size 2048K, 3 young (6144K), 3 survivors (6144K)
 Metaspace       used 35880K, committed 36416K, reserved 1114112K
  class space    used 3944K, committed 4224K, reserved 1048576K
}
Event: 6.468 GC heap before
{Heap before GC invocations=13 (full 0):
 garbage-first heap   total 325632K, used 281248K [0x0000000707000000, 0x0000000800000000)
  region size 2048K, 92 young (188416K), 3 survivors (6144K)
 Metaspace       used 38862K, committed 39424K, reserved 1114112K
  class space    used 4240K, committed 4480K, reserved 1048576K
}
Event: 6.476 GC heap after
{Heap after GC invocations=14 (full 0):
 garbage-first heap   total 325632K, used 100823K [0x0000000707000000, 0x0000000800000000)
  region size 2048K, 4 young (8192K), 4 survivors (8192K)
 Metaspace       used 38862K, committed 39424K, reserved 1114112K
  class space    used 4240K, committed 4480K, reserved 1048576K
}
Event: 7.406 GC heap before
{Heap before GC invocations=14 (full 0):
 garbage-first heap   total 325632K, used 287191K [0x0000000707000000, 0x0000000800000000)
  region size 2048K, 95 young (194560K), 4 survivors (8192K)
 Metaspace       used 43625K, committed 44288K, reserved 1114112K
  class space    used 5003K, committed 5312K, reserved 1048576K
}
Event: 7.417 GC heap after
{Heap after GC invocations=15 (full 0):
 garbage-first heap   total 325632K, used 109281K [0x0000000707000000, 0x0000000800000000)
  region size 2048K, 9 young (18432K), 9 survivors (18432K)
 Metaspace       used 43625K, committed 44288K, reserved 1114112K
  class space    used 5003K, committed 5312K, reserved 1048576K
}
Event: 8.122 GC heap before
{Heap before GC invocations=15 (full 0):
 garbage-first heap   total 325632K, used 285409K [0x0000000707000000, 0x0000000800000000)
  region size 2048K, 95 young (194560K), 9 survivors (18432K)
 Metaspace       used 44921K, committed 45632K, reserved 1114112K
  class space    used 5218K, committed 5568K, reserved 1048576K
}
Event: 8.149 GC heap after
{Heap after GC invocations=16 (full 0):
 garbage-first heap   total 325632K, used 126568K [0x0000000707000000, 0x0000000800000000)
  region size 2048K, 12 young (24576K), 12 survivors (24576K)
 Metaspace       used 44921K, committed 45632K, reserved 1114112K
  class space    used 5218K, committed 5568K, reserved 1048576K
}
Event: 8.850 GC heap before
{Heap before GC invocations=16 (full 0):
 garbage-first heap   total 325632K, used 280168K [0x0000000707000000, 0x0000000800000000)
  region size 2048K, 87 young (178176K), 12 survivors (24576K)
 Metaspace       used 46102K, committed 46784K, reserved 1114112K
  class space    used 5380K, committed 5760K, reserved 1048576K
}

Dll operation events (11 events):
Event: 0.004 Loaded shared library /app/extra/idea-IC/jbr/lib/libjava.so
Event: 0.004 Loaded shared library /app/extra/idea-IC/jbr/lib/libzip.so
Event: 0.079 Loaded shared library /app/extra/idea-IC/jbr/lib/libinstrument.so
Event: 0.161 Loaded shared library /app/extra/idea-IC/jbr/lib/libnio.so
Event: 0.172 Loaded shared library /app/extra/idea-IC/jbr/lib/libzip.so
Event: 0.264 Loaded shared library /app/extra/idea-IC/jbr/lib/libjimage.so
Event: 0.388 Loaded shared library /app/extra/idea-IC/jbr/lib/libnet.so
Event: 1.160 Loaded shared library /app/extra/idea-IC/jbr/lib/libmanagement.so
Event: 1.163 Loaded shared library /app/extra/idea-IC/jbr/lib/libmanagement_ext.so
Event: 1.959 Loaded shared library /app/extra/idea-IC/jbr/lib/libverify.so
Event: 4.835 Loaded shared library /home/addie/.var/app/com.jetbrains.IntelliJ-IDEA-Community/cache/JNA/temp/jna14433035422281254936.tmp

Deoptimization events (20 events):
Event: 8.716 Thread 0x00007438ec03a800 Uncommon trap: trap_request=0xffffff45 fr.pc=0x00007438e0c67f74 relative=0x0000000000000154
Event: 8.716 Thread 0x00007438ec03a800 Uncommon trap: reason=unstable_if action=reinterpret pc=0x00007438e0c67f74 method=net.minecraft.util.shape.FractionalPairList.forEachPair(Lnet/minecraft/util/shape/PairList$Consumer;)Z @ 36 c2
Event: 8.716 Thread 0x00007438ec03a800 DEOPT PACKING pc=0x00007438e0c67f74 sp=0x00007438f0bfce30
Event: 8.716 Thread 0x00007438ec03a800 DEOPT UNPACKING pc=0x00007438e038af99 sp=0x00007438f0bfcdf0 mode 2
Event: 8.716 Thread 0x00007438ec03a800 DEOPT PACKING pc=0x00007438d9ab79bc sp=0x00007438f0bfd8c0
Event: 8.716 Thread 0x00007438ec03a800 DEOPT UNPACKING pc=0x00007438e038b72f sp=0x00007438f0bfceb0 mode 0
Event: 8.758 Thread 0x00007438ec03a800 Uncommon trap: trap_request=0xffffff45 fr.pc=0x00007438e0c4f4f8 relative=0x00000000000000d8
Event: 8.758 Thread 0x00007438ec03a800 Uncommon trap: reason=unstable_if action=reinterpret pc=0x00007438e0c4f4f8 method=net.minecraft.util.shape.IdentityPairList.forEachPair(Lnet/minecraft/util/shape/PairList$Consumer;)Z @ 28 c2
Event: 8.758 Thread 0x00007438ec03a800 DEOPT PACKING pc=0x00007438e0c4f4f8 sp=0x00007438f0bfd0e0
Event: 8.758 Thread 0x00007438ec03a800 DEOPT UNPACKING pc=0x00007438e038af99 sp=0x00007438f0bfd090 mode 2
Event: 8.783 Thread 0x00007438ec03a800 Uncommon trap: trap_request=0xffffffc6 fr.pc=0x00007438e0c74118 relative=0x0000000000000a18
Event: 8.783 Thread 0x00007438ec03a800 Uncommon trap: reason=bimorphic_or_optimized_type_check action=maybe_recompile pc=0x00007438e0c74118 method=net.minecraft.util.shape.VoxelShapes.createListPair(ILit/unimi/dsi/fastutil/doubles/DoubleList;Lit/unimi/dsi/fastutil/doubles/DoubleList;ZZ)Lnet/mi
Event: 8.783 Thread 0x00007438ec03a800 DEOPT PACKING pc=0x00007438e0c74118 sp=0x00007438f0bfd0f0
Event: 8.783 Thread 0x00007438ec03a800 DEOPT UNPACKING pc=0x00007438e038af99 sp=0x00007438f0bfd0b8 mode 2
Event: 8.784 Thread 0x00007438ec03a800 Uncommon trap: trap_request=0xffffffc6 fr.pc=0x00007438e0c74118 relative=0x0000000000000a18
Event: 8.784 Thread 0x00007438ec03a800 Uncommon trap: reason=bimorphic_or_optimized_type_check action=maybe_recompile pc=0x00007438e0c74118 method=net.minecraft.util.shape.VoxelShapes.createListPair(ILit/unimi/dsi/fastutil/doubles/DoubleList;Lit/unimi/dsi/fastutil/doubles/DoubleList;ZZ)Lnet/mi
Event: 8.784 Thread 0x00007438ec03a800 DEOPT PACKING pc=0x00007438e0c74118 sp=0x00007438f0bfd0f0
Event: 8.784 Thread 0x00007438ec03a800 DEOPT UNPACKING pc=0x00007438e038af99 sp=0x00007438f0bfd0b8 mode 2
Event: 8.812 Thread 0x00007438ec03a800 DEOPT PACKING pc=0x00007438d9ab2222 sp=0x00007438f0bfd320
Event: 8.812 Thread 0x00007438ec03a800 DEOPT UNPACKING pc=0x00007438e038b72f sp=0x00007438f0bfc7d8 mode 0

Classes loaded (20 events):
Event: 8.585 Loading class net/minecraft/util/math/Direction$Axis
Event: 8.585 Loading class net/minecraft/util/math/Direction$Axis done
Event: 8.585 Loading class net/minecraft/util/math/Direction$Axis
Event: 8.585 Loading class net/minecraft/util/math/Direction$Axis done
Event: 8.587 Loading class net/minecraft/util/shape/PairList
Event: 8.587 Loading class net/minecraft/util/shape/PairList done
Event: 8.587 Loading class net/minecraft/util/shape/PairList
Event: 8.587 Loading class net/minecraft/util/shape/PairList done
Event: 8.588 Loading class net/minecraft/util/shape/PairList
Event: 8.588 Loading class net/minecraft/util/shape/PairList done
Event: 8.588 Loading class net/minecraft/util/shape/PairList
Event: 8.588 Loading class net/minecraft/util/shape/PairList done
Event: 8.589 Loading class net/minecraft/util/function/BooleanBiFunction
Event: 8.589 Loading class net/minecraft/util/function/BooleanBiFunction done
Event: 8.589 Loading class net/minecraft/util/function/BooleanBiFunction
Event: 8.589 Loading class net/minecraft/util/function/BooleanBiFunction done
Event: 8.711 Loading class net/minecraft/util/shape/VoxelShape
Event: 8.711 Loading class net/minecraft/util/shape/VoxelShape done
Event: 8.711 Loading class net/minecraft/util/math/Direction$Axis
Event: 8.711 Loading class net/minecraft/util/math/Direction$Axis done

Classes unloaded (0 events):
No events

Classes redefined (1 events):
Event: 0.128 Thread 0x00007438ec15c210 redefined class name=java.lang.Throwable, count=1

Internal exceptions (20 events):
Event: 6.938 Thread 0x00007438ec03a800 Exception <a 'java/lang/NoSuchMethodError'{0x0000000715bd0540}: 'int java.lang.invoke.DirectMethodHandle$Holder.invokeStaticInit(java.lang.Object, java.lang.Object, java.lang.Object, java.lang.Object)'> (0x0000000715bd0540) 
thrown [src/hotspot/share/interpreter/linkResolver.cpp, line 783]
Event: 7.113 Thread 0x00007438ec03a800 Exception <a 'java/lang/NoSuchMethodError'{0x0000000713456330}: 'java.lang.Object java.lang.invoke.DirectMethodHandle$Holder.newInvokeSpecial(java.lang.Object, int, java.lang.Object, java.lang.Object)'> (0x0000000713456330) 
thrown [src/hotspot/share/interpreter/linkResolver.cpp, line 783]
Event: 7.129 Thread 0x00007438ec03a800 Exception <a 'java/lang/NoSuchMethodError'{0x00000007135ea788}: 'java.lang.Object java.lang.invoke.DirectMethodHandle$Holder.newInvokeSpecial(java.lang.Object, java.lang.Object, java.lang.Object, java.lang.Object, java.lang.Object, java.lang.Object, java.lang.Object, java.lang.Object)'> (0x00000007135ea788) 
thrown [src/hotspot/share/interpreter/linkResolver.cpp, line 783]
Event: 7.150 Thread 0x00007438ec03a800 Exception <a 'java/lang/NoSuchMethodError'{0x0000000713086150}: 'java.lang.Object java.lang.invoke.DirectMethodHandle$Holder.invokeStaticInit(java.lang.Object, int, java.lang.Object)'> (0x0000000713086150) 
thrown [src/hotspot/share/interpreter/linkResolver.cpp, line 783]
Event: 7.232 Thread 0x00007438ec03a800 Exception <a 'java/lang/NoSuchMethodError'{0x00000007120f50e8}: 'java.lang.Object java.lang.invoke.DirectMethodHandle$Holder.newInvokeSpecial(java.lang.Object, java.lang.Object, float)'> (0x00000007120f50e8) 
thrown [src/hotspot/share/interpreter/linkResolver.cpp, line 783]
Event: 7.235 Thread 0x00007438ec03a800 Exception <a 'java/lang/NoSuchMethodError'{0x00000007121388b8}: 'java.lang.Object java.lang.invoke.DirectMethodHandle$Holder.newInvokeSpecial(java.lang.Object, java.lang.Object, java.lang.Object, float)'> (0x00000007121388b8) 
thrown [src/hotspot/share/interpreter/linkResolver.cpp, line 783]
Event: 7.238 Thread 0x00007438ec03a800 Exception <a 'java/lang/NoSuchMethodError'{0x0000000712178dc0}: 'java.lang.Object java.lang.invoke.DirectMethodHandle$Holder.newInvokeSpecial(java.lang.Object, float)'> (0x0000000712178dc0) 
thrown [src/hotspot/share/interpreter/linkResolver.cpp, line 783]
Event: 7.287 Thread 0x00007438ec03a800 Exception <a 'java/lang/NoSuchMethodError'{0x00000007117bd590}: 'void java.lang.invoke.DirectMethodHandle$Holder.invokeStaticInit(java.lang.Object, java.lang.Object, java.lang.Object, int)'> (0x00000007117bd590) 
thrown [src/hotspot/share/interpreter/linkResolver.cpp, line 783]
Event: 7.293 Thread 0x00007438ec03a800 Exception <a 'java/lang/NoSuchMethodError'{0x0000000711421038}: 'java.lang.Object java.lang.invoke.DirectMethodHandle$Holder.invokeStatic(java.lang.Object, java.lang.Object, java.lang.Object, java.lang.Object, java.lang.Object, java.lang.Object, int)'> (0x0000000711421038) 
thrown [src/hotspot/share/interpreter/linkResolver.cpp, line 783]
Event: 7.293 Thread 0x00007438ec03a800 Exception <a 'java/lang/NoSuchMethodError'{0x0000000711424b38}: 'java.lang.Object java.lang.invoke.DirectMethodHandle$Holder.invokeStaticInit(java.lang.Object, java.lang.Object, java.lang.Object, java.lang.Object, java.lang.Object, java.lang.Object, int)'> (0x0000000711424b38) 
thrown [src/hotspot/share/interpreter/linkResolver.cpp, line 783]
Event: 7.387 Thread 0x00007438ec03a800 Exception <a 'java/lang/NoSuchMethodError'{0x000000070f689ee8}: 'int java.lang.invoke.DirectMethodHandle$Holder.invokeStaticInit(java.lang.Object, int, java.lang.Object)'> (0x000000070f689ee8) 
thrown [src/hotspot/share/interpreter/linkResolver.cpp, line 783]
Event: 7.398 Thread 0x00007438ec03a800 Exception <a 'java/lang/NoSuchMethodError'{0x000000070f7ad4e0}: 'java.lang.Object java.lang.invoke.Invokers$Holder.invoker(java.lang.Object, java.lang.Object, java.lang.Object, java.lang.Object, java.lang.Object, java.lang.Object, java.lang.Object, java.lang.Object, java.lang.Object, java.lang.Object, java.lang.Object, java.lang.Object, java.lang.Object, java.lang.Object, java.lang.Object, java.lang.Object, java.lang.Object, java.lang.Object)'> (0x000000070f7ad4e0) 
thrown [src/hotspot/share/interpreter/li
Event: 7.398 Thread 0x00007438ec03a800 Exception <a 'java/lang/NoSuchMethodError'{0x000000070f7b8598}: 'java.lang.Object java.lang.invoke.DelegatingMethodHandle$Holder.delegate(java.lang.Object, java.lang.Object, java.lang.Object, java.lang.Object, java.lang.Object, java.lang.Object, java.lang.Object, java.lang.Object, java.lang.Object, java.lang.Object, java.lang.Object, java.lang.Object, java.lang.Object, java.lang.Object, java.lang.Object, java.lang.Object, java.lang.Object, java.lang.Object)'> (0x000000070f7b8598) 
thrown [src/hotspot/share
Event: 7.404 Thread 0x00007438ec03a800 Exception <a 'java/lang/NoSuchMethodError'{0x000000070f7ec098}: 'java.lang.Object java.lang.invoke.Invokers$Holder.invoker(java.lang.Object, java.lang.Object, java.lang.Object, java.lang.Object, java.lang.Object, java.lang.Object, java.lang.Object, java.lang.Object, java.lang.Object, java.lang.Object, java.lang.Object, java.lang.Object, java.lang.Object)'> (0x000000070f7ec098) 
thrown [src/hotspot/share/interpreter/linkResolver.cpp, line 783]
Event: 7.405 Thread 0x00007438ec03a800 Exception <a 'java/lang/NoSuchMethodError'{0x000000070f7f5530}: 'java.lang.Object java.lang.invoke.DelegatingMethodHandle$Holder.delegate(java.lang.Object, java.lang.Object, java.lang.Object, java.lang.Object, java.lang.Object, java.lang.Object, java.lang.Object, java.lang.Object, java.lang.Object, java.lang.Object, java.lang.Object, java.lang.Object, java.lang.Object)'> (0x000000070f7f5530) 
thrown [src/hotspot/share/interpreter/linkResolver.cpp, line 783]
Event: 7.470 Thread 0x00007438ec03a800 Exception <a 'java/lang/NoSuchMethodError'{0x0000000719d51470}: 'int java.lang.invoke.DirectMethodHandle$Holder.invokeStaticInit(java.lang.Object, java.lang.Object, java.lang.Object, java.lang.Object, java.lang.Object)'> (0x0000000719d51470) 
thrown [src/hotspot/share/interpreter/linkResolver.cpp, line 783]
Event: 7.608 Thread 0x00007438ec03a800 Exception <a 'java/lang/NoSuchMethodError'{0x00000007184c14f8}: 'java.lang.Object java.lang.invoke.DirectMethodHandle$Holder.newInvokeSpecial(java.lang.Object, int, int, int, int, int, int)'> (0x00000007184c14f8) 
thrown [src/hotspot/share/interpreter/linkResolver.cpp, line 783]
Event: 8.566 Thread 0x00007438ec03a800 Exception <a 'java/lang/NoSuchMethodError'{0x00000007135998c8}: 'java.lang.Object java.lang.invoke.DirectMethodHandle$Holder.newInvokeSpecial(java.lang.Object, java.lang.Object, int, java.lang.Object)'> (0x00000007135998c8) 
thrown [src/hotspot/share/interpreter/linkResolver.cpp, line 783]
Event: 8.712 Thread 0x00007438ec03a800 Exception <a 'java/lang/NoSuchMethodError'{0x0000000712068ac8}: 'java.lang.Object java.lang.invoke.DirectMethodHandle$Holder.newInvokeSpecial(java.lang.Object, java.lang.Object, double, java.lang.Object)'> (0x0000000712068ac8) 
thrown [src/hotspot/share/interpreter/linkResolver.cpp, line 783]
Event: 8.713 Thread 0x00007438ec03a800 Exception <a 'java/lang/NoSuchMethodError'{0x000000071206cd40}: 'java.lang.Object java.lang.invoke.DirectMethodHandle$Holder.invokeSpecial(java.lang.Object, java.lang.Object, java.lang.Object, double, java.lang.Object)'> (0x000000071206cd40) 
thrown [src/hotspot/share/interpreter/linkResolver.cpp, line 783]

ZGC Phase Switch (0 events):
No events

VM Operations (20 events):
Event: 7.278 Executing VM operation: HandshakeAllThreads (Deoptimize) done
Event: 7.282 Executing VM operation: ICBufferFull
Event: 7.282 Executing VM operation: ICBufferFull done
Event: 7.406 Executing VM operation: G1CollectForAllocation (G1 Evacuation Pause)
Event: 7.417 Executing VM operation: G1CollectForAllocation (G1 Evacuation Pause) done
Event: 7.611 Executing VM operation: HandshakeAllThreads (Deoptimize)
Event: 7.611 Executing VM operation: HandshakeAllThreads (Deoptimize) done
Event: 7.796 Executing VM operation: ICBufferFull
Event: 7.796 Executing VM operation: ICBufferFull done
Event: 8.122 Executing VM operation: G1CollectForAllocation (G1 Evacuation Pause)
Event: 8.151 Executing VM operation: G1CollectForAllocation (G1 Evacuation Pause) done
Event: 8.694 Executing VM operation: ICBufferFull
Event: 8.695 Executing VM operation: ICBufferFull done
Event: 8.714 Executing VM operation: HandshakeAllThreads (Deoptimize)
Event: 8.714 Executing VM operation: HandshakeAllThreads (Deoptimize) done
Event: 8.715 Executing VM operation: HandshakeAllThreads (Deoptimize)
Event: 8.715 Executing VM operation: HandshakeAllThreads (Deoptimize) done
Event: 8.799 Executing VM operation: ICBufferFull
Event: 8.799 Executing VM operation: ICBufferFull done
Event: 8.850 Executing VM operation: G1CollectForAllocation (G1 Evacuation Pause)

Memory protections (20 events):
Event: 0.025 Protecting memory [0x00007438c8ede000,0x00007438c8ee2000] with protection modes 0
Event: 0.025 Protecting memory [0x00007438c8dde000,0x00007438c8de2000] with protection modes 0
Event: 0.047 Protecting memory [0x00007438c8cde000,0x00007438c8ce2000] with protection modes 0
Event: 0.063 Protecting memory [0x00007438c8bde000,0x00007438c8be2000] with protection modes 0
Event: 0.064 Protecting memory [0x00007438c8ade000,0x00007438c8ae2000] with protection modes 0
Event: 0.064 Protecting memory [0x00007438c89de000,0x00007438c89e2000] with protection modes 0
Event: 0.146 Protecting memory [0x00007438c88de000,0x00007438c88e2000] with protection modes 0
Event: 0.192 Protecting memory [0x00007438c87de000,0x00007438c87e2000] with protection modes 0
Event: 0.382 Protecting memory [0x00007438c83db000,0x00007438c83df000] with protection modes 0
Event: 0.383 Protecting memory [0x00007438c82db000,0x00007438c82df000] with protection modes 0
Event: 1.624 Protecting memory [0x00007438c81db000,0x00007438c81df000] with protection modes 0
Event: 1.761 Protecting memory [0x00007438c87de000,0x00007438c87e2000] with protection modes 0
Event: 1.822 Protecting memory [0x00007438c80db000,0x00007438c80df000] with protection modes 0
Event: 2.304 Protecting memory [0x00007438c87de000,0x00007438c87e2000] with protection modes 0
Event: 2.305 Protecting memory [0x00007438c81db000,0x00007438c81df000] with protection modes 0
Event: 2.309 Protecting memory [0x000074387af00000,0x000074387af04000] with protection modes 0
Event: 2.310 Protecting memory [0x000074387ae00000,0x000074387ae04000] with protection modes 0
Event: 2.466 Protecting memory [0x000074387af00000,0x000074387af04000] with protection modes 0
Event: 4.872 Protecting memory [0x00007438cbeaf000,0x00007438cbeb3000] with protection modes 0
Event: 4.877 Protecting memory [0x000074387af00000,0x000074387af04000] with protection modes 0

Nmethod flushes (20 events):
Event: 5.719 Thread 0x00007438ec15c210 flushing  nmethod 0x00007438d8f5e690
Event: 5.719 Thread 0x00007438ec15c210 flushing  nmethod 0x00007438d8f5ef90
Event: 5.719 Thread 0x00007438ec15c210 flushing  nmethod 0x00007438d8f61490
Event: 5.719 Thread 0x00007438ec15c210 flushing  nmethod 0x00007438d8f62010
Event: 5.719 Thread 0x00007438ec15c210 flushing  nmethod 0x00007438d8f62390
Event: 5.719 Thread 0x00007438ec15c210 flushing  nmethod 0x00007438d8f6bc90
Event: 5.719 Thread 0x00007438ec15c210 flushing  nmethod 0x00007438d8f6c210
Event: 5.719 Thread 0x00007438ec15c210 flushing  nmethod 0x00007438d8f6cc10
Event: 5.719 Thread 0x00007438ec15c210 flushing  nmethod 0x00007438d8f85910
Event: 5.719 Thread 0x00007438ec15c210 flushing  nmethod 0x00007438d8f87a90
Event: 5.719 Thread 0x00007438ec15c210 flushing  nmethod 0x00007438d8fb9890
Event: 5.719 Thread 0x00007438ec15c210 flushing  nmethod 0x00007438d8fbdd10
Event: 5.719 Thread 0x00007438ec15c210 flushing  nmethod 0x00007438d8fc6590
Event: 5.719 Thread 0x00007438ec15c210 flushing  nmethod 0x00007438d8fc7110
Event: 5.719 Thread 0x00007438ec15c210 flushing  nmethod 0x00007438d8fd4b90
Event: 5.719 Thread 0x00007438ec15c210 flushing  nmethod 0x00007438d8feb810
Event: 5.719 Thread 0x00007438ec15c210 flushing  nmethod 0x00007438d8febd10
Event: 5.719 Thread 0x00007438ec15c210 flushing  nmethod 0x00007438d9003590
Event: 5.719 Thread 0x00007438ec15c210 flushing  nmethod 0x00007438d9020e90
Event: 5.719 Thread 0x00007438ec15c210 flushing  nmethod 0x00007438d9029e10

Events (20 events):
Event: 0.382 Thread 0x00007438ec03a800 Thread added: 0x00007438ec7778e0
Event: 0.383 Thread 0x00007438ec03a800 Thread added: 0x00007438eca56170
Event: 1.624 Thread 0x00007438ec03a800 Thread added: 0x00007438ed553280
Event: 1.625 Thread 0x0000743854046220 Thread exited: 0x0000743854046220
Event: 1.761 Thread 0x00007438ec03a800 Thread added: 0x00007438ed56b9b0
Event: 1.821 Thread 0x00007438ec16d320 Thread added: 0x0000743854493f40
Event: 1.872 Thread 0x00007438ed553280 Thread exited: 0x00007438ed553280
Event: 2.070 Thread 0x00007438ed56b9b0 Thread exited: 0x00007438ed56b9b0
Event: 2.303 Thread 0x00007438ec03a800 Thread added: 0x00007438ed782a70
Event: 2.305 Thread 0x00007438ed782a70 Thread added: 0x000074383c2f1750
Event: 2.308 Thread 0x000074383c2f1750 Thread added: 0x00007438240033c0
Event: 2.310 Thread 0x00007438240033c0 Thread added: 0x000074381c001800
Event: 2.344 Thread 0x000074381c001800 Thread exited: 0x000074381c001800
Event: 2.344 Thread 0x00007438ed782a70 Thread exited: 0x00007438ed782a70
Event: 2.344 Thread 0x000074383c2f1750 Thread exited: 0x000074383c2f1750
Event: 2.345 Thread 0x00007438240033c0 Thread exited: 0x00007438240033c0
Event: 2.466 Thread 0x00007438ec03a800 Thread added: 0x00007438ed86f9b0
Event: 2.473 Thread 0x00007438ed86f9b0 Thread exited: 0x00007438ed86f9b0
Event: 4.872 Thread 0x00007438ec03a800 Thread added: 0x00007438ef025a80
Event: 4.877 Thread 0x00007438ec03a800 Thread added: 0x00007438ef00ad80


Dynamic libraries:
707000000-71ac00000 rw-p 00000000 00:00 0 
71ac00000-7ffe00000 ---p 00000000 00:00 0 
7ffe00000-7fff0c000 rw-p 00d70000 fc:01 4463260                          /app/extra/idea-IC/jbr/lib/server/classes.jsa
7fff0c000-800000000 rw-p 00000000 00:00 0 
58000466a000-58000466b000 r--p 00000000 fc:01 4463551                    /app/extra/idea-IC/jbr/bin/java
58000466b000-58000466c000 r-xp 00001000 fc:01 4463551                    /app/extra/idea-IC/jbr/bin/java
58000466c000-58000466d000 r--p 00002000 fc:01 4463551                    /app/extra/idea-IC/jbr/bin/java
58000466d000-58000466e000 r--p 00002000 fc:01 4463551                    /app/extra/idea-IC/jbr/bin/java
58000466e000-58000466f000 rw-p 00003000 fc:01 4463551                    /app/extra/idea-IC/jbr/bin/java
5800417e9000-58004183a000 rw-p 00000000 00:00 0                          [heap]
743810000000-743810021000 rw-p 00000000 00:00 0 
743810021000-743814000000 ---p 00000000 00:00 0 
743818000000-74381a5d0000 rw-p 00000000 00:00 0 
74381a5d0000-74381c000000 ---p 00000000 00:00 0 
74381c000000-74381c028000 rw-p 00000000 00:00 0 
74381c028000-743820000000 ---p 00000000 00:00 0 
743820000000-743820021000 rw-p 00000000 00:00 0 
743820021000-743824000000 ---p 00000000 00:00 0 
743824000000-743824047000 rw-p 00000000 00:00 0 
743824047000-743828000000 ---p 00000000 00:00 0 
743828000000-74382802e000 rw-p 00000000 00:00 0 
74382802e000-74382c000000 ---p 00000000 00:00 0 
74382c000000-74382c036000 rw-p 00000000 00:00 0 
74382c036000-743830000000 ---p 00000000 00:00 0 
743830000000-743830508000 rw-p 00000000 00:00 0 
743830508000-743834000000 ---p 00000000 00:00 0 
743834000000-743834021000 rw-p 00000000 00:00 0 
743834021000-743838000000 ---p 00000000 00:00 0 
743838000000-743838021000 rw-p 00000000 00:00 0 
743838021000-74383c000000 ---p 00000000 00:00 0 
74383c000000-74383c74b000 rw-p 00000000 00:00 0 
74383c74b000-743840000000 ---p 00000000 00:00 0 
743840000000-743840159000 rw-p 00000000 00:00 0 
743840159000-743844000000 ---p 00000000 00:00 0 
743844000000-743844021000 rw-p 00000000 00:00 0 
743844021000-743848000000 ---p 00000000 00:00 0 
743848000000-743848021000 rw-p 00000000 00:00 0 
743848021000-74384c000000 ---p 00000000 00:00 0 
74384c000000-74384c02d000 rw-p 00000000 00:00 0 
74384c02d000-743850000000 ---p 00000000 00:00 0 
743850000000-743852dd6000 rw-p 00000000 00:00 0 
743852dd6000-743854000000 ---p 00000000 00:00 0 
743854000000-743855112000 rw-p 00000000 00:00 0 
743855112000-743858000000 ---p 00000000 00:00 0 
743858000000-743858021000 rw-p 00000000 00:00 0 
743858021000-74385c000000 ---p 00000000 00:00 0 
74385c000000-74385c021000 rw-p 00000000 00:00 0 
74385c021000-743860000000 ---p 00000000 00:00 0 
743860000000-743860021000 rw-p 00000000 00:00 0 
743860021000-743864000000 ---p 00000000 00:00 0 
743864000000-743864021000 rw-p 00000000 00:00 0 
743864021000-743868000000 ---p 00000000 00:00 0 
743868000000-743868041000 rw-p 00000000 00:00 0 
743868041000-74386c000000 ---p 00000000 00:00 0 
74386c000000-74386c021000 rw-p 00000000 00:00 0 
74386c021000-743870000000 ---p 00000000 00:00 0 
743870000000-743870400000 rw-p 00000000 00:00 0 
743870400000-743870440000 rw-p 00000000 00:00 0 
743870440000-743870480000 rw-p 00000000 00:00 0 
743870480000-743870500000 rw-p 00000000 00:00 0 
743870500000-743870700000 rw-p 00000000 00:00 0 
743870700000-7438707c0000 rw-p 00000000 00:00 0 
7438707c0000-743870900000 rw-p 00000000 00:00 0 
743870900000-743870b80000 rw-p 00000000 00:00 0 
743870b80000-743870c00000 rw-p 00000000 00:00 0 
743870c00000-743870c60000 rw-p 00000000 00:00 0 
743870c60000-743870c80000 rw-p 00000000 00:00 0 
743870c80000-743870d00000 rw-p 00000000 00:00 0 
743870d00000-743870ec0000 rw-p 00000000 00:00 0 
743870ec0000-743870f00000 rw-p 00000000 00:00 0 
743870f00000-743871100000 rw-p 00000000 00:00 0 
743871100000-743871180000 rw-p 00000000 00:00 0 
743871180000-743871200000 rw-p 00000000 00:00 0 
743871200000-743871380000 rw-p 00000000 00:00 0 
743871380000-743871400000 rw-p 00000000 00:00 0 
743871400000-743871580000 rw-p 00000000 00:00 0 
743871580000-743871600000 rw-p 00000000 00:00 0 
743871600000-743871900000 rw-p 00000000 00:00 0 
743871900000-743871a00000 rw-p 00000000 00:00 0 
743871a00000-743872500000 rw-p 00000000 00:00 0 
743872500000-743872530000 rw-p 00000000 00:00 0 
743872530000-743872600000 ---p 00000000 00:00 0 
743872600000-7438728e0000 rw-p 00000000 00:00 0 
7438728e0000-743874000000 ---p 00000000 00:00 0 
743874000000-743874021000 rw-p 00000000 00:00 0 
743874021000-743878000000 ---p 00000000 00:00 0 
74387a4cf000-74387aa00000 rw-p 00000000 00:00 0 
74387aa00000-74387aa1e000 r-xp 00000000 fc:01 4505351                    /home/addie/.var/app/com.jetbrains.IntelliJ-IDEA-Community/cache/JNA/temp/jna14433035422281254936.tmp (deleted)
74387aa1e000-74387ac1d000 ---p 0001e000 fc:01 4505351                    /home/addie/.var/app/com.jetbrains.IntelliJ-IDEA-Community/cache/JNA/temp/jna14433035422281254936.tmp (deleted)
74387ac1d000-74387ac1e000 rw-p 0001d000 fc:01 4505351                    /home/addie/.var/app/com.jetbrains.IntelliJ-IDEA-Community/cache/JNA/temp/jna14433035422281254936.tmp (deleted)
74387ac1e000-74387ac1f000 rw-p 00000000 00:00 0 
74387ae00000-74387ae04000 ---p 00000000 00:00 0 
74387ae04000-74387af00000 rw-p 00000000 00:00 0 
74387af00000-74387af04000 ---p 00000000 00:00 0 
74387af04000-74387b000000 rw-p 00000000 00:00 0 
74387b000000-74387bd2e000 rw-p 00001000 fc:01 4463260                    /app/extra/idea-IC/jbr/lib/server/classes.jsa
74387bd2e000-74387c000000 ---p 00000000 00:00 0 
74387c000000-74387c020000 rw-p 00000000 00:00 0 
74387c020000-74387c040000 rw-p 00000000 00:00 0 
74387c040000-74387c0c0000 rw-p 00000000 00:00 0 
74387c0c0000-74387c140000 rw-p 00000000 00:00 0 
74387c140000-74387c1c0000 rw-p 00000000 00:00 0 
74387c1c0000-74387c200000 rw-p 00000000 00:00 0 
74387c200000-74387c240000 rw-p 00000000 00:00 0 
74387c240000-74387c280000 rw-p 00000000 00:00 0 
74387c280000-74387c540000 rw-p 00000000 00:00 0 
74387c540000-74387c550000 rw-p 00000000 00:00 0 
74387c550000-74387c580000 ---p 00000000 00:00 0 
74387c580000-74387c5d0000 rw-p 00000000 00:00 0 
74387c5d0000-7438bc000000 ---p 00000000 00:00 0 
7438bc000000-7438bc021000 rw-p 00000000 00:00 0 
7438bc021000-7438c0000000 ---p 00000000 00:00 0 
7438c0000000-7438c0021000 rw-p 00000000 00:00 0 
7438c0021000-7438c4000000 ---p 00000000 00:00 0 
7438c4000000-7438c4021000 rw-p 00000000 00:00 0 
7438c4021000-7438c8000000 ---p 00000000 00:00 0 
7438c80db000-7438c80df000 ---p 00000000 00:00 0 
7438c80df000-7438c81db000 rw-p 00000000 00:00 0 
7438c81db000-7438c81df000 ---p 00000000 00:00 0 
7438c81df000-7438c82db000 rw-p 00000000 00:00 0 
7438c82db000-7438c82df000 ---p 00000000 00:00 0 
7438c82df000-7438c83db000 rw-p 00000000 00:00 0 
7438c83db000-7438c83df000 ---p 00000000 00:00 0 
7438c83df000-7438c84db000 rw-p 00000000 00:00 0 
7438c84db000-7438c84dc000 ---p 00000000 00:00 0 
7438c84dc000-7438c85dc000 rw-p 00000000 00:00 0 
7438c85dc000-7438c85dd000 ---p 00000000 00:00 0 
7438c85dd000-7438c86dd000 rw-p 00000000 00:00 0 
7438c86dd000-7438c86de000 ---p 00000000 00:00 0 
7438c86de000-7438c87de000 rw-p 00000000 00:00 0 
7438c87de000-7438c87e2000 ---p 00000000 00:00 0 
7438c87e2000-7438c88de000 rw-p 00000000 00:00 0 
7438c88de000-7438c88e2000 ---p 00000000 00:00 0 
7438c88e2000-7438c89de000 rw-p 00000000 00:00 0 
7438c89de000-7438c89e2000 ---p 00000000 00:00 0 
7438c89e2000-7438c8ade000 rw-p 00000000 00:00 0 
7438c8ade000-7438c8ae2000 ---p 00000000 00:00 0 
7438c8ae2000-7438c8bde000 rw-p 00000000 00:00 0 
7438c8bde000-7438c8be2000 ---p 00000000 00:00 0 
7438c8be2000-7438c8cde000 rw-p 00000000 00:00 0 
7438c8cde000-7438c8ce2000 ---p 00000000 00:00 0 
7438c8ce2000-7438c8dde000 rw-p 00000000 00:00 0 
7438c8dde000-7438c8de2000 ---p 00000000 00:00 0 
7438c8de2000-7438c8ede000 rw-p 00000000 00:00 0 
7438c8ede000-7438c8ee2000 ---p 00000000 00:00 0 
7438c8ee2000-7438c8fde000 rw-p 00000000 00:00 0 
7438c8fde000-7438c8fe2000 ---p 00000000 00:00 0 
7438c8fe2000-7438c90de000 rw-p 00000000 00:00 0 
7438c90de000-7438c90e2000 ---p 00000000 00:00 0 
7438c90e2000-7438c91de000 rw-p 00000000 00:00 0 
7438c91de000-7438c91e2000 ---p 00000000 00:00 0 
7438c91e2000-7438c92de000 rw-p 00000000 00:00 0 
7438c92de000-7438c92e2000 ---p 00000000 00:00 0 
7438c92e2000-7438c93de000 rw-p 00000000 00:00 0 
7438c93de000-7438c93e2000 ---p 00000000 00:00 0 
7438c93e2000-7438c94de000 rw-p 00000000 00:00 0 
7438c94de000-7438c94df000 ---p 00000000 00:00 0 
7438c94df000-7438c95df000 rw-p 00000000 00:00 0 
7438c95df000-7438c95e0000 ---p 00000000 00:00 0 
7438c95e0000-7438c96e0000 rw-p 00000000 00:00 0 
7438c97fa000-7438c97fb000 ---p 00000000 00:00 0 
7438c97fb000-7438c98fb000 rw-p 00000000 00:00 0 
7438c98fb000-7438c98fc000 ---p 00000000 00:00 0 
7438c98fc000-7438c99fc000 rw-p 00000000 00:00 0 
7438c99fc000-7438cbe00000 rw-p 00000000 00:00 0 
7438cbe65000-7438cbe6d000 r--p 00000000 fc:01 5153218                    /usr/lib/x86_64-linux-gnu/libudev.so.1.7.9
7438cbe6d000-7438cbe95000 r-xp 00008000 fc:01 5153218                    /usr/lib/x86_64-linux-gnu/libudev.so.1.7.9
7438cbe95000-7438cbea9000 r--p 00030000 fc:01 5153218                    /usr/lib/x86_64-linux-gnu/libudev.so.1.7.9
7438cbea9000-7438cbeae000 r--p 00043000 fc:01 5153218                    /usr/lib/x86_64-linux-gnu/libudev.so.1.7.9
7438cbeae000-7438cbeaf000 rw-p 00048000 fc:01 5153218                    /usr/lib/x86_64-linux-gnu/libudev.so.1.7.9
7438cbeaf000-7438cbeb3000 ---p 00000000 00:00 0 
7438cbeb3000-7438cbed1000 rw-p 00000000 00:00 0 
7438cbed1000-7438cbed5000 r--p 00000000 fc:01 5152310                    /usr/lib/x86_64-linux-gnu/libgcc_s.so.1
7438cbed5000-7438cbef9000 r-xp 00004000 fc:01 5152310                    /usr/lib/x86_64-linux-gnu/libgcc_s.so.1
7438cbef9000-7438cbefd000 r--p 00028000 fc:01 5152310                    /usr/lib/x86_64-linux-gnu/libgcc_s.so.1
7438cbefd000-7438cbefe000 r--p 0002b000 fc:01 5152310                    /usr/lib/x86_64-linux-gnu/libgcc_s.so.1
7438cbefe000-7438cbeff000 rw-p 0002c000 fc:01 5152310                    /usr/lib/x86_64-linux-gnu/libgcc_s.so.1
7438cbeff000-7438cbf00000 ---p 00000000 00:00 0 
7438cbf00000-7438cc000000 rw-p 00000000 00:00 0 
7438cc000000-7438cc02a000 rw-p 00000000 00:00 0 
7438cc02a000-7438d0000000 ---p 00000000 00:00 0 
7438d0000000-7438d0021000 rw-p 00000000 00:00 0 
7438d0021000-7438d4000000 ---p 00000000 00:00 0 
7438d4001000-7438d4005000 r--p 00000000 fc:01 5153043                    /usr/lib/x86_64-linux-gnu/libnss_resolve.so.2
7438d4005000-7438d4025000 r-xp 00004000 fc:01 5153043                    /usr/lib/x86_64-linux-gnu/libnss_resolve.so.2
7438d4025000-7438d402e000 r--p 00024000 fc:01 5153043                    /usr/lib/x86_64-linux-gnu/libnss_resolve.so.2
7438d402e000-7438d402f000 r--p 0002d000 fc:01 5153043                    /usr/lib/x86_64-linux-gnu/libnss_resolve.so.2
7438d402f000-7438d4030000 rw-p 0002e000 fc:01 5153043                    /usr/lib/x86_64-linux-gnu/libnss_resolve.so.2
7438d4030000-7438d4520000 rw-p 00000000 00:00 0 
7438d4520000-7438d7e68000 ---p 00000000 00:00 0 
7438d7e68000-7438d7f0e000 rw-p 00000000 00:00 0 
7438d7f0e000-7438d8637000 ---p 00000000 00:00 0 
7438d8637000-7438d86d6000 rw-p 00000000 00:00 0 
7438d86d6000-7438d8dff000 ---p 00000000 00:00 0 
7438d8dff000-7438d8e00000 rw-p 00000000 00:00 0 
7438d8e00000-7438d9b00000 rwxp 00000000 00:00 0 
7438d9b00000-7438e0337000 ---p 00000000 00:00 0 
7438e0337000-7438e05a7000 rwxp 00000000 00:00 0 
7438e05a7000-7438e08c8000 ---p 00000000 00:00 0 
7438e08c8000-7438e0c88000 rwxp 00000000 00:00 0 
7438e0c88000-7438e7e00000 ---p 00000000 00:00 0 
7438e7e00000-7438ebe63000 r--s 00000000 fc:01 4463245                    /app/extra/idea-IC/jbr/lib/modules
7438ebe7e000-7438ebeff000 rw-p 00000000 00:00 0 
7438ebeff000-7438ebf00000 ---p 00000000 00:00 0 
7438ebf00000-7438ec000000 rw-p 00000000 00:00 0 
7438ec000000-7438efd6e000 rw-p 00000000 00:00 0 
7438efd6e000-7438f0000000 ---p 00000000 00:00 0 
7438f001c000-7438f001f000 r--p 00000000 fc:01 5152845                    /usr/lib/x86_64-linux-gnu/libcap.so.2.75
7438f001f000-7438f0025000 r-xp 00003000 fc:01 5152845                    /usr/lib/x86_64-linux-gnu/libcap.so.2.75
7438f0025000-7438f0027000 r--p 00009000 fc:01 5152845                    /usr/lib/x86_64-linux-gnu/libcap.so.2.75
7438f0027000-7438f0028000 r--p 0000a000 fc:01 5152845                    /usr/lib/x86_64-linux-gnu/libcap.so.2.75
7438f0028000-7438f0029000 rw-p 0000b000 fc:01 5152845                    /usr/lib/x86_64-linux-gnu/libcap.so.2.75
7438f002d000-7438f0031000 r--p 00000000 fc:01 4463106                    /app/extra/idea-IC/jbr/lib/libverify.so
7438f0031000-7438f0038000 r-xp 00004000 fc:01 4463106                    /app/extra/idea-IC/jbr/lib/libverify.so
7438f0038000-7438f003a000 r--p 0000b000 fc:01 4463106                    /app/extra/idea-IC/jbr/lib/libverify.so
7438f003a000-7438f003c000 r--p 0000c000 fc:01 4463106                    /app/extra/idea-IC/jbr/lib/libverify.so
7438f003c000-7438f003d000 rw-p 00000000 00:00 0 
7438f003d000-7438f003f000 r--p 00000000 fc:01 4463096                    /app/extra/idea-IC/jbr/lib/libmanagement_ext.so
7438f003f000-7438f0042000 r-xp 00002000 fc:01 4463096                    /app/extra/idea-IC/jbr/lib/libmanagement_ext.so
7438f0042000-7438f0043000 r--p 00005000 fc:01 4463096                    /app/extra/idea-IC/jbr/lib/libmanagement_ext.so
7438f0043000-7438f0044000 ---p 00006000 fc:01 4463096                    /app/extra/idea-IC/jbr/lib/libmanagement_ext.so
7438f0044000-7438f0045000 r--p 00006000 fc:01 4463096                    /app/extra/idea-IC/jbr/lib/libmanagement_ext.so
7438f0045000-7438f00e2000 rw-p 00000000 00:00 0 
7438f00e2000-7438f00e3000 ---p 00000000 00:00 0 
7438f00e3000-7438f01e3000 rw-p 00000000 00:00 0 
7438f01e3000-7438f0632000 rw-p 00000000 00:00 0 
7438f0632000-7438f0715000 ---p 00000000 00:00 0 
7438f0715000-7438f072f000 rw-p 00000000 00:00 0 
7438f072f000-7438f0800000 ---p 00000000 00:00 0 
7438f0800000-7438f0a78000 r--p 00000000 fc:01 3691275                    /usr/lib/locale/en_US.utf8/LC_COLLATE
7438f0a7a000-7438f0a7c000 r--p 00000000 fc:01 4463255                    /app/extra/idea-IC/jbr/lib/libmanagement.so
7438f0a7c000-7438f0a7d000 r-xp 00002000 fc:01 4463255                    /app/extra/idea-IC/jbr/lib/libmanagement.so
7438f0a7d000-7438f0a7e000 r--p 00003000 fc:01 4463255                    /app/extra/idea-IC/jbr/lib/libmanagement.so
7438f0a7e000-7438f0a7f000 r--p 00003000 fc:01 4463255                    /app/extra/idea-IC/jbr/lib/libmanagement.so
7438f0a7f000-7438f0a80000 rw-p 00000000 00:00 0 
7438f0a80000-7438f0a83000 r--p 00000000 fc:01 4463248                    /app/extra/idea-IC/jbr/lib/libnet.so
7438f0a83000-7438f0a8b000 r-xp 00003000 fc:01 4463248                    /app/extra/idea-IC/jbr/lib/libnet.so
7438f0a8b000-7438f0a8d000 r--p 0000b000 fc:01 4463248                    /app/extra/idea-IC/jbr/lib/libnet.so
7438f0a8d000-7438f0a8e000 ---p 0000d000 fc:01 4463248                    /app/extra/idea-IC/jbr/lib/libnet.so
7438f0a8e000-7438f0a8f000 r--p 0000d000 fc:01 4463248                    /app/extra/idea-IC/jbr/lib/libnet.so
7438f0a8f000-7438f0a90000 rw-p 00000000 00:00 0 
7438f0a90000-7438f0a97000 r--p 00000000 fc:01 4463268                    /app/extra/idea-IC/jbr/lib/libnio.so
7438f0a97000-7438f0aa0000 r-xp 00007000 fc:01 4463268                    /app/extra/idea-IC/jbr/lib/libnio.so
7438f0aa0000-7438f0aa4000 r--p 00010000 fc:01 4463268                    /app/extra/idea-IC/jbr/lib/libnio.so
7438f0aa4000-7438f0aa5000 ---p 00014000 fc:01 4463268                    /app/extra/idea-IC/jbr/lib/libnio.so
7438f0aa5000-7438f0aa6000 r--p 00014000 fc:01 4463268                    /app/extra/idea-IC/jbr/lib/libnio.so
7438f0aa6000-7438f0aa7000 rw-p 00015000 fc:01 4463268                    /app/extra/idea-IC/jbr/lib/libnio.so
7438f0aa7000-7438f0b00000 r--p 00000000 fc:01 3679967                    /usr/lib/locale/en_US.utf8/LC_CTYPE
7438f0b00000-7438f0b04000 ---p 00000000 00:00 0 
7438f0b04000-7438f0c00000 rw-p 00000000 00:00 0 
7438f0c00000-7438f0ea3000 r--p 00000000 fc:01 4463259                    /app/extra/idea-IC/jbr/lib/server/libjvm.so
7438f0ea3000-7438f1d11000 r-xp 002a3000 fc:01 4463259                    /app/extra/idea-IC/jbr/lib/server/libjvm.so
7438f1d11000-7438f1ff7000 r--p 01111000 fc:01 4463259                    /app/extra/idea-IC/jbr/lib/server/libjvm.so
7438f1ff7000-7438f1ff8000 ---p 013f7000 fc:01 4463259                    /app/extra/idea-IC/jbr/lib/server/libjvm.so
7438f1ff8000-7438f20cc000 r--p 013f7000 fc:01 4463259                    /app/extra/idea-IC/jbr/lib/server/libjvm.so
7438f20cc000-7438f20fc000 rw-p 014cb000 fc:01 4463259                    /app/extra/idea-IC/jbr/lib/server/libjvm.so
7438f20fc000-7438f2172000 rw-p 00000000 00:00 0 
7438f2177000-7438f2178000 r--p 00000000 fc:01 4463274                    /app/extra/idea-IC/jbr/lib/libdt_socket.so
7438f2178000-7438f217b000 r-xp 00001000 fc:01 4463274                    /app/extra/idea-IC/jbr/lib/libdt_socket.so
7438f217b000-7438f217c000 r--p 00004000 fc:01 4463274                    /app/extra/idea-IC/jbr/lib/libdt_socket.so
7438f217c000-7438f217d000 ---p 00005000 fc:01 4463274                    /app/extra/idea-IC/jbr/lib/libdt_socket.so
7438f217d000-7438f217e000 r--p 00005000 fc:01 4463274                    /app/extra/idea-IC/jbr/lib/libdt_socket.so
7438f217e000-7438f217f000 rw-p 00006000 fc:01 4463274                    /app/extra/idea-IC/jbr/lib/libdt_socket.so
7438f217f000-7438f2184000 rw-p 00000000 00:00 0 
7438f2184000-7438f218b000 ---p 00000000 00:00 0 
7438f218b000-7438f2192000 r--s 00111000 fc:01 4462877                    /app/extra/idea-IC/plugins/java/lib/rt/debugger-agent.jar
7438f2192000-7438f2194000 r--p 00000000 fc:01 4463229                    /app/extra/idea-IC/jbr/lib/libzip.so
7438f2194000-7438f2198000 r-xp 00002000 fc:01 4463229                    /app/extra/idea-IC/jbr/lib/libzip.so
7438f2198000-7438f219a000 r--p 00006000 fc:01 4463229                    /app/extra/idea-IC/jbr/lib/libzip.so
7438f219a000-7438f219b000 r--p 00007000 fc:01 4463229                    /app/extra/idea-IC/jbr/lib/libzip.so
7438f219b000-7438f219c000 rw-p 00000000 00:00 0 
7438f219c000-7438f21a4000 rw-s 00000000 00:35 425                        /tmp/hsperfdata_addie/809
7438f21a4000-7438f21a5000 r--p 00000000 fc:01 3677950                    /usr/lib/locale/en_US.utf8/LC_NUMERIC
7438f21a5000-7438f21a6000 r--p 00000000 fc:01 3684131                    /usr/lib/locale/en_US.utf8/LC_TIME
7438f21a6000-7438f21a7000 r--p 00000000 fc:01 3681590                    /usr/lib/locale/en_US.utf8/LC_MONETARY
7438f21a7000-7438f21a8000 r--p 00000000 fc:01 3685605                    /usr/lib/locale/en_US.utf8/LC_MESSAGES/SYS_LC_MESSAGES
7438f21a8000-7438f21a9000 r--p 00000000 fc:01 3687416                    /usr/lib/locale/en_US.utf8/LC_PAPER
7438f21a9000-7438f21aa000 r--p 00000000 fc:01 3677006                    /usr/lib/locale/en_US.utf8/LC_NAME
7438f21aa000-7438f21b1000 r--s 00000000 fc:01 3684190                    /usr/lib/x86_64-linux-gnu/gconv/gconv-modules.cache
7438f21b1000-7438f21be000 r--p 00000000 fc:01 4463246                    /app/extra/idea-IC/jbr/lib/libjava.so
7438f21be000-7438f21cc000 r-xp 0000d000 fc:01 4463246                    /app/extra/idea-IC/jbr/lib/libjava.so
7438f21cc000-7438f21d1000 r--p 0001b000 fc:01 4463246                    /app/extra/idea-IC/jbr/lib/libjava.so
7438f21d1000-7438f21d2000 ---p 00020000 fc:01 4463246                    /app/extra/idea-IC/jbr/lib/libjava.so
7438f21d2000-7438f21d3000 r--p 00020000 fc:01 4463246                    /app/extra/idea-IC/jbr/lib/libjava.so
7438f21d3000-7438f21d4000 rw-p 00021000 fc:01 4463246                    /app/extra/idea-IC/jbr/lib/libjava.so
7438f21d4000-7438f21d5000 rw-p 00000000 00:00 0 
7438f21d5000-7438f21d8000 r--p 00000000 fc:01 4463235                    /app/extra/idea-IC/jbr/lib/libjdwp.so
7438f21d8000-7438f2207000 r-xp 00003000 fc:01 4463235                    /app/extra/idea-IC/jbr/lib/libjdwp.so
7438f2207000-7438f2216000 r--p 00032000 fc:01 4463235                    /app/extra/idea-IC/jbr/lib/libjdwp.so
7438f2216000-7438f2217000 r--p 00040000 fc:01 4463235                    /app/extra/idea-IC/jbr/lib/libjdwp.so
7438f2217000-7438f2218000 rw-p 00041000 fc:01 4463235                    /app/extra/idea-IC/jbr/lib/libjdwp.so
7438f2218000-7438f2219000 rw-p 00000000 00:00 0 
7438f2219000-7438f221c000 r--p 00000000 fc:01 4463109                    /app/extra/idea-IC/jbr/lib/libjimage.so
7438f221c000-7438f2230000 r-xp 00003000 fc:01 4463109                    /app/extra/idea-IC/jbr/lib/libjimage.so
7438f2230000-7438f2236000 r--p 00017000 fc:01 4463109                    /app/extra/idea-IC/jbr/lib/libjimage.so
7438f2236000-7438f2238000 r--p 0001c000 fc:01 4463109                    /app/extra/idea-IC/jbr/lib/libjimage.so
7438f2238000-7438f2239000 rw-p 0001e000 fc:01 4463109                    /app/extra/idea-IC/jbr/lib/libjimage.so
7438f2239000-7438f2249000 r--p 00000000 fc:01 5153491                    /usr/lib/x86_64-linux-gnu/libm.so.6
7438f2249000-7438f22ca000 r-xp 00010000 fc:01 5153491                    /usr/lib/x86_64-linux-gnu/libm.so.6
7438f22ca000-7438f2326000 r--p 00091000 fc:01 5153491                    /usr/lib/x86_64-linux-gnu/libm.so.6
7438f2326000-7438f2327000 r--p 000ec000 fc:01 5153491                    /usr/lib/x86_64-linux-gnu/libm.so.6
7438f2327000-7438f2328000 rw-p 000ed000 fc:01 5153491                    /usr/lib/x86_64-linux-gnu/libm.so.6
7438f2328000-7438f2329000 r--p 00000000 fc:01 5151579                    /usr/lib/x86_64-linux-gnu/librt.so.1
7438f2329000-7438f232a000 r-xp 00001000 fc:01 5151579                    /usr/lib/x86_64-linux-gnu/librt.so.1
7438f232a000-7438f232b000 r--p 00002000 fc:01 5151579                    /usr/lib/x86_64-linux-gnu/librt.so.1
7438f232b000-7438f232c000 r--p 00002000 fc:01 5151579                    /usr/lib/x86_64-linux-gnu/librt.so.1
7438f232c000-7438f232d000 rw-p 00003000 fc:01 5151579                    /usr/lib/x86_64-linux-gnu/librt.so.1
7438f232d000-7438f232f000 rw-p 00000000 00:00 0 
7438f232f000-7438f2357000 r--p 00000000 fc:01 5152562                    /usr/lib/x86_64-linux-gnu/libc.so.6
7438f2357000-7438f24cc000 r-xp 00028000 fc:01 5152562                    /usr/lib/x86_64-linux-gnu/libc.so.6
7438f24cc000-7438f251b000 r--p 0019d000 fc:01 5152562                    /usr/lib/x86_64-linux-gnu/libc.so.6
7438f251b000-7438f251f000 r--p 001eb000 fc:01 5152562                    /usr/lib/x86_64-linux-gnu/libc.so.6
7438f251f000-7438f2521000 rw-p 001ef000 fc:01 5152562                    /usr/lib/x86_64-linux-gnu/libc.so.6
7438f2521000-7438f252e000 rw-p 00000000 00:00 0 
7438f252e000-7438f252f000 r--p 00000000 fc:01 5151863                    /usr/lib/x86_64-linux-gnu/libdl.so.2
7438f252f000-7438f2530000 r-xp 00001000 fc:01 5151863                    /usr/lib/x86_64-linux-gnu/libdl.so.2
7438f2530000-7438f2531000 r--p 00002000 fc:01 5151863                    /usr/lib/x86_64-linux-gnu/libdl.so.2
7438f2531000-7438f2532000 r--p 00002000 fc:01 5151863                    /usr/lib/x86_64-linux-gnu/libdl.so.2
7438f2532000-7438f2533000 rw-p 00003000 fc:01 5151863                    /usr/lib/x86_64-linux-gnu/libdl.so.2
7438f2533000-7438f2534000 r--p 00000000 fc:01 5153244                    /usr/lib/x86_64-linux-gnu/libpthread.so.0
7438f2534000-7438f2535000 r-xp 00001000 fc:01 5153244                    /usr/lib/x86_64-linux-gnu/libpthread.so.0
7438f2535000-7438f2536000 r--p 00002000 fc:01 5153244                    /usr/lib/x86_64-linux-gnu/libpthread.so.0
7438f2536000-7438f2537000 r--p 00002000 fc:01 5153244                    /usr/lib/x86_64-linux-gnu/libpthread.so.0
7438f2537000-7438f2538000 rw-p 00003000 fc:01 5153244                    /usr/lib/x86_64-linux-gnu/libpthread.so.0
7438f2538000-7438f253a000 r--p 00000000 fc:01 4463102                    /app/extra/idea-IC/jbr/lib/libjli.so
7438f253a000-7438f2544000 r-xp 00002000 fc:01 4463102                    /app/extra/idea-IC/jbr/lib/libjli.so
7438f2544000-7438f2547000 r--p 0000c000 fc:01 4463102                    /app/extra/idea-IC/jbr/lib/libjli.so
7438f2547000-7438f2548000 ---p 0000f000 fc:01 4463102                    /app/extra/idea-IC/jbr/lib/libjli.so
7438f2548000-7438f2549000 r--p 0000f000 fc:01 4463102                    /app/extra/idea-IC/jbr/lib/libjli.so
7438f2549000-7438f254a000 rw-p 00010000 fc:01 4463102                    /app/extra/idea-IC/jbr/lib/libjli.so
7438f254a000-7438f254d000 r--p 00000000 fc:01 5151605                    /usr/lib/x86_64-linux-gnu/libz.so.1.3.1
7438f254d000-7438f255c000 r-xp 00003000 fc:01 5151605                    /usr/lib/x86_64-linux-gnu/libz.so.1.3.1
7438f255c000-7438f2562000 r--p 00012000 fc:01 5151605                    /usr/lib/x86_64-linux-gnu/libz.so.1.3.1
7438f2562000-7438f2563000 r--p 00018000 fc:01 5151605                    /usr/lib/x86_64-linux-gnu/libz.so.1.3.1
7438f2563000-7438f2564000 rw-p 00019000 fc:01 5151605                    /usr/lib/x86_64-linux-gnu/libz.so.1.3.1
7438f2564000-7438f2565000 r--p 00000000 fc:01 3688353                    /usr/lib/locale/en_US.utf8/LC_ADDRESS
7438f2565000-7438f2566000 r--p 00000000 fc:01 3681723                    /usr/lib/locale/en_US.utf8/LC_TELEPHONE
7438f2566000-7438f2567000 r--p 00000000 fc:01 3688508                    /usr/lib/locale/en_US.utf8/LC_MEASUREMENT
7438f2567000-7438f2568000 r--p 00000000 fc:01 3685090                    /usr/lib/locale/en_US.utf8/LC_IDENTIFICATION
7438f2568000-7438f256a000 r--p 00000000 fc:01 4463116                    /app/extra/idea-IC/jbr/lib/libinstrument.so
7438f256a000-7438f2570000 r-xp 00002000 fc:01 4463116                    /app/extra/idea-IC/jbr/lib/libinstrument.so
7438f2570000-7438f2573000 r--p 00008000 fc:01 4463116                    /app/extra/idea-IC/jbr/lib/libinstrument.so
7438f2573000-7438f2574000 r--p 0000a000 fc:01 4463116                    /app/extra/idea-IC/jbr/lib/libinstrument.so
7438f2574000-7438f2575000 rw-p 0000b000 fc:01 4463116                    /app/extra/idea-IC/jbr/lib/libinstrument.so
7438f2575000-7438f2576000 ---p 00000000 00:00 0 
7438f2576000-7438f2577000 r--p 00000000 00:00 0 
7438f2577000-7438f2578000 ---p 00000000 00:00 0 
7438f2578000-7438f257a000 rw-p 00000000 00:00 0 
7438f257a000-7438f257e000 r--p 00000000 00:00 0                          [vvar]
7438f257e000-7438f2580000 r-xp 00000000 00:00 0                          [vdso]
7438f2580000-7438f2581000 r--p 00000000 fc:01 5152579                    /usr/lib/x86_64-linux-gnu/ld-linux-x86-64.so.2
7438f2581000-7438f25aa000 r-xp 00001000 fc:01 5152579                    /usr/lib/x86_64-linux-gnu/ld-linux-x86-64.so.2
7438f25aa000-7438f25b4000 r--p 0002a000 fc:01 5152579                    /usr/lib/x86_64-linux-gnu/ld-linux-x86-64.so.2
7438f25b4000-7438f25b6000 r--p 00034000 fc:01 5152579                    /usr/lib/x86_64-linux-gnu/ld-linux-x86-64.so.2
7438f25b6000-7438f25b8000 rw-p 00036000 fc:01 5152579                    /usr/lib/x86_64-linux-gnu/ld-linux-x86-64.so.2
7ffc66c45000-7ffc66c67000 rw-p 00000000 00:00 0                          [stack]
ffffffffff600000-ffffffffff601000 --xp 00000000 00:00 0                  [vsyscall]
Total number of mappings: 357


VM Arguments:
jvm_args: -Ddebugger.agent.enable.coroutines=true -Dfabric.dli.config=/media/addie/DECE-9D82/spartanexteriors/.gradle/loom-cache/launch.cfg -Dfabric.dli.env=client -Dfabric.dli.main=net.fabricmc.loader.impl.launch.knot.KnotClient -Dkotlinx.coroutines.debug.enable.creation.stack.trace=false -Dkotlinx.coroutines.debug.enable.flows.stack.trace=true -Dkotlinx.coroutines.debug.enable.mutable.state.flows.stack.trace=true -agentlib:jdwp=transport=dt_socket,server=n,suspend=y,address=127.0.0.1:34149 -javaagent:/app/extra/idea-IC/plugins/java/lib/rt/debugger-agent.jar=file:///tmp/capture4246010133338542282.props -javaagent:/home/addie/.gradle/caches/modules-2/files-2.1/org.jetbrains.kotlinx/kotlinx-coroutines-core-jvm/1.8.0/ac1dc37a30a93150b704022f8d895ee1bd3a36b3/kotlinx-coroutines-core-jvm-1.8.0.jar -Dfile.encoding=UTF-8 -Duser.country=US -Duser.language=en -Duser.variant -ea -Dawt.toolkit.name=XToolkit 
java_command: net.fabricmc.devlaunchinjector.Main
java_class_path (initial): /media/addie/DECE-9D82/spartanexteriors/build/classes/java/main:/media/addie/DECE-9D82/spartanexteriors/build/resources/main:/home/addie/.gradle/caches/fabric-loom/1.20.1/net.fabricmc.yarn.1_20_1.1.20.1+build.10-v2/mappings.jar:/home/addie/.gradle/caches/modules-2/files-2.1/net.objecthunter/exp4j/0.4.8/cf1cfc0f958077d86ac7452c7e36d944689b2ec4/exp4j-0.4.8.jar:/home/addie/.gradle/caches/modules-2/files-2.1/org.ow2.asm/asm/9.8/dc19ecb3f7889b7860697215cae99c0f9b6f6b4b/asm-9.8.jar:/home/addie/.gradle/caches/modules-2/files-2.1/org.ow2.asm/asm-analysis/9.8/b9747a320844b6cb1eacd90d8ecfd260a16c01d3/asm-analysis-9.8.jar:/home/addie/.gradle/caches/modules-2/files-2.1/org.ow2.asm/asm-commons/9.8/36e4d212970388e5bd2c5180292012502df461bb/asm-commons-9.8.jar:/home/addie/.gradle/caches/modules-2/files-2.1/org.ow2.asm/asm-tree/9.8/18419ca5b77a2f81097c741e7872e6ab8d2f40d/asm-tree-9.8.jar:/home/addie/.gradle/caches/modules-2/files-2.1/org.ow2.asm/asm-util/9.8/395f1c1f035258511f27bc9b2583d76e4b143f59/asm-util-9.8.jar:/home/addie/.gradle/caches/modules-2/files-2.1/net.fabricmc/sponge-mixin/0.15.5+mixin.0.8.7/22f9eb729e216a091673a574a5906dc1b9027fb3/sponge-mixin-0.15.5+mixin.0.8.7.jar:/home/addie/.gradle/caches/modules-2/files-2.1/io.github.llamalad7/mixinextras-fabric/0.4.1/8d1a9e96afb990367fa1f904d17580d164da72e3/mixinextras-fabric-0.4.1.jar:/home/addie/.gradle/caches/modules-2/files-2.1/net.fabricmc/dev-launch-injector/0.2.1+build.8/da8bef7e6e2f952da707f282bdb46882a0fce5e3/dev-launch-injector-0.2.1+build.8.jar:/home/addie/.gradle/caches/modules-2/files-2.1/net.minecrell/terminalconsoleappender/1.3.0/b562e9bb61235c9520e26282cdee71f8f802d1fc/terminalconsoleappender-1.3.0.jar:/home/addie/.gradle/caches/modules-2/files-2.1/com.github.oshi/oshi-core/6.2.2/54f5efc19bca95d709d9a37d19ffcbba3d21c1a6/oshi-core-6.2.2.jar:/home/addie/.gradle/caches/modules-2/files-2.1/com.google.code.gson/gson/2.10.1/b3add478d4382b78ea20b1671390a858002feb6c/gson-2.10.1.jar:/home/addie/.gradle/caches/modules-2/files-2.1/com.google.guava/failureaccess/1.0.1/1dcf1de382a0bf95a3d8b0849546c88bac1292c9/failureaccess-1.0.1.jar:/home/addie/.gradle/caches/modules-2/files-2.1/com.google.guava/guava/31.1-jre/60458f877d055d0c9114d9e1a2efb737b4bc282c/guava-31.1-jre.jar:/home/addie/.gradle/caches/modules-2/files-2.1/com.ibm.icu/icu4j/71.1/9e7d3304c23f9ba5cb71915f7cce23231a57a445/icu4j-71.1.jar:/home/addie/.gradle/caches/modules-2/files-2.1/com.mojang/authlib/4.0.43/2ff9d747a77570a07a60d32ac77eb6162ad2a2d9/authlib-4.0.43.jar:/home/addie/.gradle/caches/modules-2/files-2.1/com.mojang/blocklist/1.0.10/5c685c5ffa94c4cd39496c7184c1d122e515ecef/blocklist-1.0.10.jar:/home/addie/.gradle/caches/modules-2/files-2.1/com.mojang/brigadier/1.1.8/5244ce82c3337bba4a196a3ce858bfaecc74404a/brigadier-1.1.8.jar:/home/addie/.gradle/caches/modules-2/files-2.1/com.mojang/datafixerupper/6.0.8/3ba4a30557a9b057760af4011f909ba619fc5125/datafixerupper-6.0.8.jar:/home/addie/.gradle/caches/modules-2/files-2.1/com.mojang/logging/1.1.1/832b8e6674a9b325a5175a3a6267dfaf34c85139/logging-1.1.1.jar:/home/addie/.gradle/caches/modules-2/files-2.1/com.mojang/patchy/2.2.10/da05971b07cbb379d002cf7eaec6a2048211fefc/patchy-2.2.10.jar:/home/addie/.gradle/caches/modules-2/files-2.1/com.mojang/text2speech/1.17.9/3cad216e3a7f0c19b4b394388bc9ffc446f13b14/text2speech-1.17.9.jar:/home/addie/.gradle/caches/modules-2/files-2.1/commons-codec/commons-codec/1.15/49d94806b6e3dc933dacbd8acb0fdbab8ebd1e5d/commons-codec-1.15.jar:/home/addie/.gradle/caches/modules-2/files-2.1/commons-io/commons-io/2.11.0/a2503f302b11ebde7ebc3df41daebe0e4eea3689/commons-io-2.11.0.jar:/home/addie/.gradle/caches/modules-2/files-2.1/commons-logging/commons-logging/1.2/4bfc12adfe4842bf07b657f0369c4cb522955686/commons-logging-1.2.jar:/home/addie/.gradle/caches/modules-2/files-2.1/io.netty/netty-buffer/4.1.82.Final/a544270cf1ae8b8077082f5036436a9a9971ea71/netty-buffer-4.1.82.Final.jar:/home/addie/.gradle/caches/modules-2/files-2.1/io.netty/netty-codec/4.1.82.Final/b77200379acb345a9ffdece1c605e591ac3e4e0a/netty-codec-4.1.82.Final.jar:/home/addie/.gradle/caches/modules-2/files-2.1/io.netty/netty-common/4.1.82.Final/22d148e85c3f5ebdacc0ce1f5aabb1d420f73f3/netty-common-4.1.82.Final.jar:/home/addie/.gradle/caches/modules-2/files-2.1/io.netty/netty-handler/4.1.82.Final/644041d1fa96a5d3130a29e8978630d716d76e38/netty-handler-4.1.82.Final.jar:/home/addie/.gradle/caches/modules-2/files-2.1/io.netty/netty-resolver/4.1.82.Final/38f665ae8dcd29032eea31245ba7806bed2e0fa8/netty-resolver-4.1.82.Final.jar:/home/addie/.gradle/caches/modules-2/files-2.1/io.netty/netty-transport-classes-epoll/4.1.82.Final/e7c7dd18deac93105797f30057c912651ea76521/netty-transport-classes-epoll-4.1.82.Final.jar:/home/addie/.gradle/caches/modules-2/files-2.1/io.netty/netty-transport-native-epoll/4.1.82.Final/476409d6255001ca53a55f65b01c13822f8dc93a/netty-transport-native-epoll-4.1.82.Final-linux-aarch_64.jar:/home/addie/.gradle/caches/modules-2/files-2.1/io.netty/netty-transport-native-epoll/4.1.82.Final/c7350a71920f3ae9142945e25fed4846cce53374/netty-transport-native-epoll-4.1.82.Final-linux-x86_64.jar:/home/addie/.gradle/caches/modules-2/files-2.1/io.netty/netty-transport-native-unix-common/4.1.82.Final/3e895b35ca1b8a0eca56cacff4c2dde5d2c6abce/netty-transport-native-unix-common-4.1.82.Final.jar:/home/addie/.gradle/caches/modules-2/files-2.1/io.netty/netty-transport/4.1.82.Final/e431a218d91acb6476ccad5f5aafde50aa3945ca/netty-transport-4.1.82.Final.jar:/home/addie/.gradle/caches/modules-2/files-2.1/it.unimi.dsi/fastutil/8.5.9/bb7ea75ecdb216654237830b3a96d87ad91f8cc5/fastutil-8.5.9.jar:/home/addie/.gradle/caches/modules-2/files-2.1/net.java.dev.jna/jna-platform/5.12.1/97406a297c852f4a41e688a176ec675f72e8329/jna-platform-5.12.1.jar:/home/addie/.gradle/caches/modules-2/files-2.1/net.java.dev.jna/jna/5.12.1/b1e93a735caea94f503e95e6fe79bf9cdc1e985d/jna-5.12.1.jar:/home/addie/.gradle/caches/modules-2/files-2.1/net.sf.jopt-simple/jopt-simple/5.0.4/4fdac2fbe92dfad86aa6e9301736f6b4342a3f5c/jopt-simple-5.0.4.jar:/home/addie/.gradle/caches/modules-2/files-2.1/org.apache.commons/commons-compress/1.21/4ec95b60d4e86b5c95a0e919cb172a0af98011ef/commons-compress-1.21.jar:/home/addie/.gradle/caches/modules-2/files-2.1/org.apache.commons/commons-lang3/3.12.0/c6842c86792ff03b9f1d1fe2aab8dc23aa6c6f0e/commons-lang3-3.12.0.jar:/home/addie/.gradle/caches/modules-2/files-2.1/org.apache.httpcomponents/httpclient/4.5.13/e5f6cae5ca7ecaac1ec2827a9e2d65ae2869cada/httpclient-4.5.13.jar:/home/addie/.gradle/caches/modules-2/files-2.1/org.apache.httpcomponents/httpcore/4.4.15/7f2e0c573eaa7a74bac2e89b359e1f73d92a0a1d/httpcore-4.4.15.jar:/home/addie/.gradle/caches/modules-2/files-2.1/org.apache.logging.log4j/log4j-core/2.19.0/3b6eeb4de4c49c0fe38a4ee27188ff5fee44d0bb/log4j-core-2.19.0.jar:/home/addie/.gradle/caches/modules-2/files-2.1/org.apache.logging.log4j/log4j-api/2.19.0/ea1b37f38c327596b216542bc636cfdc0b8036fa/log4j-api-2.19.0.jar:/home/addie/.gradle/caches/modules-2/files-2.1/org.apache.logging.log4j/log4j-slf4j2-impl/2.19.0/5c04bfdd63ce9dceb2e284b81e96b6a70010ee10/log4j-slf4j2-impl-2.19.0.jar:/home/addie/.gradle/caches/modules-2/files-2.1/org.joml/joml/1.10.5/22566d58af70ad3d72308bab63b8339906deb649/joml-1.10.5.jar:/home/addie/.gradle/caches/modules-2/files-2.1/org.lwjgl/lwjgl-glfw/3.3.2/757920418805fb90bfebb3d46b1d9e7669fca2eb/lwjgl-glfw-3.3.2.jar:/home/addie/.gradle/caches/modules-2/files-2.1/org.lwjgl/lwjgl-glfw/3.3.2/766bb0e8e829598b1c8052fd8173c62af741c52/lwjgl-glfw-3.3.2-natives-linux.jar:/home/addie/.gradle/caches/modules-2/files-2.1/org.lwjgl/lwjgl-jemalloc/3.3.2/877e17e39ebcd58a9c956dc3b5b777813de0873a/lwjgl-jemalloc-3.3.2.jar:/home/addie/.gradle/caches/modules-2/files-2.1/org.lwjgl/lwjgl-jemalloc/3.3.2/2bc33176cdfabf34a63df154b80914e8f433316b/lwjgl-jemalloc-3.3.2-natives-linux.jar:/home/addie/.gradle/caches/modules-2/files-2.1/org.lwjgl/lwjgl-openal/3.3.2/ae5357ed6d934546d3533993ea84c0cfb75eed95/lwjgl-openal-3.3.2.jar:/home/addie/.gradle/caches/modules-2/files-2.1/org.lwjgl/lwjgl-openal/3.3.2/650981780b8bbfb3ce43657b22ec8e77bfb1f37a/lwjgl-openal-3.3.2-natives-linux.jar:/home/addie/.gradle/caches/modules-2/files-2.1/org.lwjgl/lwjgl-opengl/3.3.2/ee8e95be0b438602038bc1f02dc5e3d011b1b216/lwjgl-opengl-3.3.2.jar:/home/addie/.gradle/caches/modules-2/files-2.1/org.lwjgl/lwjgl-opengl/3.3.2/b8368430ef0d91a5acbc6fbfa47b20c3ec083aec/lwjgl-opengl-3.3.2-natives-linux.jar:/home/addie/.gradle/caches/modules-2/files-2.1/org.lwjgl/lwjgl-stb/3.3.2/a2550795014d622b686e9caac50b14baa87d2c70/lwjgl-stb-3.3.2.jar:/home/addie/.gradle/caches/modules-2/files-2.1/org.lwjgl/lwjgl-stb/3.3.2/5c987f43b342d722b54970159040af76f1c87403/lwjgl-stb-3.3.2-natives-linux.jar:/home/addie/.gradle/caches/modules-2/files-2.1/org.lwjgl/lwjgl-tinyfd/3.3.2/9f65c248dd77934105274fcf8351abb75b34327c/lwjgl-tinyfd-3.3.2.jar:/home/addie/.gradle/caches/modules-2/files-2.1/org.lwjgl/lwjgl-tinyfd/3.3.2/5d27fc67172b3fcd8400d61a7cfb75da881f609/lwjgl-tinyfd-3.3.2-natives-linux.jar:/home/addie/.gradle/caches/modules-2/files-2.1/org.lwjgl/lwjgl/3.3.2/4421d94af68e35dcaa31737a6fc59136a1e61b94/lwjgl-3.3.2.jar:/home/addie/.gradle/caches/modules-2/files-2.1/org.lwjgl/lwjgl/3.3.2/767684973f259d97e7dc66a125eb153986f177e7/lwjgl-3.3.2-natives-linux.jar:/home/addie/.gradle/caches/modules-2/files-2.1/org.slf4j/slf4j-api/2.0.1/f48d81adce2abf5ad3cfe463df517952749e03bc/slf4j-api-2.0.1.jar:/media/addie/DECE-9D82/spartanexteriors/.gradle/loom-cache/minecraftMaven/net/minecraft/minecraft-merged-468af48886/1.20.1-net.fabricmc.yarn.1_20_1.1.20.1+build.10-v2/minecraft-merged-468af48886-1.20.1-net.fabricmc.yarn.1_20_1.1.20.1+build.10-v2.jar:/home/addie/.gradle/caches/modules-2/files-2.1/net.fabricmc/fabric-loader/0.16.14/5778d47f536bf2c63ed2abc1a56f5a1c129e34a/fabric-loader-0.16.14.jar:/home/addie/.gradle/caches/modules-2/files-2.1/com.twelvemonkeys.imageio/imageio-webp/3.10.0/3141f8c0d8785f80be86710d3bbfccd724d2b465/imageio-webp-3.10.0.jar:/home/addie/.gradle/caches/modules-2/files-2.1/com.twelvemonkeys.imageio/imageio-metadata/3.10.0/dcc31330b51212b200239a3bfcfc790287550c54/imageio-metadata-3.10.0.jar:/home/addie/.gradle/caches/modules-2/files-2.1/com.twelvemonkeys.imageio/imageio-core/3.10.0/28c71789037373fb60668ffea885dd41976a02f6/imageio-core-3.10.0.jar:/home/addie/.gradle/caches/modules-2/files-2.1/com.twelvemonkeys.common/common-image/3.10.0/5d0e07b4d51776c1ecc823e2830758205f3764ff/common-image-3.10.0.jar:/home/addie/.gradle/caches/modules-2/files-2.1/com.twelvemonkeys.common/common-io/3.10.0/5ca6fcfc92f197cfb98671c1d4fffa982970d7a7/common-io-3.10.0.jar:/home/addie/.gradle/caches/modules-2/files-2.1/com.twelvemonkeys.common/common-lang/3.10.0/a0d121664fcbc8205a17af1b4ae9b6102fe2d084/common-lang-3.10.0.jar:/home/addie/.gradle/caches/modules-2/files-2.1/org.quiltmc.parsers/gson/0.2.1/970247b00bdc5faa821b68fd68d11180d2a41e98/gson-0.2.1.jar:/home/addie/.gradle/caches/modules-2/files-2.1/org.quiltmc.parsers/json/0.2.1/46ddbb2d151f1679139bc27550c1664092881be2/json-0.2.1.jar:/home/addie/.gradle/caches/modules-2/files-2.1/org.jetbrains.kotlin/kotlin-reflect/1.9.23/ab01e1cc8428c2140891318838ad7039f6fa389a/kotlin-reflect-1.9.23.jar:/home/addie/.gradle/caches/modules-2/files-2.1/org.jetbrains.kotlinx/kotlinx-coroutines-jdk8/1.8.0/a7c63486111905ed7de8c85bb309fe7989f665c1/kotlinx-coroutines-jdk8-1.8.0.jar:/home/addie/.gradle/caches/modules-2/files-2.1/org.jetbrains.kotlinx/kotlinx-coroutines-core-jvm/1.8.0/ac1dc37a30a93150b704022f8d895ee1bd3a36b3/kotlinx-coroutines-core-jvm-1.8.0.jar:/home/addie/.gradle/caches/modules-2/files-2.1/org.jetbrains.kotlinx/kotlinx-serialization-json-jvm/1.6.3/2241746853abf04073e3ab0dcd9e6729d363b313/kotlinx-serialization-json-jvm-1.6.3.jar:/home/addie/.gradle/caches/modules-2/files-2.1/org.jetbrains.kotlinx/kotlinx-serialization-cbor-jvm/1.6.3/ad02def02f1e4d492b5fcf1967f805d5eeb47eeb/kotlinx-serialization-cbor-jvm-1.6.3.jar:/home/addie/.gradle/caches/modules-2/files-2.1/org.jetbrains.kotlinx/kotlinx-serialization-core-jvm/1.6.3/6b6c17d0312ba7192893adea9d52959941d0119b/kotlinx-serialization-core-jvm-1.6.3.jar:/home/addie/.gradle/caches/modules-2/files-2.1/org.jetbrains.kotlinx/atomicfu-jvm/0.23.2/a4601dc42dceb031a586058e8356ff778a57dea0/atomicfu-jvm-0.23.2.jar:/home/addie/.gradle/caches/modules-2/files-2.1/org.jetbrains.kotlinx/kotlinx-datetime-jvm/0.5.0/8882b30187d18d2dcb5e22587447485e6f42dfb3/kotlinx-datetime-jvm-0.5.0.jar:/home/addie/.gradle/caches/modules-2/files-2.1/org.jetbrains.kotlin/kotlin-stdlib-jdk8/1.9.23/557350a0941ddfe919fd2a30d996355bebc8a3a3/kotlin-stdlib-jdk8-1.9.23.jar:/home/addie/.gradle/caches/modules-2/files-2.1/org.jetbrains.kotlin/kotlin-stdlib-jdk7/1.9.23/b8eca9abec56bee1d01c788e3d571114416ea56d/kotlin-stdlib-jdk7-1.9.23.jar:/home/addie/.gradle/caches/modules-2/files-2.1/org.jetbrains.kotlin/kotlin-stdlib/1.9.23/dbaadea1f5e68f790d242a91a38355a83ec38747/kotlin-stdlib-1.9.23.jar:/home/addie/.gradle/caches/modules-2/files-2.1/org.jetbrains/annotations/24.0.1/13c5c75c4206580aa4d683bffee658caae6c9f43/annotations-24.0.1.jar:/media/addie/DECE-9D82/spartanexteriors/.gradle/loom-cache/remapped_mods/net_fabricmc_yarn_1_20_1_1_20_1_build_10_v2/dev/isxander/yet-another-config-lib/3.6.1+1.20.1-fabric/yet-another-config-lib-3.6.1+1.20.1-fabric.jar:/media/addie/DECE-9D82/spartanexteriors/.gradle/loom-cache/remapped_mods/net_fabricmc_yarn_1_20_1_1_20_1_build_10_v2/dev/drtheo/multidim/2.1.4/multidim-2.1.4.jar:/media/addie/DECE-9D82/spartanexteriors/.gradle/loom-cache/remapped_mods/net_fabricmc_yarn_1_20_1_1_20_1_build_10_v2/dev/drtheo/queue/1.1.0-1.20/queue-1.1.0-1.20.jar:/media/addie/DECE-9D82/spartanexteriors/.gradle/loom-cache/remapped_mods/net_fabricmc_yarn_1_20_1_1_20_1_build_10_v2/dev/drtheo/scheduler/1.1.0/scheduler-1.1.0.jar:/media/addie/DECE-9D82/spartanexteriors/.gradle/loom-cache/remapped_mods/net_fabricmc_yarn_1_20_1_1_20_1_build_10_v2/net/fabricmc/fabric-language-kotlin/1.10.19+kotlin.1.9.23/fabric-language-kotlin-1.10.19+kotlin.1.9.23.jar:/media/addie/DECE-9D82/spartanexteriors/.gradle/loom-cache/remapped_mods/net_fabricmc_yarn_1_20_1_1_20_1_build_10_v2/net/fabricmc/fabric-api/fabric-api/0.92.3+1.20.1/fabric-api-0.92.3+1.20.1.jar:/media/addie/DECE-9D82/spartanexteriors/.gradle/loom-cache/remapped_mods/net_fabricmc_yarn_1_20_1_1_20_1_build_10_v2/com/github/amblelabs/ait/84031f22c2/ait-84031f22c2.jar:/media/addie/DECE-9D82/spartanexteriors/.gradle/loom-cache/remapped_mods/net_fabricmc_yarn_1_20_1_1_20_1_build_10_v2/com/github/amblelabs/modkit/v1.1.8/modkit-v1.1.8.jar:/media/addie/DECE-9D82/spartanexteriors/.gradle/loom-cache/remapped_mods/net_fabricmc_yarn_1_20_1_1_20_1_build_10_v2/net/fabricmc/fabric-api/fabric-transfer-api-v1/3.3.5+8dd72ea377/fabric-transfer-api-v1-3.3.5+8dd72ea377.jar:/media/addie/DECE-9D82/spartanexteriors/.gradle/loom-cache/remapped_mods/net_fabricmc_yarn_1_20_1_1_20_1_build_10_v2/net/fabricmc/fabric-api/fabric-api-lookup-api-v1/1.6.36+1802ada577/fabric-api-lookup-api-v1-1.6.36+1802ada577.jar:/media/addie/DECE-9D82/spartanexteriors/.gradle/loom-cache/remapped_mods/net_fabricmc_yarn_1_20_1_1_20_1_build_10_v2/net/fabricmc/fabric-api/fabric-blockrenderlayer-v1/1.1.41+1802ada577/fabric-blockrenderlayer-v1-1.1.41+1802ada577.jar:/media/addie/DECE-9D82/spartanexteriors/.gradle/loom-cache/remapped_mods/net_fabricmc_yarn_1_20_1_1_20_1_build_10_v2/net/fabricmc/fabric-api/fabric-client-tags-api-v1/1.1.2+1802ada577/fabric-client-tags-api-v1-1.1.2+1802ada577.jar:/media/addie/DECE-9D82/spartanexteriors/.gradle/loom-cache/remapped_mods/net_fabricmc_yarn_1_20_1_1_20_1_build_10_v2/net/fabricmc/fabric-api/fabric-command-api-v1/1.2.34+f71b366f77/fabric-command-api-v1-1.2.34+f71b366f77.jar:/media/addie/DECE-9D82/spartanexteriors/.gradle/loom-cache/remapped_mods/net_fabricmc_yarn_1_20_1_1_20_1_build_10_v2/net/fabricmc/fabric-api/fabric-commands-v0/0.2.51+df3654b377/fabric-commands-v0-0.2.51+df3654b377.jar:/media/addie/DECE-9D82/spartanexteriors/.gradle/loom-cache/remapped_mods/net_fabricmc_yarn_1_20_1_1_20_1_build_10_v2/net/fabricmc/fabric-api/fabric-command-api-v2/2.2.13+1802ada577/fabric-command-api-v2-2.2.13+1802ada577.jar:/media/addie/DECE-9D82/spartanexteriors/.gradle/loom-cache/remapped_mods/net_fabricmc_yarn_1_20_1_1_20_1_build_10_v2/net/fabricmc/fabric-api/fabric-content-registries-v0/4.0.12+1802ada577/fabric-content-registries-v0-4.0.12+1802ada577.jar:/media/addie/DECE-9D82/spartanexteriors/.gradle/loom-cache/remapped_mods/net_fabricmc_yarn_1_20_1_1_20_1_build_10_v2/net/fabricmc/fabric-api/fabric-convention-tags-v1/1.5.5+1802ada577/fabric-convention-tags-v1-1.5.5+1802ada577.jar:/media/addie/DECE-9D82/spartanexteriors/.gradle/loom-cache/remapped_mods/net_fabricmc_yarn_1_20_1_1_20_1_build_10_v2/net/fabricmc/fabric-api/fabric-data-attachment-api-v1/1.0.1+de0fd6d177/fabric-data-attachment-api-v1-1.0.1+de0fd6d177.jar:/media/addie/DECE-9D82/spartanexteriors/.gradle/loom-cache/remapped_mods/net_fabricmc_yarn_1_20_1_1_20_1_build_10_v2/net/fabricmc/fabric-api/fabric-data-generation-api-v1/12.3.5+1802ada577/fabric-data-generation-api-v1-12.3.5+1802ada577.jar:/media/addie/DECE-9D82/spartanexteriors/.gradle/loom-cache/remapped_mods/net_fabricmc_yarn_1_20_1_1_20_1_build_10_v2/net/fabricmc/fabric-api/fabric-dimensions-v1/2.1.54+1802ada577/fabric-dimensions-v1-2.1.54+1802ada577.jar:/media/addie/DECE-9D82/spartanexteriors/.gradle/loom-cache/remapped_mods/net_fabricmc_yarn_1_20_1_1_20_1_build_10_v2/net/fabricmc/fabric-api/fabric-entity-events-v1/1.6.0+1c78457f77/fabric-entity-events-v1-1.6.0+1c78457f77.jar:/media/addie/DECE-9D82/spartanexteriors/.gradle/loom-cache/remapped_mods/net_fabricmc_yarn_1_20_1_1_20_1_build_10_v2/net/fabricmc/fabric-api/fabric-events-interaction-v0/0.6.3+13a40c6677/fabric-events-interaction-v0-0.6.3+13a40c6677.jar:/media/addie/DECE-9D82/spartanexteriors/.gradle/loom-cache/remapped_mods/net_fabricmc_yarn_1_20_1_1_20_1_build_10_v2/net/fabricmc/fabric-api/fabric-gametest-api-v1/1.2.14+1802ada577/fabric-gametest-api-v1-1.2.14+1802ada577.jar:/media/addie/DECE-9D82/spartanexteriors/.gradle/loom-cache/remapped_mods/net_fabricmc_yarn_1_20_1_1_20_1_build_10_v2/net/fabricmc/fabric-api/fabric-events-lifecycle-v0/0.2.63+df3654b377/fabric-events-lifecycle-v0-0.2.63+df3654b377.jar:/media/addie/DECE-9D82/spartanexteriors/.gradle/loom-cache/remapped_mods/net_fabricmc_yarn_1_20_1_1_20_1_build_10_v2/net/fabricmc/fabric-api/fabric-item-api-v1/2.1.28+1802ada577/fabric-item-api-v1-2.1.28+1802ada577.jar:/media/addie/DECE-9D82/spartanexteriors/.gradle/loom-cache/remapped_mods/net_fabricmc_yarn_1_20_1_1_20_1_build_10_v2/net/fabricmc/fabric-api/fabric-item-group-api-v1/4.0.13+1802ada577/fabric-item-group-api-v1-4.0.13+1802ada577.jar:/media/addie/DECE-9D82/spartanexteriors/.gradle/loom-cache/remapped_mods/net_fabricmc_yarn_1_20_1_1_20_1_build_10_v2/net/fabricmc/fabric-api/fabric-mining-level-api-v1/2.1.51+1802ada577/fabric-mining-level-api-v1-2.1.51+1802ada577.jar:/media/addie/DECE-9D82/spartanexteriors/.gradle/loom-cache/remapped_mods/net_fabricmc_yarn_1_20_1_1_20_1_build_10_v2/net/fabricmc/fabric-api/fabric-lifecycle-events-v1/2.2.22+1802ada577/fabric-lifecycle-events-v1-2.2.22+1802ada577.jar:/media/addie/DECE-9D82/spartanexteriors/.gradle/loom-cache/remapped_mods/net_fabricmc_yarn_1_20_1_1_20_1_build_10_v2/net/fabricmc/fabric-api/fabric-loot-tables-v1/1.1.46+9e7660c677/fabric-loot-tables-v1-1.1.46+9e7660c677.jar:/media/addie/DECE-9D82/spartanexteriors/.gradle/loom-cache/remapped_mods/net_fabricmc_yarn_1_20_1_1_20_1_build_10_v2/net/fabricmc/fabric-api/fabric-loot-api-v2/1.2.2+1802ada577/fabric-loot-api-v2-1.2.2+1802ada577.jar:/media/addie/DECE-9D82/spartanexteriors/.gradle/loom-cache/remapped_mods/net_fabricmc_yarn_1_20_1_1_20_1_build_10_v2/net/fabricmc/fabric-api/fabric-message-api-v1/5.1.9+1802ada577/fabric-message-api-v1-5.1.9+1802ada577.jar:/media/addie/DECE-9D82/spartanexteriors/.gradle/loom-cache/remapped_mods/net_fabricmc_yarn_1_20_1_1_20_1_build_10_v2/net/fabricmc/fabric-api/fabric-models-v0/0.4.2+9386d8a777/fabric-models-v0-0.4.2+9386d8a777.jar:/media/addie/DECE-9D82/spartanexteriors/.gradle/loom-cache/remapped_mods/net_fabricmc_yarn_1_20_1_1_20_1_build_10_v2/net/fabricmc/fabric-api/fabric-model-loading-api-v1/1.0.3+1802ada577/fabric-model-loading-api-v1-1.0.3+1802ada577.jar:/media/addie/DECE-9D82/spartanexteriors/.gradle/loom-cache/remapped_mods/net_fabricmc_yarn_1_20_1_1_20_1_build_10_v2/net/fabricmc/fabric-api/fabric-recipe-api-v1/1.0.22+1802ada577/fabric-recipe-api-v1-1.0.22+1802ada577.jar:/media/addie/DECE-9D82/spartanexteriors/.gradle/loom-cache/remapped_mods/net_fabricmc_yarn_1_20_1_1_20_1_build_10_v2/net/fabricmc/fabric-api/fabric-registry-sync-v0/2.3.4+1802ada577/fabric-registry-sync-v0-2.3.4+1802ada577.jar:/media/addie/DECE-9D82/spartanexteriors/.gradle/loom-cache/remapped_mods/net_fabricmc_yarn_1_20_1_1_20_1_build_10_v2/net/fabricmc/fabric-api/fabric-screen-handler-api-v1/1.3.31+1802ada577/fabric-screen-handler-api-v1-1.3.31+1802ada577.jar:/media/addie/DECE-9D82/spartanexteriors/.gradle/loom-cache/remapped_mods/net_fabricmc_yarn_1_20_1_1_20_1_build_10_v2/net/fabricmc/fabric-api/fabric-containers-v0/0.1.65+df3654b377/fabric-containers-v0-0.1.65+df3654b377.jar:/media/addie/DECE-9D82/spartanexteriors/.gradle/loom-cache/remapped_mods/net_fabricmc_yarn_1_20_1_1_20_1_build_10_v2/net/fabricmc/fabric-api/fabric-networking-v0/0.3.52+df3654b377/fabric-networking-v0-0.3.52+df3654b377.jar:/media/addie/DECE-9D82/spartanexteriors/.gradle/loom-cache/remapped_mods/net_fabricmc_yarn_1_20_1_1_20_1_build_10_v2/net/fabricmc/fabric-api/fabric-networking-api-v1/1.3.12+13a40c6677/fabric-networking-api-v1-1.3.12+13a40c6677.jar:/media/addie/DECE-9D82/spartanexteriors/.gradle/loom-cache/remapped_mods/net_fabricmc_yarn_1_20_1_1_20_1_build_10_v2/net/fabricmc/fabric-api/fabric-object-builder-api-v1/11.1.4+1802ada577/fabric-object-builder-api-v1-11.1.4+1802ada577.jar:/media/addie/DECE-9D82/spartanexteriors/.gradle/loom-cache/remapped_mods/net_fabricmc_yarn_1_20_1_1_20_1_build_10_v2/net/fabricmc/fabric-api/fabric-particles-v1/1.1.2+1802ada577/fabric-particles-v1-1.1.2+1802ada577.jar:/media/addie/DECE-9D82/spartanexteriors/.gradle/loom-cache/remapped_mods/net_fabricmc_yarn_1_20_1_1_20_1_build_10_v2/net/fabricmc/fabric-api/fabric-renderer-indigo/1.5.2+85287f9f77/fabric-renderer-indigo-1.5.2+85287f9f77.jar:/media/addie/DECE-9D82/spartanexteriors/.gradle/loom-cache/remapped_mods/net_fabricmc_yarn_1_20_1_1_20_1_build_10_v2/net/fabricmc/fabric-api/fabric-renderer-api-v1/3.2.1+1802ada577/fabric-renderer-api-v1-3.2.1+1802ada577.jar:/media/addie/DECE-9D82/spartanexteriors/.gradle/loom-cache/remapped_mods/net_fabricmc_yarn_1_20_1_1_20_1_build_10_v2/net/fabricmc/fabric-api/fabric-rendering-fluids-v1/3.0.28+1802ada577/fabric-rendering-fluids-v1-3.0.28+1802ada577.jar:/media/addie/DECE-9D82/spartanexteriors/.gradle/loom-cache/remapped_mods/net_fabricmc_yarn_1_20_1_1_20_1_build_10_v2/net/fabricmc/fabric-api/fabric-renderer-registries-v1/3.2.46+df3654b377/fabric-renderer-registries-v1-3.2.46+df3654b377.jar:/media/addie/DECE-9D82/spartanexteriors/.gradle/loom-cache/remapped_mods/net_fabricmc_yarn_1_20_1_1_20_1_build_10_v2/net/fabricmc/fabric-api/fabric-rendering-v0/1.1.49+df3654b377/fabric-rendering-v0-1.1.49+df3654b377.jar:/media/addie/DECE-9D82/spartanexteriors/.gradle/loom-cache/remapped_mods/net_fabricmc_yarn_1_20_1_1_20_1_build_10_v2/net/fabricmc/fabric-api/fabric-rendering-v1/3.0.8+1802ada577/fabric-rendering-v1-3.0.8+1802ada577.jar:/media/addie/DECE-9D82/spartanexteriors/.gradle/loom-cache/remapped_mods/net_fabricmc_yarn_1_20_1_1_20_1_build_10_v2/net/fabricmc/fabric-api/fabric-screen-api-v1/2.0.8+1802ada577/fabric-screen-api-v1-2.0.8+1802ada577.jar:/media/addie/DECE-9D82/spartanexteriors/.gradle/loom-cache/remapped_mods/net_fabricmc_yarn_1_20_1_1_20_1_build_10_v2/net/fabricmc/fabric-api/fabric-api-base/0.4.31+1802ada577/fabric-api-base-0.4.31+1802ada577.jar:/media/addie/DECE-9D82/spartanexteriors/.gradle/loom-cache/remapped_mods/net_fabricmc_yarn_1_20_1_1_20_1_build_10_v2/net/fabricmc/fabric-api/fabric-biome-api-v1/13.0.13+1802ada577/fabric-biome-api-v1-13.0.13+1802ada577.jar:/media/addie/DECE-9D82/spartanexteriors/.gradle/loom-cache/remapped_mods/net_fabricmc_yarn_1_20_1_1_20_1_build_10_v2/net/fabricmc/fabric-api/fabric-block-api-v1/1.0.11+1802ada577/fabric-block-api-v1-1.0.11+1802ada577.jar:/media/addie/DECE-9D82/spartanexteriors/.gradle/loom-cache/remapped_mods/net_fabricmc_yarn_1_20_1_1_20_1_build_10_v2/net/fabricmc/fabric-api/fabric-rendering-data-attachment-v1/0.3.37+92a0d36777/fabric-rendering-data-attachment-v1-0.3.37+92a0d36777.jar:/media/addie/DECE-9D82/spartanexteriors/.gradle/loom-cache/remapped_mods/net_fabricmc_yarn_1_20_1_1_20_1_build_10_v2/net/fabricmc/fabric-api/fabric-block-view-api-v2/1.0.1+1802ada577/fabric-block-view-api-v2-1.0.1+1802ada577.jar:/media/addie/DECE-9D82/spartanexteriors/.gradle/loom-cache/remapped_mods/net_fabricmc_yarn_1_20_1_1_20_1_build_10_v2/net/fabricmc/fabric-api/fabric-crash-report-info-v1/0.2.19+1802ada577/fabric-crash-report-info-v1-0.2.19+1802ada577.jar:/media/addie/DECE-9D82/spartanexteriors/.gradle/loom-cache/remapped_mods/net_fabricmc_yarn_1_20_1_1_20_1_build_10_v2/net/fabricmc/fabric-api/fabric-game-rule-api-v1/1.0.40+1802ada577/fabric-game-rule-api-v1-1.0.40+1802ada577.jar:/media/addie/DECE-9D82/spartanexteriors/.gradle/loom-cache/remapped_mods/net_fabricmc_yarn_1_20_1_1_20_1_build_10_v2/net/fabricmc/fabric-api/fabric-keybindings-v0/0.2.35+df3654b377/fabric-keybindings-v0-0.2.35+df3654b377.jar:/media/addie/DECE-9D82/spartanexteriors/.gradle/loom-cache/remapped_mods/net_fabricmc_yarn_1_20_1_1_20_1_build_10_v2/net/fabricmc/fabric-api/fabric-key-binding-api-v1/1.0.37+1802ada577/fabric-key-binding-api-v1-1.0.37+1802ada577.jar:/media/addie/DECE-9D82/spartanexteriors/.gradle/loom-cache/remapped_mods/net_fabricmc_yarn_1_20_1_1_20_1_build_10_v2/net/fabricmc/fabric-api/fabric-resource-conditions-api-v1/2.3.8+1802ada577/fabric-resource-conditions-api-v1-2.3.8+1802ada577.jar:/media/addie/DECE-9D82/spartanexteriors/.gradle/loom-cache/remapped_mods/net_fabricmc_yarn_1_20_1_1_20_1_build_10_v2/net/fabricmc/fabric-api/fabric-resource-loader-v0/0.11.11+fb82e9d777/fabric-resource-loader-v0-0.11.11+fb82e9d777.jar:/media/addie/DECE-9D82/spartanexteriors/.gradle/loom-cache/remapped_mods/net_fabricmc_yarn_1_20_1_1_20_1_build_10_v2/net/fabricmc/fabric-api/fabric-sound-api-v1/1.0.13+1802ada577/fabric-sound-api-v1-1.0.13+1802ada577.jar:/media/addie/DECE-9D82/spartanexteriors/.gradle/loom-cache/remapped_mods/net_fabricmc_yarn_1_20_1_1_20_1_build_10_v2/net/fabricmc/fabric-api/fabric-transitive-access-wideners-v1/4.3.1+1802ada577/fabric-transitive-access-wideners-v1-4.3.1+1802ada577.jar:/home/addie/.gradle/caches/modules-2/files-2.1/org.jline/jline-reader/3.20.0/8f15415b022a25b473e8e16c28ae913186ffb9c4/jline-reader-3.20.0.jar:/home/addie/.gradle/caches/modules-2/files-2.1/org.jline/jline-terminal/3.20.0/d0ddcc708ddf527a3454c941b7b9225cc83a15ff/jline-terminal-3.20.0.jar
Launcher Type: SUN_STANDARD

[Global flags]
     intx CICompilerCount                          = 3                                         {product} {ergonomic}
     uint ConcGCThreads                            = 1                                         {product} {ergonomic}
     uint G1ConcRefinementThreads                  = 4                                         {product} {ergonomic}
   size_t G1HeapRegionSize                         = 2097152                                   {product} {ergonomic}
    uintx GCDrainStackTargetSize                   = 64                                        {product} {ergonomic}
   size_t InitialHeapSize                          = 262144000                                 {product} {ergonomic}
   size_t MarkStackSize                            = 4194304                                   {product} {ergonomic}
   size_t MaxHeapSize                              = 4177526784                                {product} {ergonomic}
   size_t MaxNewSize                               = 2506096640                                {product} {ergonomic}
   size_t MinHeapDeltaBytes                        = 2097152                                   {product} {ergonomic}
   size_t MinHeapSize                              = 8388608                                   {product} {ergonomic}
    uintx NonNMethodCodeHeapSize                   = 5832780                                {pd product} {ergonomic}
    uintx NonProfiledCodeHeapSize                  = 122912730                              {pd product} {ergonomic}
    uintx ProfiledCodeHeapSize                     = 122912730                              {pd product} {ergonomic}
    uintx ReservedCodeCacheSize                    = 251658240                              {pd product} {ergonomic}
     bool SegmentedCodeCache                       = true                                      {product} {ergonomic}
   size_t SoftMaxHeapSize                          = 4177526784                             {manageable} {ergonomic}
     bool UseCompressedOops                        = true                           {product lp64_product} {ergonomic}
     bool UseG1GC                                  = true                                      {product} {ergonomic}

Logging:
Log output configuration:
 #0: stdout all=warning uptime,level,tags foldmultilines=false
 #1: stderr all=off uptime,level,tags foldmultilines=false

Environment Variables:
JAVA_HOME=/app/extra/idea-IC/jbr
PATH=/app/bin:/usr/bin:/home/addie/.var/app/com.jetbrains.IntelliJ-IDEA-Community/data/node/bin:/home/addie/.var/app/com.jetbrains.IntelliJ-IDEA-Community/data/cargo/bin:/home/addie/.var/app/com.jetbrains.IntelliJ-IDEA-Community/data/python/bin:/home/addie/.var/app/com.jetbrains.IntelliJ-IDEA-Community/data/gem/ruby/3.4.0/bin
USERNAME=addie
XDG_CACHE_HOME=/home/addie/.var/app/com.jetbrains.IntelliJ-IDEA-Community/cache
XDG_CONFIG_HOME=/home/addie/.var/app/com.jetbrains.IntelliJ-IDEA-Community/config
LD_LIBRARY_PATH=
SHELL=/bin/sh
DISPLAY=:1
LANG=en_US.UTF-8

Active Locale:
LC_ALL=en_US.UTF-8
LC_COLLATE=en_US.UTF-8
LC_CTYPE=en_US.UTF-8
LC_MESSAGES=en_US.UTF-8
LC_MONETARY=en_US.UTF-8
LC_NUMERIC=en_US.UTF-8
LC_TIME=en_US.UTF-8

Signal Handlers:
   SIGSEGV: crash_handler in libjvm.so, mask=11100100010111111101111111111110, flags=SA_RESTART|SA_SIGINFO, unblocked
    SIGBUS: crash_handler in libjvm.so, mask=11100100010111111101111111111110, flags=SA_RESTART|SA_SIGINFO, unblocked
    SIGFPE: crash_handler in libjvm.so, mask=11100100010111111101111111111110, flags=SA_RESTART|SA_SIGINFO, unblocked
   SIGPIPE: javaSignalHandler in libjvm.so, mask=11100100010111111101111111111110, flags=SA_RESTART|SA_SIGINFO, blocked
   SIGXFSZ: javaSignalHandler in libjvm.so, mask=11100100010111111101111111111110, flags=SA_RESTART|SA_SIGINFO, blocked
    SIGILL: crash_handler in libjvm.so, mask=11100100010111111101111111111110, flags=SA_RESTART|SA_SIGINFO, unblocked
   SIGUSR2: SR_handler in libjvm.so, mask=00000000000000000000000000000000, flags=SA_RESTART|SA_SIGINFO, blocked
    SIGHUP: UserHandler in libjvm.so, mask=11100100010111111101111111111110, flags=SA_RESTART|SA_SIGINFO, blocked
    SIGINT: UserHandler in libjvm.so, mask=11100100010111111101111111111110, flags=SA_RESTART|SA_SIGINFO, blocked
   SIGTERM: UserHandler in libjvm.so, mask=11100100010111111101111111111110, flags=SA_RESTART|SA_SIGINFO, blocked
   SIGQUIT: UserHandler in libjvm.so, mask=11100100010111111101111111111110, flags=SA_RESTART|SA_SIGINFO, blocked
   SIGTRAP: crash_handler in libjvm.so, mask=11100100010111111101111111111110, flags=SA_RESTART|SA_SIGINFO, unblocked


Periodic native trim disabled

JNI global refs:
JNI global refs: 48, weak refs: 7098

JNI global refs memory usage: 1555, weak refs: 71337

Process memory usage:
Resident Set Size: 612028K (3% of 16315100K total physical memory with 7538252K free physical memory)

OOME stack traces (most recent first):
Classloader memory used:
Loader net.fabricmc.loader.impl.launch.knot.KnotClassLoader                            : 20333K
Loader bootstrap                                                                       : 18406K
Loader jdk.internal.loader.ClassLoaders$AppClassLoader                                 : 7055K
Loader jdk.internal.loader.ClassLoaders$PlatformClassLoader                            : 307K

---------------  S Y S T E M  ---------------

OS:
NAME="Freedesktop SDK"
VERSION="24.08 (Flatpak runtime)"
VERSION_ID=24.08
ID=org.freedesktop.platform
PRETTY_NAME="Freedesktop SDK 24.08 (Flatpak runtime)"
BUG_REPORT_URL=https://gitlab.com/freedesktop-sdk/freedesktop-sdk/issues
uname: Linux 6.12.10-76061203-generic #202412060638~1748542656~22.04~663e4dc SMP PREEMPT_DYNAMIC Thu M x86_64
OS uptime: 0 days 0:07 hours
libc: glibc 2.40 NPTL 2.40 
rlimit (soft/hard): STACK 8192k/infinity , CORE 0k/infinity , NPROC 63338/63338 , NOFILE 1048576/1048576 , AS infinity/infinity , CPU infinity/infinity , DATA infinity/infinity , FSIZE infinity/infinity , MEMLOCK 2039384k/2039384k
load average: 3.54 2.74 1.38

/proc/meminfo:
MemTotal:       16315100 kB
MemFree:         4249348 kB
MemAvailable:    7538252 kB
Buffers:          320992 kB
Cached:          3975396 kB
SwapCached:            0 kB
Active:          9343852 kB
Inactive:        1865420 kB
Active(anon):    7010972 kB
Inactive(anon):        0 kB
Active(file):    2332880 kB
Inactive(file):  1865420 kB
Unevictable:         160 kB
Mlocked:             160 kB
SwapTotal:      20509172 kB
SwapFree:       20509172 kB
Zswap:                 0 kB
Zswapped:              0 kB
Dirty:               500 kB
Writeback:             0 kB
AnonPages:       6913168 kB
Mapped:          1930568 kB
Shmem:             98084 kB
KReclaimable:     186868 kB
Slab:             318336 kB
SReclaimable:     186868 kB
SUnreclaim:       131468 kB
KernelStack:       19840 kB
PageTables:        59204 kB
SecPageTables:         0 kB
NFS_Unstable:          0 kB
Bounce:                0 kB
WritebackTmp:          0 kB
CommitLimit:    28666720 kB
Committed_AS:   13908836 kB
VmallocTotal:   34359738367 kB
VmallocUsed:      274912 kB
VmallocChunk:          0 kB
Percpu:             3264 kB
HardwareCorrupted:     0 kB
AnonHugePages:         0 kB
ShmemHugePages:        0 kB
ShmemPmdMapped:        0 kB
FileHugePages:         0 kB
FilePmdMapped:         0 kB
Unaccepted:            0 kB
HugePages_Total:       0
HugePages_Free:        0
HugePages_Rsvd:        0
HugePages_Surp:        0
Hugepagesize:       2048 kB
Hugetlb:               0 kB
DirectMap4k:      587396 kB
DirectMap2M:     8787968 kB
DirectMap1G:     8388608 kB

/sys/kernel/mm/transparent_hugepage/enabled: <Not Available>
/sys/kernel/mm/transparent_hugepage/hpage_pmd_size: <Not Available>
/sys/kernel/mm/transparent_hugepage/defrag (defrag/compaction efforts parameter): <Not Available>

Process Memory:
Virtual Size: 7680908K (peak: 7739652K)
Resident Set Size: 612156K (peak: 612156K) (anon: 574300K, file: 37856K, shmem: 0K)
Swapped out: 0K
C-Heap outstanding allocations: 176506K, retained: 16893K
glibc malloc tunables: (default)

/proc/sys/kernel/threads-max (system-wide limit on the number of threads): 126676
/proc/sys/vm/max_map_count (maximum number of memory map areas a process may have): 2147483642
/proc/sys/vm/swappiness (control to define how aggressively the kernel swaps out anonymous memory): 180
/proc/sys/kernel/pid_max (system-wide limit on number of process identifiers): 4194304

container information not found.
Steal ticks since vm start: 0
Steal ticks percentage since vm start:  0.000

CPU: total 4 (initial active 4) (4 cores per cpu, 1 threads per core) family 6 model 60 stepping 3 microcode 0x28, cx8, cmov, fxsr, mmx, sse, sse2, sse3, ssse3, sse4.1, sse4.2, popcnt, lzcnt, tsc, tscinvbit, avx, avx2, aes, erms, clmul, bmi1, bmi2, fma, vzeroupper, clflush, rdtscp, f16c
CPU Model and flags from /proc/cpuinfo:
model name	: Intel(R) Core(TM) i5-4670K CPU @ 3.40GHz
flags		: fpu vme de pse tsc msr pae mce cx8 apic sep mtrr pge mca cmov pat pse36 clflush dts acpi mmx fxsr sse sse2 ss ht tm pbe syscall nx pdpe1gb rdtscp lm constant_tsc arch_perfmon pebs bts rep_good nopl xtopology nonstop_tsc cpuid aperfmperf pni pclmulqdq dtes64 monitor ds_cpl vmx est tm2 ssse3 sdbg fma cx16 xtpr pdcm pcid sse4_1 sse4_2 movbe popcnt tsc_deadline_timer aes xsave avx f16c rdrand lahf_lm abm cpuid_fault pti ssbd ibrs ibpb stibp tpr_shadow flexpriority ept vpid ept_ad fsgsbase tsc_adjust bmi1 avx2 smep bmi2 erms invpcid xsaveopt dtherm ida arat pln pts vnmi md_clear flush_l1d

Online cpus: 0-3
Offline cpus: 
BIOS frequency limitation: <Not Available>
Frequency switch latency (ns): 20000
Available cpu frequencies: <Not Available>
Current governor: schedutil
Core performance/turbo boost: <Not Available>

Memory: 4k page, physical 16315100k(7538252k free), swap 20509172k(20509172k free)
Page Sizes: 4k

vm_info: OpenJDK 64-Bit Server VM (21.0.7+9-b895.130) for linux-amd64 JRE (21.0.7+9-b895.130), built on 2025-05-13 by "builduser" with gcc 10.2.1 20210130 (Red Hat 10.2.1-11.1.0.1)

END.
